{
  "type": "FeatureCollection",
  "features": [
    {
      "type": "Feature",
      "geometry": {
        "type": "Polygon",
        "coordinates": [
          [
            [
              117.5,
              21.0
            ],
            [
              121.5,
              21.0
            ],
            [
              124.0,
              23.5
            ],
            [
              124.0,
              29.0
            ],
            [
              117.5,
              29.0
            ],
            [
              117.5,
              21.0
            ]
          ]
        ]
      },
      "properties": {
        "layer": "FIR",
        "code": "Taipei_FIR",
        "name_zh": "臺北 飛航情報區",
        "name_en": "Taipei FIR",
        "floor_m": 18318,
        "ceiling_m": 99999,
        "floor_raw": "FL601",
        "ceiling_raw": "UNL",
        "airspace_class": "E",
        "layer_index": 0,
        "source": "eAIP AIRAC 01-26 ENR 2.1",
        "warnings": [],
        "remarks": ""
      }
    },
    {
      "type": "Feature",
      "geometry": {
        "type": "Polygon",
        "coordinates": [
          [
            [
              117.5,
              21.0
            ],
            [
              121.5,
              21.0
            ],
            [
              124.0,
              23.5
            ],
            [
              124.0,
              29.0
            ],
            [
              117.5,
              29.0
            ],
            [
              117.5,
              21.0
            ]
          ]
        ]
      },
      "properties": {
        "layer": "FIR",
        "code": "Taipei_FIR",
        "name_zh": "臺北 飛航情報區",
        "name_en": "Taipei FIR",
        "floor_m": 6126,
        "ceiling_m": 18288,
        "floor_raw": "FL201",
        "ceiling_raw": "FL600",
        "airspace_class": "A",
        "layer_index": 1,
        "source": "eAIP AIRAC 01-26 ENR 2.1",
        "warnings": [],
        "remarks": ""
      }
    },
    {
      "type": "Feature",
      "geometry": {
        "type": "Polygon",
        "coordinates": [
          [
            [
              117.5,
              21.0
            ],
            [
              121.5,
              21.0
            ],
            [
              124.0,
              23.5
            ],
            [
              124.0,
              29.0
            ],
            [
              117.5,
              29.0
            ],
            [
              117.5,
              21.0
            ]
          ]
        ]
      },
      "properties": {
        "layer": "FIR",
        "code": "Taipei_FIR",
        "name_zh": "臺北 飛航情報區",
        "name_en": "Taipei FIR",
        "floor_m": 365,
        "ceiling_m": 6096,
        "floor_raw": "1200 FT AGL",
        "ceiling_raw": "FL200",
        "airspace_class": "E",
        "layer_index": 2,
        "source": "eAIP AIRAC 01-26 ENR 2.1",
        "warnings": [],
        "remarks": ""
      }
    },
    {
      "type": "Feature",
      "geometry": {
        "type": "Polygon",
        "coordinates": [
          [
            [
              121.50055555555555,
              24.40222222222222
            ],
            [
              121.72555555555556,
              24.419722222222223
            ],
            [
              121.93472222222222,
              24.50638888888889
            ],
            [
              122.07444444444444,
              24.595555555555553
            ],
            [
              122.23222222222222,
              24.71333333333333
            ],
            [
              122.21083333333334,
              24.341388888888886
            ],
            [
              121.91194444444444,
              23.416666666666668
            ],
            [
              121.30499999999999,
              23.416666666666668
            ],
            [
              121.5,
              24.016666666666666
            ],
            [
              121.50055555555555,
              24.40222222222222
            ]
          ]
        ]
      },
      "properties": {
        "layer": "TMA",
        "code": "Hualien_TMA",
        "name_zh": "花蓮 終端管制區域",
        "name_en": "Hualien TMA",
        "floor_m": 365,
        "ceiling_m": 6096,
        "floor_raw": "1200 FT",
        "ceiling_raw": "FL200",
        "airspace_class": "E",
        "layer_index": 0,
        "source": "eAIP AIRAC 01-26 ENR 2.1",
        "warnings": [],
        "remarks": ""
      }
    },
    {
      "type": "Feature",
      "geometry": {
        "type": "Polygon",
        "coordinates": [
          [
            [
              119.86722222222221,
              24.056944444444444
            ],
            [
              120.7761111111111,
              23.836388888888887
            ],
            [
              120.52222222222223,
              23.229166666666664
            ],
            [
              120.54444444444444,
              23.0
            ],
            [
              120.80416666666666,
              22.141666666666666
            ],
            [
              121.38833333333334,
              21.83722222222222
            ],
            [
              121.0275,
              21.734722222222224
            ],
            [
              119.6588888888889,
              21.913055555555555
            ],
            [
              119.70361111111112,
              23.08833333333333
            ],
            [
              119.34833333333333,
              23.455555555555556
            ],
            [
              119.34777777777778,
              23.692777777777778
            ],
            [
              119.585,
              23.90361111111111
            ],
            [
              119.86722222222221,
              24.056944444444444
            ]
          ]
        ]
      },
      "properties": {
        "layer": "TMA",
        "code": "Kaohsiung_TMA",
        "name_zh": "高雄 終端管制區域",
        "name_en": "Kaohsiung TMA",
        "floor_m": 365,
        "ceiling_m": 6096,
        "floor_raw": "1200 FT",
        "ceiling_raw": "FL200",
        "airspace_class": "E",
        "layer_index": 0,
        "source": "eAIP AIRAC 01-26 ENR 2.1",
        "warnings": [],
        "remarks": ""
      }
    },
    {
      "type": "Feature",
      "geometry": {
        "type": "Polygon",
        "coordinates": [
          [
            [
              118.29222222222222,
              24.540833333333335
            ],
            [
              118.36861111111111,
              24.54388888888889
            ],
            [
              118.53944444444444,
              24.489444444444445
            ],
            [
              118.84416666666667,
              24.28222222222222
            ],
            [
              118.6261111111111,
              24.014166666666668
            ],
            [
              118.2388888888889,
              24.10888888888889
            ],
            [
              118.11694444444444,
              24.368333333333332
            ],
            [
              118.29222222222222,
              24.540833333333335
            ]
          ]
        ]
      },
      "properties": {
        "layer": "TMA",
        "code": "Kinmen_TMA",
        "name_zh": "金門 終端管制區域",
        "name_en": "Kinmen TMA",
        "floor_m": 365,
        "ceiling_m": 4876,
        "floor_raw": "1200 FT",
        "ceiling_raw": "FL160",
        "airspace_class": "E",
        "layer_index": 0,
        "source": "eAIP AIRAC 01-26 ENR 2.1",
        "warnings": [],
        "remarks": ""
      }
    },
    {
      "type": "Feature",
      "geometry": {
        "type": "Polygon",
        "coordinates": [
          [
            [
              120.0,
              26.343333333333334
            ],
            [
              120.47500000000001,
              26.24416666666667
            ],
            [
              120.46694444444445,
              26.160833333333333
            ],
            [
              120.37416666666665,
              25.93722222222222
            ],
            [
              120.29861111111111,
              25.841944444444444
            ],
            [
              120.12555555555555,
              25.955555555555556
            ],
            [
              119.92694444444444,
              25.881944444444446
            ],
            [
              119.76527777777778,
              25.984166666666667
            ],
            [
              119.75722222222223,
              26.130555555555556
            ],
            [
              120.0,
              26.343333333333334
            ]
          ]
        ]
      },
      "properties": {
        "layer": "TMA",
        "code": "Matsu_TMA",
        "name_zh": "馬祖 終端管制區域",
        "name_en": "Matsu TMA",
        "floor_m": 365,
        "ceiling_m": 3048,
        "floor_raw": "1200 FT",
        "ceiling_raw": "10000 FT AMSL",
        "airspace_class": "E",
        "layer_index": 0,
        "source": "eAIP AIRAC 01-26 ENR 2.1",
        "warnings": [],
        "remarks": ""
      }
    },
    {
      "type": "Feature",
      "geometry": {
        "type": "Polygon",
        "coordinates": [
          [
            [
              121.57138888888889,
              25.735277777777778
            ],
            [
              121.94333333333334,
              25.725555555555555
            ],
            [
              122.07805555555555,
              25.615555555555556
            ],
            [
              122.20777777777778,
              25.41916666666667
            ],
            [
              122.28972222222222,
              25.10611111111111
            ],
            [
              122.23222222222222,
              24.71333333333333
            ],
            [
              122.07444444444444,
              24.595555555555553
            ],
            [
              121.93472222222222,
              24.50638888888889
            ],
            [
              121.72555555555556,
              24.419722222222223
            ],
            [
              121.50055555555555,
              24.40222222222222
            ],
            [
              121.16861111111112,
              24.499722222222225
            ],
            [
              121.0,
              24.366666666666667
            ],
            [
              120.7761111111111,
              23.836388888888887
            ],
            [
              119.86722222222221,
              24.056944444444444
            ],
            [
              120.41666666666667,
              24.8
            ],
            [
              121.57138888888889,
              25.735277777777778
            ]
          ]
        ]
      },
      "properties": {
        "layer": "TMA",
        "code": "Taipei_TMA",
        "name_zh": "臺北 終端管制區域",
        "name_en": "Taipei TMA",
        "floor_m": 365,
        "ceiling_m": 6096,
        "floor_raw": "1200 FT",
        "ceiling_raw": "FL200",
        "airspace_class": "E",
        "layer_index": 0,
        "source": "eAIP AIRAC 01-26 ENR 2.1",
        "warnings": [],
        "remarks": ""
      }
    },
    {
      "type": "Feature",
      "geometry": {
        "type": "Polygon",
        "coordinates": [
          [
            [
              121.30499999999999,
              23.416666666666668
            ],
            [
              121.91194444444444,
              23.416666666666668
            ],
            [
              121.58527777777778,
              22.398055555555555
            ],
            [
              121.58527777777778,
              21.89361111111111
            ],
            [
              121.38833333333334,
              21.83722222222222
            ],
            [
              120.80416666666666,
              22.141666666666666
            ],
            [
              121.00583333333333,
              22.659166666666664
            ],
            [
              120.95472222222223,
              22.74888888888889
            ],
            [
              120.99277777777777,
              22.844444444444445
            ],
            [
              121.09472222222222,
              22.884999999999998
            ],
            [
              121.30499999999999,
              23.416666666666668
            ]
          ]
        ]
      },
      "properties": {
        "layer": "TMA",
        "code": "Taitung_TMA",
        "name_zh": "臺東 終端管制區域",
        "name_en": "Taitung TMA",
        "floor_m": 365,
        "ceiling_m": 6096,
        "floor_raw": "1200 FT",
        "ceiling_raw": "FL200",
        "airspace_class": "E",
        "layer_index": 0,
        "source": "eAIP AIRAC 01-26 ENR 2.1",
        "warnings": [],
        "remarks": ""
      }
    },
    {
      "type": "Feature",
      "geometry": {
        "type": "Polygon",
        "coordinates": [
          [
            [
              121.39527777777778,
              25.15722222222222
            ],
            [
              121.42059414415,
              25.18555186745737
            ],
            [
              121.4515348453712,
              25.208733273276916
            ],
            [
              121.48731122744495,
              25.225273290645745
            ],
            [
              121.52621105500889,
              25.234379577649772
            ],
            [
              121.56637076706212,
              25.23561576462154
            ],
            [
              121.60586570952069,
              25.228922606451686
            ],
            [
              121.6428034675144,
              25.21462085585687
            ],
            [
              121.67541556117526,
              25.19339571168661
            ],
            [
              121.70214286600765,
              25.166263631227412
            ],
            [
              121.72171048908176,
              25.134523183394087
            ],
            [
              121.73318844309406,
              25.099692409227565
            ],
            [
              121.73603526085068,
              25.06343580431549
            ],
            [
              121.73012262042214,
              25.027484513252265
            ],
            [
              121.715740040036,
              24.993553610685773
            ],
            [
              121.69357968955124,
              24.96326043129508
            ],
            [
              121.66470229935277,
              24.938047807978766
            ],
            [
              121.630485987427,
              24.919115798444718
            ],
            [
              121.59256054391214,
              24.907365046638873
            ],
            [
              121.55273029369471,
              24.903354362554808
            ],
            [
              121.51288909447267,
              24.907274439721977
            ],
            [
              121.4749313183936,
              24.918938892842046
            ],
            [
              121.4406628106497,
              24.937793017634316
            ],
            [
              121.41171581923899,
              24.962939879920953
            ],
            [
              121.38861111111112,
              24.99277777777778
            ],
            [
              121.39246732154312,
              24.999038711403333
            ],
            [
              121.39618253713861,
              25.005363163782825
            ],
            [
              121.39959420761178,
              25.011826643999992
            ],
            [
              121.40269596803772,
              25.018417185069904
            ],
            [
              121.40548202441997,
              25.025122582822164
            ],
            [
              121.40794716473727,
              25.031930418390893
            ],
            [
              121.41008676893748,
              25.038828081114996
            ],
            [
              121.4118968178582,
              25.04580279180739
            ],
            [
              121.41337390105429,
              25.05284162635079
            ],
            [
              121.41451522351582,
              25.059931539577263
            ],
            [
              121.41531861126069,
              25.067059389387797
            ],
            [
              121.41578251578851,
              25.074211961067853
            ],
            [
              121.41590601738466,
              25.081375991754232
            ],
            [
              121.41568882726513,
              25.088538195008177
            ],
            [
              121.41513128855456,
              25.095685285449438
            ],
            [
              121.41423437609316,
              25.10280400340564
            ],
            [
              121.41299969506873,
              25.10988113953123
            ],
            [
              121.41142947847356,
              25.11690355935016
            ],
            [
              121.4095265833876,
              25.12385822767651
            ],
            [
              121.40729448609149,
              25.130732232867373
            ],
            [
              121.40473727601544,
              25.13751281086237
            ],
            [
              121.40185964853248,
              25.1441873689647
            ],
            [
              121.398666896606,
              25.1507435093187
            ],
            [
              121.39527777777778,
              25.15722222222222
            ]
          ]
        ]
      },
      "properties": {
        "layer": "CONTROL",
        "code": "Songshan_Class_C_Airspace",
        "name_zh": "松山",
        "name_en": "Songshan Class C Airspace",
        "floor_m": 0,
        "ceiling_m": 2133,
        "floor_raw": "GND",
        "ceiling_raw": "7000 FT AMSL",
        "airspace_class": "C",
        "layer_index": 0,
        "source": "eAIP AIRAC 01-26 ENR 2.1",
        "warnings": [],
        "remarks": ""
      }
    },
    {
      "type": "Feature",
      "geometry": {
        "type": "Polygon",
        "coordinates": [
          [
            [
              121.23222222222222,
              25.246645768396714
            ],
            [
              121.25025112532758,
              25.245843571285572
            ],
            [
              121.26810569360303,
              25.24344473714621
            ],
            [
              121.28561329857273,
              25.239472461625148
            ],
            [
              121.30260470696018,
              25.23396515179431
            ],
            [
              121.31891573472683,
              25.22697605036273
            ],
            [
              121.33438884942757,
              25.2185727149791
            ],
            [
              121.34887470462597,
              25.208836357952894
            ],
            [
              121.36223359092197,
              25.197861053132744
            ],
            [
              121.37433678913014,
              25.18575281801233
            ],
            [
              121.38506781228779,
              25.17262858036967
            ],
            [
              121.39432352445489,
              25.158615039873684
            ],
            [
              121.40201512566574,
              25.143847436099918
            ],
            [
              121.40806899388697,
              25.128468235276415
            ],
            [
              121.41242737640493,
              25.112625748823312
            ],
            [
              121.41504892468286,
              25.096472697350688
            ],
            [
              121.41590906837614,
              25.080164734234536
            ],
            [
              121.41500022584806,
              25.063858943199794
            ],
            [
              121.41233185017131,
              25.047712324501664
            ],
            [
              121.40793031121319,
              25.03188028431423
            ],
            [
              121.40183861596962,
              25.01651514181245
            ],
            [
              121.39411597081897,
              25.001764668173667
            ],
            [
              121.38483719080232,
              24.987770671335063
            ],
            [
              121.37409196238859,
              24.974667639829406
            ],
            [
              121.36198396744577,
              24.962581458391675
            ],
            [
              121.3486298773053,
              24.951628207291346
            ],
            [
              121.33415822687203,
              24.9419130565079
            ],
            [
              121.31870817969278,
              24.933529264939942
            ],
            [
              121.30242819575075,
              24.926557293830047
            ],
            [
              121.28547461450083,
              24.921064042507652
            ],
            [
              121.2680101662993,
              24.91710221341054
            ],
            [
              121.25020242591367,
              24.91470981215143
            ],
            [
              121.23222222222222,
              24.91390978715884
            ],
            [
              121.21424201853077,
              24.91470981215143
            ],
            [
              121.19643427814515,
              24.91710221341054
            ],
            [
              121.17896982994363,
              24.921064042507652
            ],
            [
              121.1620162486937,
              24.926557293830047
            ],
            [
              121.14573626475166,
              24.933529264939942
            ],
            [
              121.13028621757242,
              24.9419130565079
            ],
            [
              121.11581456713914,
              24.951628207291346
            ],
            [
              121.10246047699869,
              24.962581458391675
            ],
            [
              121.09035248205585,
              24.974667639829406
            ],
            [
              121.07960725364214,
              24.987770671335063
            ],
            [
              121.07032847362548,
              25.001764668173667
            ],
            [
              121.06260582847483,
              25.01651514181245
            ],
            [
              121.05651413323126,
              25.03188028431423
            ],
            [
              121.05211259427314,
              25.047712324501664
            ],
            [
              121.04944421859639,
              25.063858943199794
            ],
            [
              121.04853537606832,
              25.080164734234536
            ],
            [
              121.04939551976159,
              25.096472697350688
            ],
            [
              121.0520170680395,
              25.112625748823312
            ],
            [
              121.05637545055747,
              25.128468235276415
            ],
            [
              121.06242931877871,
              25.143847436099918
            ],
            [
              121.07012091998955,
              25.158615039873684
            ],
            [
              121.07937663215667,
              25.17262858036967
            ],
            [
              121.0901076553143,
              25.18575281801233
            ],
            [
              121.10221085352246,
              25.197861053132744
            ],
            [
              121.11556973981848,
              25.208836357952894
            ],
            [
              121.13005559501688,
              25.2185727149791
            ],
            [
              121.14552870971762,
              25.22697605036273
            ],
            [
              121.16183973748426,
              25.23396515179431
            ],
            [
              121.17883114587171,
              25.239472461625148
            ],
            [
              121.19633875084142,
              25.24344473714621
            ],
            [
              121.21419331911686,
              25.245843571285572
            ],
            [
              121.23222222222222,
              25.246645768396714
            ]
          ]
        ]
      },
      "properties": {
        "layer": "CONTROL",
        "code": "Taipei_Class_C_Airspace",
        "name_zh": "臺北",
        "name_en": "Taipei Class C Airspace",
        "floor_m": 0,
        "ceiling_m": 2133,
        "floor_raw": "GND",
        "ceiling_raw": "7000 FT AMSL",
        "airspace_class": "C",
        "layer_index": 0,
        "source": "eAIP AIRAC 01-26 ENR 2.1",
        "warnings": [],
        "remarks": ""
      }
    },
    {
      "type": "Feature",
      "geometry": {
        "type": "Polygon",
        "coordinates": [
          [
            [
              120.40333333333334,
              23.570902037877698
            ],
            [
              120.41578719326951,
              23.57034076819555
            ],
            [
              120.42812079953316,
              23.568662378794116
            ],
            [
              120.44021506879318,
              23.56588307585938
            ],
            [
              120.45195324665298,
              23.56202969440081
            ],
            [
              120.46322204287935,
              23.557139437148845
            ],
            [
              120.47391273191312,
              23.551259512686194
            ],
            [
              120.4839222076958,
              23.544446676438454
            ],
            [
              120.49315398235409,
              23.536766679114983
            ],
            [
              120.50151911890589,
              23.528293628105914
            ],
            [
              120.50893708887332,
              23.51910926819523
            ],
            [
              120.51533654650615,
              23.50930218873421
            ],
            [
              120.52065601221497,
              23.498966965126765
            ],
            [
              120.52484445878046,
              23.4882032431012
            ],
            [
              120.52786179492544,
              23.47711477477643
            ],
            [
              120.52967924190135,
              23.465808415969917
            ],
            [
              120.53027959983419,
              23.454393094537046
            ],
            [
              120.52965740168472,
              23.44297875977427
            ],
            [
              120.5278189537925,
              23.431675323061313
            ],
            [
              120.52478226307916,
              23.42059159996043
            ],
            [
              120.52057685207444,
              23.409834263934737
            ],
            [
              120.51524346398813,
              23.39950682169501
            ],
            [
              120.50883366107004,
              23.38970861993824
            ],
            [
              120.50140932047698,
              23.38053389290507
            ],
            [
              120.49304203278467,
              23.372070859761994
            ],
            [
              120.48381240914505,
              23.364400880312473
            ],
            [
              120.47380930388474,
              23.357597676964907
            ],
            [
              120.46312896006724,
              23.35172663024041
            ],
            [
              120.45187408619415,
              23.346844154396155
            ],
            [
              120.4401528727978,
              23.34299715897745
            ],
            [
              120.42807795817514,
              23.34022260130051
            ],
            [
              120.41576535293105,
              23.33854713401529
            ],
            [
              120.40333333333334,
              23.33798685101119
            ],
            [
              120.39090131373563,
              23.33854713401529
            ],
            [
              120.37858870849153,
              23.34022260130051
            ],
            [
              120.36651379386889,
              23.34299715897745
            ],
            [
              120.35479258047253,
              23.346844154396155
            ],
            [
              120.34353770659945,
              23.35172663024041
            ],
            [
              120.33285736278195,
              23.357597676964907
            ],
            [
              120.32285425752164,
              23.364400880312473
            ],
            [
              120.313624633882,
              23.372070859761994
            ],
            [
              120.3052573461897,
              23.38053389290507
            ],
            [
              120.29783300559663,
              23.38970861993824
            ],
            [
              120.29142320267856,
              23.39950682169501
            ],
            [
              120.28608981459224,
              23.409834263934737
            ],
            [
              120.28188440358753,
              23.42059159996043
            ],
            [
              120.27884771287418,
              23.431675323061313
            ],
            [
              120.27700926498197,
              23.44297875977427
            ],
            [
              120.2763870668325,
              23.454393094537046
            ],
            [
              120.27698742476534,
              23.465808415969917
            ],
            [
              120.27880487174124,
              23.47711477477643
            ],
            [
              120.28182220788622,
              23.4882032431012
            ],
            [
              120.28601065445172,
              23.498966965126765
            ],
            [
              120.29133012016054,
              23.50930218873421
            ],
            [
              120.29772957779335,
              23.51910926819523
            ],
            [
              120.3051475477608,
              23.528293628105914
            ],
            [
              120.31351268431258,
              23.536766679114983
            ],
            [
              120.32274445897089,
              23.544446676438454
            ],
            [
              120.33275393475355,
              23.551259512686194
            ],
            [
              120.34344462378733,
              23.557139437148845
            ],
            [
              120.3547134200137,
              23.56202969440081
            ],
            [
              120.3664515978735,
              23.56588307585938
            ],
            [
              120.37854586713352,
              23.568662378794116
            ],
            [
              120.39087947339718,
              23.57034076819555
            ],
            [
              120.40333333333334,
              23.570902037877698
            ]
          ]
        ]
      },
      "properties": {
        "layer": "CTR",
        "code": "Chiayi_Class_D_Airspace",
        "name_zh": "嘉義",
        "name_en": "Chiayi Class D Airspace",
        "floor_m": 0,
        "ceiling_m": 914,
        "floor_raw": "GND",
        "ceiling_raw": "3000 FT AMSL",
        "airspace_class": "D",
        "layer_index": 0,
        "source": "eAIP AIRAC 01-26 ENR 2.1",
        "warnings": [],
        "remarks": ""
      }
    },
    {
      "type": "Feature",
      "geometry": {
        "type": "Polygon",
        "coordinates": [
          [
            [
              120.23333333333333,
              22.903055555555554
            ],
            [
              120.25218105362451,
              22.905017949212734
            ],
            [
              120.27108228836342,
              22.905022786353527
            ],
            [
              120.2897725334375,
              22.902429655612963
            ],
            [
              120.30783300506324,
              22.897296663687207
            ],
            [
              120.32485913582472,
              22.889738820471344
            ],
            [
              120.3404696967393,
              22.879925443342284
            ],
            [
              120.35431537791733,
              22.8680763379033
            ],
            [
              120.36608663069721,
              22.854456843697328
            ],
            [
              120.37552059293182,
              22.839371859347164
            ],
            [
              120.38240694214635,
              22.82315898463268
            ],
            [
              120.38659254782965,
              22.806180936632884
            ],
            [
              120.38798482333326,
              22.78881741282046
            ],
            [
              120.38655370886534,
              22.77145658559182
            ],
            [
              120.38233224902184,
              22.75448641995999
            ],
            [
              120.37541576036038,
              22.738286008961126
            ],
            [
              120.36595961593635,
              22.723217119767064
            ],
            [
              120.35417570379651,
              22.70961613769412
            ],
            [
              120.34032764458202,
              22.69778658547732
            ],
            [
              120.32472487913137,
              22.68799238163763
            ],
            [
              120.30771575990805,
              22.68045198486641
            ],
            [
              120.28967979988926,
              22.675333551494024
            ],
            [
              120.27101924901841,
              22.672751210743144
            ],
            [
              120.25215018126939,
              22.67276253806533
            ],
            [
              120.23333333333333,
              22.674722222222222
            ],
            [
              120.23333333333333,
              22.903055555555554
            ]
          ]
        ]
      },
      "properties": {
        "layer": "CTR",
        "code": "Gangshan_Class_D_airspace",
        "name_zh": "岡山",
        "name_en": "Gangshan Class D airspace",
        "floor_m": 0,
        "ceiling_m": 914,
        "floor_raw": "GND",
        "ceiling_raw": "3000 FT AMSL",
        "airspace_class": "D",
        "layer_index": 0,
        "source": "eAIP AIRAC 01-26 ENR 2.1",
        "warnings": [],
        "remarks": ""
      }
    },
    {
      "type": "Feature",
      "geometry": {
        "type": "Polygon",
        "coordinates": [
          [
            [
              120.93333333333334,
              24.93312426009992
            ],
            [
              120.94592130736824,
              24.932562957894696
            ],
            [
              120.95838771173457,
              24.930884472177276
            ],
            [
              120.97061216072255,
              24.928105012844927
            ],
            [
              120.98247662462349,
              24.924251420933015
            ],
            [
              120.99386657807561,
              24.91936090727961
            ],
            [
              121.00467211319972,
              24.91348069034368
            ],
            [
              121.01478900640964,
              24.90666753681424
            ],
            [
              121.02411972830082,
              24.898987209616543
            ],
            [
              121.03257438665526,
              24.89051382883784
            ],
            [
              121.04007159333986,
              24.881329151951007
            ],
            [
              121.0465392467084,
              24.87152178049923
            ],
            [
              121.05191522203258,
              24.86118630111215
            ],
            [
              121.05614796347162,
              24.850422369346123
            ],
            [
              121.05919697213048,
              24.83933374537317
            ],
            [
              121.06103318583823,
              24.828027290980405
            ],
            [
              121.06163924738928,
              24.816611937681298
            ],
            [
              121.06100965911746,
              24.805197635979926
            ],
            [
              121.05915082279992,
              24.793894295968535
            ],
            [
              121.0560809650098,
              24.7828107294781
            ],
            [
              121.05182994913415,
              24.772053603941636
            ],
            [
              121.0464389763428,
              24.76172641797407
            ],
            [
              121.03996017882228,
              24.75192850842282
            ],
            [
              121.03245610956881,
              24.74275409830412
            ],
            [
              121.02399913395989,
              24.73429139461642
            ],
            [
              121.01467072918709,
              24.726621744518475
            ],
            [
              121.00456069843064,
              24.71981885778209
            ],
            [
              120.9937663073814,
              24.713948102784
            ],
            [
              120.9823913513694,
              24.70906588259413
            ],
            [
              120.97054516193217,
              24.705219096955783
            ],
            [
              120.95834156215251,
              24.70244469514326
            ],
            [
              120.94589778051137,
              24.70076932383215
            ],
            [
              120.93333333333334,
              24.700209073233413
            ],
            [
              120.9207688861553,
              24.70076932383215
            ],
            [
              120.90832510451415,
              24.70244469514326
            ],
            [
              120.89612150473451,
              24.705219096955783
            ],
            [
              120.88427531529726,
              24.70906588259413
            ],
            [
              120.87290035928525,
              24.713948102784
            ],
            [
              120.86210596823602,
              24.71981885778209
            ],
            [
              120.85199593747957,
              24.726621744518475
            ],
            [
              120.84266753270678,
              24.73429139461642
            ],
            [
              120.83421055709786,
              24.74275409830412
            ],
            [
              120.82670648784439,
              24.75192850842282
            ],
            [
              120.82022769032388,
              24.76172641797407
            ],
            [
              120.81483671753253,
              24.772053603941636
            ],
            [
              120.81058570165686,
              24.7828107294781
            ],
            [
              120.80751584386674,
              24.793894295968535
            ],
            [
              120.8056570075492,
              24.805197635979926
            ],
            [
              120.80502741927738,
              24.816611937681298
            ],
            [
              120.80563348082845,
              24.828027290980405
            ],
            [
              120.80746969453618,
              24.83933374537317
            ],
            [
              120.81051870319504,
              24.850422369346123
            ],
            [
              120.81475144463408,
              24.86118630111215
            ],
            [
              120.82012741995827,
              24.87152178049923
            ],
            [
              120.82659507332681,
              24.881329151951007
            ],
            [
              120.83409228001142,
              24.89051382883784
            ],
            [
              120.84254693836584,
              24.898987209616543
            ],
            [
              120.85187766025703,
              24.90666753681424
            ],
            [
              120.86199455346696,
              24.91348069034368
            ],
            [
              120.87280008859106,
              24.91936090727961
            ],
            [
              120.88419004204319,
              24.924251420933015
            ],
            [
              120.89605450594412,
              24.928105012844927
            ],
            [
              120.9082789549321,
              24.930884472177276
            ],
            [
              120.92074535929844,
              24.932562957894696
            ],
            [
              120.93333333333334,
              24.93312426009992
            ]
          ]
        ]
      },
      "properties": {
        "layer": "CTR",
        "code": "Hsinchu_Class_D_airspace",
        "name_zh": "新竹",
        "name_en": "Hsinchu Class D airspace",
        "floor_m": 0,
        "ceiling_m": 914,
        "floor_raw": "GND",
        "ceiling_raw": "3000 FT AMSL",
        "airspace_class": "D",
        "layer_index": 0,
        "source": "eAIP AIRAC 01-26 ENR 2.1",
        "warnings": [],
        "remarks": ""
      }
    },
    {
      "type": "Feature",
      "geometry": {
        "type": "Polygon",
        "coordinates": [
          [
            [
              121.61,
              24.13979092676659
            ],
            [
              121.62250865997366,
              24.139229643586734
            ],
            [
              121.63489652846935,
              24.137551214212294
            ],
            [
              121.64704398991836,
              24.13477184636941
            ],
            [
              121.65883376875364,
              24.130918377568314
            ],
            [
              121.67015207000162,
              24.126028013904115
            ],
            [
              121.68088968495448,
              24.120147968058216
            ],
            [
              121.6909430508958,
              24.11333500013061
            ],
            [
              121.7002152543649,
              24.10565486590038
            ],
            [
              121.70861696807214,
              24.09718167802716
            ],
            [
              121.716067312306,
              24.087997186561058
            ],
            [
              121.72249463249803,
              24.078189985913323
            ],
            [
              121.72783718551403,
              24.067854656146906
            ],
            [
              121.73204372821492,
              24.05709084706917
            ],
            [
              121.73507400285922,
              24.046002314141496
            ],
            [
              121.73689911499052,
              24.034695915659192
            ],
            [
              121.73750180055428,
              24.023280580996147
            ],
            [
              121.73687658010478,
              24.01186625995033
            ],
            [
              121.73502979908348,
              24.000562863367435
            ],
            [
              121.73197955426208,
              23.989479205261386
            ],
            [
              121.72775550753558,
              23.978721956592835
            ],
            [
              121.72239858931394,
              23.968394620712687
            ],
            [
              121.7159605947844,
              23.95859654023011
            ],
            [
              121.70850367729413,
              23.94942194472723
            ],
            [
              121.70009974402433,
              23.940959048320313
            ],
            [
              121.6908297599902,
              23.933289205564673
            ],
            [
              121.68078296719713,
              23.92648613362387
            ],
            [
              121.67005602650947,
              23.92061520797842
            ],
            [
              121.65875209044178,
              23.915732838242125
            ],
            [
              121.6469798156575,
              23.91188592989184
            ],
            [
              121.63485232445787,
              23.909111436905878
            ],
            [
              121.62248612496033,
              23.907436009454425
            ],
            [
              121.61,
              23.906875739900077
            ],
            [
              121.59751387503965,
              23.907436009454425
            ],
            [
              121.58514767554212,
              23.909111436905878
            ],
            [
              121.57302018434248,
              23.91188592989184
            ],
            [
              121.5612479095582,
              23.915732838242125
            ],
            [
              121.54994397349051,
              23.92061520797842
            ],
            [
              121.53921703280285,
              23.92648613362387
            ],
            [
              121.52917024000979,
              23.933289205564673
            ],
            [
              121.51990025597566,
              23.940959048320313
            ],
            [
              121.51149632270585,
              23.94942194472723
            ],
            [
              121.50403940521558,
              23.95859654023011
            ],
            [
              121.49760141068604,
              23.968394620712687
            ],
            [
              121.49224449246441,
              23.978721956592835
            ],
            [
              121.4880204457379,
              23.989479205261386
            ],
            [
              121.48497020091651,
              24.000562863367435
            ],
            [
              121.48312341989521,
              24.01186625995033
            ],
            [
              121.4824981994457,
              24.023280580996147
            ],
            [
              121.48310088500946,
              24.034695915659192
            ],
            [
              121.48492599714078,
              24.046002314141496
            ],
            [
              121.48795627178508,
              24.05709084706917
            ],
            [
              121.49216281448597,
              24.067854656146906
            ],
            [
              121.49750536750196,
              24.078189985913323
            ],
            [
              121.50393268769399,
              24.087997186561058
            ],
            [
              121.51138303192785,
              24.09718167802716
            ],
            [
              121.51978474563505,
              24.10565486590038
            ],
            [
              121.52905694910419,
              24.11333500013061
            ],
            [
              121.5391103150455,
              24.120147968058216
            ],
            [
              121.54984792999836,
              24.126028013904115
            ],
            [
              121.56116623124635,
              24.130918377568314
            ],
            [
              121.57295601008163,
              24.13477184636941
            ],
            [
              121.58510347153063,
              24.137551214212294
            ],
            [
              121.59749134002632,
              24.139229643586734
            ],
            [
              121.61,
              24.13979092676659
            ]
          ]
        ]
      },
      "properties": {
        "layer": "CTR",
        "code": "Hualien_Class_D_airspace",
        "name_zh": "花蓮",
        "name_en": "Hualien Class D airspace",
        "floor_m": 0,
        "ceiling_m": 914,
        "floor_raw": "GND",
        "ceiling_raw": "3000 FT AMSL",
        "airspace_class": "D",
        "layer_index": 0,
        "source": "eAIP AIRAC 01-26 ENR 2.1",
        "warnings": [],
        "remarks": ""
      }
    },
    {
      "type": "Feature",
      "geometry": {
        "type": "Polygon",
        "coordinates": [
          [
            [
              120.4738888888889,
              22.6
            ],
            [
              120.4762345687541,
              22.58297172368988
            ],
            [
              120.4758178758034,
              22.565808876584004
            ],
            [
              120.4726738489063,
              22.548889033937442
            ],
            [
              120.46687176206638,
              22.532579708382315
            ],
            [
              120.45853850819856,
              22.51723502488501
            ],
            [
              120.44785577193241,
              22.50318804978189
            ],
            [
              120.4350560301082,
              22.490743585695867
            ],
            [
              120.42041747121496,
              22.480171586085145
            ],
            [
              120.40425794655403,
              22.471701329259083
            ],
            [
              120.38692808481191,
              22.465516475021396
            ],
            [
              120.36880371775773,
              22.46175110804143
            ],
            [
              120.35027777777778,
              22.460486851011186
            ],
            [
              120.33175183779782,
              22.46175110804143
            ],
            [
              120.31362747074363,
              22.465516475021396
            ],
            [
              120.29629760900153,
              22.471701329259083
            ],
            [
              120.28013808434059,
              22.480171586085145
            ],
            [
              120.26549952544734,
              22.490743585695867
            ],
            [
              120.25269978362314,
              22.503188049781894
            ],
            [
              120.242017047357,
              22.517235024885014
            ],
            [
              120.23368379348916,
              22.532579708382315
            ],
            [
              120.22788170664924,
              22.548889033937446
            ],
            [
              120.22473767975215,
              22.565808876584008
            ],
            [
              120.22432098680144,
              22.582971723689884
            ],
            [
              120.22666666666667,
              22.6
            ],
            [
              120.4738888888889,
              22.6
            ]
          ]
        ]
      },
      "properties": {
        "layer": "CTR",
        "code": "Kaohsiung_Class_D_Airspace",
        "name_zh": "高雄",
        "name_en": "Kaohsiung Class D Airspace",
        "floor_m": 0,
        "ceiling_m": 1524,
        "floor_raw": "GND",
        "ceiling_raw": "5000 FT AMSL",
        "airspace_class": "D",
        "layer_index": 0,
        "source": "eAIP AIRAC 01-26 ENR 2.1",
        "warnings": [],
        "remarks": ""
      }
    },
    {
      "type": "Feature",
      "geometry": {
        "type": "Polygon",
        "coordinates": [
          [
            [
              118.45611111111111,
              24.50861111111111
            ],
            [
              118.4673391694576,
              24.49379508138492
            ],
            [
              118.47699372027773,
              24.478231959964486
            ],
            [
              118.48391592831129,
              24.46150733232511
            ],
            [
              118.48794372404761,
              24.444015462393576
            ],
            [
              118.48898341136346,
              24.426168533894558
            ],
            [
              118.48701176480137,
              24.408386921646713
            ],
            [
              118.48207645840186,
              24.391089286011947
            ],
            [
              118.47429482707919,
              24.374682724210864
            ],
            [
              118.46385100051164,
              24.35955320933659
            ],
            [
              118.45099148655396,
              24.34605653969915
            ],
            [
              118.43601931553911,
              24.33451000793712
            ],
            [
              118.41928688791289,
              24.32518498155796
            ],
            [
              118.40118769497957,
              24.31830056470269
            ],
            [
              118.38214710577215,
              24.314018485521093
            ],
            [
              118.36261243195531,
              24.312439325180055
            ],
            [
              118.34304249704728,
              24.31360017382807
            ],
            [
              118.32389694600691,
              24.317473766444618
            ],
            [
              118.30562553630503,
              24.323969118066337
            ],
            [
              118.2886576519604,
              24.332933644062784
            ],
            [
              118.27339227766706,
              24.344156717596555
            ],
            [
              118.26018866109315,
              24.35737458380592
            ],
            [
              118.24935787775493,
              24.372276519247897
            ],
            [
              118.24115549465564,
              24.388512096377656
            ],
            [
              118.235,
              24.405555555555555
            ],
            [
              118.45611111111111,
              24.50861111111111
            ]
          ]
        ]
      },
      "properties": {
        "layer": "CTR",
        "code": "Kinmen_Class_D_Airspace",
        "name_zh": "金門",
        "name_en": "Kinmen Class D Airspace",
        "floor_m": 0,
        "ceiling_m": 914,
        "floor_raw": "GND",
        "ceiling_raw": "3000 FT AMSL",
        "airspace_class": "D",
        "layer_index": 0,
        "source": "eAIP AIRAC 01-26 ENR 2.1",
        "warnings": [],
        "remarks": ""
      }
    },
    {
      "type": "Feature",
      "geometry": {
        "type": "Polygon",
        "coordinates": [
          [
            [
              119.62833333333334,
              23.685068704544367
            ],
            [
              119.64079805372045,
              23.68450743216292
            ],
            [
              119.65314241384155,
              23.68282903476761
            ],
            [
              119.6652472248759,
              23.68004971885241
            ],
            [
              119.67699562913151,
              23.67619631992689
            ],
            [
              119.68827423633721,
              23.671306041394335
            ],
            [
              119.69897422517668,
              23.6654260926571
            ],
            [
              119.7089923990861,
              23.658613230075574
            ],
            [
              119.71823218584682,
              23.65093320537295
            ],
            [
              119.72660457112532,
              23.642460126993154
            ],
            [
              119.73402895683846,
              23.633275740773303
            ],
            [
              119.74043393603888,
              23.623468637076584
            ],
            [
              119.74575797691469,
              23.613133392238648
            ],
            [
              119.74995000946427,
              23.602369652803578
            ],
            [
              119.75296990943085,
              23.591281171558727
            ],
            [
              119.75478887514655,
              23.57997480481713
            ],
            [
              119.75538969403046,
              23.568559480737893
            ],
            [
              119.75476689659747,
              23.55714514871779
            ],
            [
              119.75292679694901,
              23.54584172002978
            ],
            [
              119.74988741982524,
              23.534758009926506
            ],
            [
              119.74567831538631,
              23.52400069137066
            ],
            [
              119.74034026395073,
              23.513673270401103
            ],
            [
              119.73392487393943,
              23.50387509289734
            ],
            [
              119.72649407724998,
              23.49470039216837
            ],
            [
              119.71811952720581,
              23.4862373863707
            ],
            [
              119.70888190508781,
              23.478567434258217
            ],
            [
              119.69887014205048,
              23.47176425719041
            ],
            [
              119.6881805639522,
              23.465893234680316
            ],
            [
              119.67691596728184,
              23.461010780056455
            ],
            [
              119.66518463494006,
              23.457163802050477
            ],
            [
              119.65309930113253,
              23.45438925731104
            ],
            [
              119.64077607504842,
              23.452713797992146
            ],
            [
              119.62833333333334,
              23.452153517677857
            ],
            [
              119.61589059161825,
              23.452713797992146
            ],
            [
              119.60356736553415,
              23.45438925731104
            ],
            [
              119.59148203172661,
              23.457163802050477
            ],
            [
              119.57975069938483,
              23.461010780056455
            ],
            [
              119.56848610271447,
              23.465893234680316
            ],
            [
              119.5577965246162,
              23.47176425719041
            ],
            [
              119.54778476157887,
              23.478567434258217
            ],
            [
              119.53854713946086,
              23.4862373863707
            ],
            [
              119.5301725894167,
              23.49470039216837
            ],
            [
              119.52274179272725,
              23.50387509289734
            ],
            [
              119.51632640271595,
              23.513673270401103
            ],
            [
              119.51098835128036,
              23.52400069137066
            ],
            [
              119.50677924684143,
              23.534758009926506
            ],
            [
              119.50373986971766,
              23.54584172002978
            ],
            [
              119.5018997700692,
              23.55714514871779
            ],
            [
              119.50127697263622,
              23.568559480737893
            ],
            [
              119.50187779152013,
              23.57997480481713
            ],
            [
              119.50369675723583,
              23.591281171558727
            ],
            [
              119.5067166572024,
              23.602369652803578
            ],
            [
              119.51090868975199,
              23.613133392238648
            ],
            [
              119.51623273062779,
              23.623468637076584
            ],
            [
              119.52263770982822,
              23.633275740773303
            ],
            [
              119.53006209554135,
              23.642460126993154
            ],
            [
              119.53843448081986,
              23.65093320537295
            ],
            [
              119.54767426758058,
              23.658613230075574
            ],
            [
              119.55769244149,
              23.6654260926571
            ],
            [
              119.56839243032948,
              23.671306041394335
            ],
            [
              119.57967103753516,
              23.67619631992689
            ],
            [
              119.59141944179078,
              23.68004971885241
            ],
            [
              119.60352425282512,
              23.68282903476761
            ],
            [
              119.61586861294623,
              23.68450743216292
            ],
            [
              119.62833333333334,
              23.685068704544367
            ]
          ]
        ]
      },
      "properties": {
        "layer": "CTR",
        "code": "Magong_Class_D_airspace",
        "name_zh": "馬公",
        "name_en": "Magong Class D airspace",
        "floor_m": 0,
        "ceiling_m": 914,
        "floor_raw": "GND",
        "ceiling_raw": "3000 FT AMSL",
        "airspace_class": "D",
        "layer_index": 0,
        "source": "eAIP AIRAC 01-26 ENR 2.1",
        "warnings": [],
        "remarks": ""
      }
    },
    {
      "type": "Feature",
      "geometry": {
        "type": "Polygon",
        "coordinates": [
          [
            [
              120.0,
              26.343333333333334
            ],
            [
              120.011690104547,
              26.340349776399098
            ],
            [
              120.02324481043215,
              26.33916927710848
            ],
            [
              120.03463510821399,
              26.337066819073822
            ],
            [
              120.04576951557031,
              26.334059290594563
            ],
            [
              120.05655862355468,
              26.330170848472335
            ],
            [
              120.0669158201675,
              26.325432722300963
            ],
            [
              120.07675799050756,
              26.319882961546526
            ],
            [
              120.08600618768786,
              26.313566127534166
            ],
            [
              120.09458626897374,
              26.306532932915033
            ],
            [
              120.10242949192632,
              26.298839831618736
            ],
            [
              120.10947306570314,
              26.29054856270151
            ],
            [
              120.11566065308041,
              26.28172565187277
            ],
            [
              120.12094281920658,
              26.272441874821563
            ],
            [
              120.12527742357634,
              26.262771686765277
            ],
            [
              120.12862995221582,
              26.252792622904877
            ],
            [
              120.13097378759319,
              26.242584674691575
            ],
            [
              120.13229041430476,
              26.23222964698749
            ],
            [
              120.13256955913229,
              26.221810501337856
            ],
            [
              120.1318092646155,
              26.211410690662447
            ],
            [
              120.13001589583006,
              26.20111349072104
            ],
            [
              120.12720408060184,
              26.191001333710428
            ],
            [
              120.12339658391676,
              26.18115514931098
            ],
            [
              120.11862411779997,
              26.17165371841871
            ],
            [
              120.11305555555555,
              26.162499999999998
            ],
            [
              120.06861111111111,
              26.098055555555554
            ],
            [
              120.05921608537155,
              26.086523339826957
            ],
            [
              120.04848201318583,
              26.07599348621591
            ],
            [
              120.03639600060228,
              26.06672150167862
            ],
            [
              120.02313957492217,
              26.05884642009235
            ],
            [
              120.00891168747364,
              26.052486303065155
            ],
            [
              119.99392574030956,
              26.047736482995425
            ],
            [
              119.9784064045646,
              26.04466814538756
            ],
            [
              119.96258627676524,
              26.043327270842774
            ],
            [
              119.94670242139526,
              26.04373395192962
            ],
            [
              119.93099284941815,
              26.04588209473631
            ],
            [
              119.91569298324025,
              26.04973950938322
            ],
            [
              119.90103215876375,
              26.055248388198343
            ],
            [
              119.88723021472623,
              26.062326164698348
            ],
            [
              119.87449421845422,
              26.0708667410421
            ],
            [
              119.86301537547516,
              26.080742066300107
            ],
            [
              119.85296616813939,
              26.091804042779565
            ],
            [
              119.8444977655103,
              26.103886732827554
            ],
            [
              119.83773774329785,
              26.11680883406998
            ],
            [
              119.83278814855812,
              26.13037638699454
            ],
            [
              119.8297239392834,
              26.144385675213595
            ],
            [
              119.82859182390017,
              26.158626275705576
            ],
            [
              119.82940952011886,
              26.172884213883947
            ],
            [
              119.8321654465996,
              26.186945176529747
            ],
            [
              119.83694444444444,
              26.200555555555553
            ],
            [
              120.0,
              26.343333333333334
            ]
          ]
        ]
      },
      "properties": {
        "layer": "CTR",
        "code": "Matsu_Class_D_Airspace",
        "name_zh": "馬祖",
        "name_en": "Matsu Class D Airspace",
        "floor_m": 0,
        "ceiling_m": 914,
        "floor_raw": "GND",
        "ceiling_raw": "3000 FT AMSL",
        "airspace_class": "D",
        "layer_index": 0,
        "source": "eAIP AIRAC 01-26 ENR 2.1",
        "warnings": [],
        "remarks": ""
      }
    },
    {
      "type": "Feature",
      "geometry": {
        "type": "Polygon",
        "coordinates": [
          [
            [
              120.38805555555557,
              22.78888888888889
            ],
            [
              120.40221965210962,
              22.79599434980891
            ],
            [
              120.41706241774665,
              22.801729067935824
            ],
            [
              120.43257661509375,
              22.805676146627647
            ],
            [
              120.44850988183053,
              22.80777136825987
            ],
            [
              120.4646029863764,
              22.807980642016563
            ],
            [
              120.48059407665411,
              22.80630056277123
            ],
            [
              120.49622297311285,
              22.802758466915762
            ],
            [
              120.51123543350096,
              22.797411984194238
            ],
            [
              120.52538731740901,
              22.790348093111916
            ],
            [
              120.53844858049057,
              22.781681695861014
            ],
            [
              120.55020703145564,
              22.771553736775605
            ],
            [
              120.56047178934476,
              22.760128895949972
            ],
            [
              120.56907638411535,
              22.747592896689913
            ],
            [
              120.57588145007625,
              22.734149471791284
            ],
            [
              120.58077696903186,
              22.720017039149504
            ],
            [
              120.58368402798351,
              22.705425141809908
            ],
            [
              120.58455606470312,
              22.690610711205863
            ],
            [
              120.5833795832711,
              22.675814214953167
            ],
            [
              120.58017433058274,
              22.661275752149344
            ],
            [
              120.57499293371518,
              22.647231159659924
            ],
            [
              120.5679200067558,
              22.633908192371848
            ],
            [
              120.55907074408834,
              22.621522838886555
            ],
            [
              120.54858902509557,
              22.61027583165581
            ],
            [
              120.53694444444444,
              22.6
            ],
            [
              120.37805555555555,
              22.6
            ],
            [
              120.37541484273666,
              22.603880800431895
            ],
            [
              120.37193165698957,
              22.606789295455247
            ],
            [
              120.3685680143547,
              22.60981540171809
            ],
            [
              120.3653285768489,
              22.612954932233713
            ],
            [
              120.36221783555172,
              22.61620354278908
            ],
            [
              120.35924010437631,
              22.61955673792445
            ],
            [
              120.35639951407921,
              22.62300987712288
            ],
            [
              120.35370000651754,
              22.626558181201258
            ],
            [
              120.35114532916104,
              22.63019673889424
            ],
            [
              120.34873902986739,
              22.633920513622193
            ],
            [
              120.34648445192785,
              22.637724350433942
            ],
            [
              120.34438472939017,
              22.64160298311501
            ],
            [
              120.34244278266584,
              22.645551041451583
            ],
            [
              120.34066131442763,
              22.649563058640407
            ],
            [
              120.33904280580393,
              22.65363347883452
            ],
            [
              120.33758951287473,
              22.657756664814535
            ],
            [
              120.33630346347522,
              22.66192690577498
            ],
            [
              120.33518645431131,
              22.666138425215102
            ],
            [
              120.33424004839178,
              22.67038538892334
            ],
            [
              120.33346557278068,
              22.674661913044435
            ],
            [
              120.33286411667396,
              22.67896207221827
            ],
            [
              120.33243652980318,
              22.683279907779088
            ],
            [
              120.33218342116898,
              22.687609436003918
            ],
            [
              120.33222222222221,
              22.691944444444445
            ],
            [
              120.33626068240588,
              22.69492264282109
            ],
            [
              120.34035654672162,
              22.697807812639347
            ],
            [
              120.3443215300974,
              22.70084470683504
            ],
            [
              120.34814902866268,
              22.704028274115437
            ],
            [
              120.35183266591099,
              22.70735321886707
            ],
            [
              120.35536630331076,
              22.710814009914657
            ],
            [
              120.3587440505314,
              22.71440488967223
            ],
            [
              120.3619602752676,
              22.7181198836716
            ],
            [
              120.3650096126453,
              22.72195281045281
            ],
            [
              120.3678869741937,
              22.725897291800454
            ],
            [
              120.370587556368,
              22.729946763309254
            ],
            [
              120.37310684860856,
              22.73409448526177
            ],
            [
              120.3754406409226,
              22.73833355380043
            ],
            [
              120.37758503097545,
              22.742656912375757
            ],
            [
              120.3795364306789,
              22.747057363452022
            ],
            [
              120.38129157226543,
              22.751527580451235
            ],
            [
              120.38284751383716,
              22.756060119915876
            ],
            [
              120.38420164438017,
              22.76064743387046
            ],
            [
              120.38535168823422,
              22.76528188236153
            ],
            [
              120.38629570901085,
              22.769955746155592
            ],
            [
              120.38703211295126,
              22.774661239573916
            ],
            [
              120.38755965171843,
              22.779390523443144
            ],
            [
              120.38787742461759,
              22.784135718140178
            ],
            [
              120.38805555555557,
              22.78888888888889
            ]
          ]
        ]
      },
      "properties": {
        "layer": "CTR",
        "code": "Pingtung_Class_D_Airspace",
        "name_zh": "屏東",
        "name_en": "Pingtung Class D Airspace",
        "floor_m": 0,
        "ceiling_m": 914,
        "floor_raw": "GND",
        "ceiling_raw": "3000 FT AMSL",
        "airspace_class": "D",
        "layer_index": 0,
        "source": "eAIP AIRAC 01-26 ENR 2.1",
        "warnings": [],
        "remarks": ""
      }
    },
    {
      "type": "Feature",
      "geometry": {
        "type": "Polygon",
        "coordinates": [
          [
            [
              120.62083333333331,
              24.381457593433257
            ],
            [
              120.63336579376447,
              24.38089630448325
            ],
            [
              120.64577722917632,
              24.37921785802069
            ],
            [
              120.65794779287542,
              24.376438462430183
            ],
            [
              120.66975998297323,
              24.372584956291043
            ],
            [
              120.68109978530572,
              24.367694547136825
            ],
            [
              120.69185778134602,
              24.361814449401137
            ],
            [
              120.70193021005683,
              24.355001425182312
            ],
            [
              120.71121997314306,
              24.347321232426733
            ],
            [
              120.71963757379464,
              24.338847986046723
            ],
            [
              120.72710197974176,
              24.329663438343623
            ],
            [
              120.73354140227086,
              24.31985618589173
            ],
            [
              120.73889398375788,
              24.309520810745635
            ],
            [
              120.74310838725144,
              24.298756964456366
            ],
            [
              120.74614428267132,
              24.287668403914058
            ],
            [
              120.74797272526267,
              24.276361988473138
            ],
            [
              120.7485764230489,
              24.264946648156506
            ],
            [
              120.74794989114787,
              24.253532332976373
            ],
            [
              120.74609949193653,
              24.242228953550015
            ],
            [
              120.74304336116577,
              24.231145323229363
            ],
            [
              120.7388112212195,
              24.22038811190522
            ],
            [
              120.73344408377835,
              24.21006082149216
            ],
            [
              120.72699384517232,
              24.200262792851845
            ],
            [
              120.71952277868544,
              24.191088253575018
            ],
            [
              120.71110292899837,
              24.182625415619125
            ],
            [
              120.7018154148175,
              24.174955631296083
            ],
            [
              120.69174964653612,
              24.168152615527514
            ],
            [
              120.68100246649905,
              24.16228174163931
            ],
            [
              120.66967722009481,
              24.15739941726046
            ],
            [
              120.65788276647561,
              24.153552546128797
            ],
            [
              120.64573243820107,
              24.15077808079584
            ],
            [
              120.63334295951952,
              24.14910267037183
            ],
            [
              120.62083333333331,
              24.148542406566747
            ],
            [
              120.60832370714711,
              24.14910267037183
            ],
            [
              120.59593422846557,
              24.15077808079584
            ],
            [
              120.58378390019102,
              24.153552546128797
            ],
            [
              120.57198944657182,
              24.15739941726046
            ],
            [
              120.56066420016758,
              24.16228174163931
            ],
            [
              120.54991702013051,
              24.168152615527514
            ],
            [
              120.53985125184913,
              24.174955631296083
            ],
            [
              120.53056373766826,
              24.182625415619125
            ],
            [
              120.52214388798119,
              24.191088253575018
            ],
            [
              120.51467282149432,
              24.200262792851845
            ],
            [
              120.50822258288828,
              24.21006082149216
            ],
            [
              120.50285544544711,
              24.22038811190522
            ],
            [
              120.49862330550086,
              24.231145323229363
            ],
            [
              120.4955671747301,
              24.242228953550015
            ],
            [
              120.49371677551876,
              24.253532332976373
            ],
            [
              120.49309024361773,
              24.264946648156506
            ],
            [
              120.49369394140396,
              24.276361988473138
            ],
            [
              120.49552238399531,
              24.287668403914058
            ],
            [
              120.49855827941519,
              24.298756964456366
            ],
            [
              120.50277268290876,
              24.309520810745635
            ],
            [
              120.50812526439577,
              24.31985618589173
            ],
            [
              120.51456468692487,
              24.329663438343623
            ],
            [
              120.52202909287199,
              24.338847986046723
            ],
            [
              120.53044669352357,
              24.347321232426733
            ],
            [
              120.5397364566098,
              24.355001425182312
            ],
            [
              120.54980888532062,
              24.361814449401137
            ],
            [
              120.56056688136091,
              24.367694547136825
            ],
            [
              120.5719066836934,
              24.372584956291043
            ],
            [
              120.58371887379121,
              24.376438462430183
            ],
            [
              120.59588943749031,
              24.37921785802069
            ],
            [
              120.60830087290216,
              24.38089630448325
            ],
            [
              120.62083333333331,
              24.381457593433257
            ]
          ]
        ]
      },
      "properties": {
        "layer": "CTR",
        "code": "Taichung_Class_D_airspace",
        "name_zh": "臺中",
        "name_en": "Taichung Class D airspace",
        "floor_m": 0,
        "ceiling_m": 1066,
        "floor_raw": "GND",
        "ceiling_raw": "3500 FT AMSL",
        "airspace_class": "D",
        "layer_index": 0,
        "source": "eAIP AIRAC 01-26 ENR 2.1",
        "warnings": [],
        "remarks": ""
      }
    },
    {
      "type": "Feature",
      "geometry": {
        "type": "Polygon",
        "coordinates": [
          [
            [
              120.23333333333333,
              22.833888888888886
            ],
            [
              120.21493820357571,
              22.832762454806307
            ],
            [
              120.1965806714366,
              22.83348095497317
            ],
            [
              120.17852959950162,
              22.83664351205376
            ],
            [
              120.16116574871934,
              22.84218342223582
            ],
            [
              120.14485549112787,
              22.849983828169172
            ],
            [
              120.12994312826481,
              22.859880166378495
            ],
            [
              120.11674365903895,
              22.871663615780385
            ],
            [
              120.10553614596246,
              22.88508547696151
            ],
            [
              120.09655781773253,
              22.89986239261975
            ],
            [
              120.08999903251944,
              22.915682301965617
            ],
            [
              120.08599921009964,
              22.932211006281374
            ],
            [
              120.08464382234654,
              22.949099209574616
            ],
            [
              120.08596251079845,
              22.965989887646582
            ],
            [
              120.08992837736663,
              22.982525831192625
            ],
            [
              120.09645847010079,
              22.998357203986654
            ],
            [
              120.10541546074398,
              23.013148955943134
            ],
            [
              120.11661048509842,
              23.026587933004002
            ],
            [
              120.12980709156838,
              23.03838953139763
            ],
            [
              120.14472621827265,
              23.048303752814025
            ],
            [
              120.1610520954822,
              23.056120529302586
            ],
            [
              120.17843894849828,
              23.061674202003445
            ],
            [
              120.19651835707998,
              23.064847055862057
            ],
            [
              120.21490711174206,
              23.06557183285715
            ],
            [
              120.23333333333333,
              23.064444444444444
            ],
            [
              120.23333333333333,
              22.833888888888886
            ]
          ]
        ]
      },
      "properties": {
        "layer": "CTR",
        "code": "Tainan_Class_D_Airspace",
        "name_zh": "臺南",
        "name_en": "Tainan Class D Airspace",
        "floor_m": 0,
        "ceiling_m": 914,
        "floor_raw": "GND",
        "ceiling_raw": "3000 FT AMSL",
        "airspace_class": "D",
        "layer_index": 0,
        "source": "eAIP AIRAC 01-26 ENR 2.1",
        "warnings": [],
        "remarks": ""
      }
    },
    {
      "type": "Feature",
      "geometry": {
        "type": "Polygon",
        "coordinates": [
          [
            [
              121.14666666666668,
              22.64611111111111
            ],
            [
              121.13141361327321,
              22.64182203100403
            ],
            [
              121.1157165835737,
              22.639265988249505
            ],
            [
              121.09979592021638,
              22.638555195806166
            ],
            [
              121.08390503322288,
              22.63970096738142
            ],
            [
              121.06829686223897,
              22.642685065604876
            ],
            [
              121.05321988042135,
              22.64745999014964
            ],
            [
              121.03891416678618,
              22.653949728292677
            ],
            [
              121.02560760735543,
              22.662050956399675
            ],
            [
              121.01351228369751,
              22.671634673877477
            ],
            [
              121.00282110491199,
              22.682548244446416
            ],
            [
              120.993704735764,
              22.6946178132383
            ],
            [
              120.98630886955782,
              22.70765106231585
            ],
            [
              120.98075188947672,
              22.721440261823897
            ],
            [
              120.97712295654665,
              22.73576556920613
            ],
            [
              120.97548055615611,
              22.750398524833447
            ],
            [
              120.97585152824429,
              22.76510568906266
            ],
            [
              120.97823059893074,
              22.779652363242548
            ],
            [
              120.98258042359672,
              22.793806335563076
            ],
            [
              120.98883214334425,
              22.807341591945637
            ],
            [
              120.99688644847885,
              22.820041932428065
            ],
            [
              121.00661513431928,
              22.831704434723584
            ],
            [
              121.01786312638232,
              22.84214270882569
            ],
            [
              121.03045094397568,
              22.851189889673805
            ],
            [
              121.0436111111111,
              22.859722222222224
            ],
            [
              121.13111111111111,
              22.9
            ],
            [
              121.14683489664681,
              22.904854142720854
            ],
            [
              121.1629915525433,
              22.90815690742314
            ],
            [
              121.17947857082376,
              22.909485700604577
            ],
            [
              121.19601272349051,
              22.908817694573646
            ],
            [
              121.21230996660458,
              22.90616436526777
            ],
            [
              121.22809035711613,
              22.901571293591417
            ],
            [
              121.2430828965633,
              22.89511737647414
            ],
            [
              121.25703021540699,
              22.88691346171657
            ],
            [
              121.2696930149308,
              22.877100430934966
            ],
            [
              121.28085418841302,
              22.865846764676753
            ],
            [
              121.29032254955035,
              22.853345632870067
            ],
            [
              121.29793610371236,
              22.839811562020476
            ],
            [
              121.30356480634225,
              22.82547673782772
            ],
            [
              121.30711276247892,
              22.81058700804139
            ],
            [
              121.30851983173051,
              22.795397655308953
            ],
            [
              121.3077626138502,
              22.780169013423485
            ],
            [
              121.30485480112579,
              22.765162002709587
            ],
            [
              121.29984689487192,
              22.750633661279597
            ],
            [
              121.29282529421292,
              22.736832748558516
            ],
            [
              121.28391077587294,
              22.72399549584834
            ],
            [
              121.27325639369354,
              22.712341575834767
            ],
            [
              121.26104483593208,
              22.702070358903846
            ],
            [
              121.24748528694231,
              22.693357519020047
            ],
            [
              121.23305555555555,
              22.685833333333335
            ],
            [
              121.14666666666668,
              22.64611111111111
            ]
          ]
        ]
      },
      "properties": {
        "layer": "CTR",
        "code": "Taitung_Class_D_Airspace",
        "name_zh": "臺東",
        "name_en": "Taitung Class D Airspace",
        "floor_m": 0,
        "ceiling_m": 914,
        "floor_raw": "GND",
        "ceiling_raw": "3000 FT AMSL",
        "airspace_class": "D",
        "layer_index": 0,
        "source": "eAIP AIRAC 01-26 ENR 2.1",
        "warnings": [],
        "remarks": ""
      }
    },
    {
      "type": "Feature",
      "geometry": {
        "type": "Polygon",
        "coordinates": [
          [
            [
              120.23333333333333,
              23.050555555555555
            ],
            [
              120.24500292348449,
              23.05651195102461
            ],
            [
              120.25738679030293,
              23.061035613678573
            ],
            [
              120.2703593951618,
              23.063834381405815
            ],
            [
              120.28363849071792,
              23.064847354769096
            ],
            [
              120.29693512422276,
              23.064052491165494
            ],
            [
              120.30995995919811,
              23.061467087106426
            ],
            [
              120.32242960569039,
              23.057147399775815
            ],
            [
              120.33407281761617,
              23.05118741632745
            ],
            [
              120.34463641892899,
              23.043716798421038
            ],
            [
              120.35389082688194,
              23.034898047868847
            ],
            [
              120.36163505032981,
              23.024922956532254
            ],
            [
              120.3677010535151,
              23.014008419363833
            ],
            [
              120.37195739074531,
              23.002391703375892
            ],
            [
              120.37431203436398,
              22.990325277025494
            ],
            [
              120.37471433697337,
              22.97807131379503
            ],
            [
              120.37315608849156,
              22.965895990438526
            ],
            [
              120.3696716488234,
              22.95406370434667
            ],
            [
              120.36433715721267,
              22.94283133571317
            ],
            [
              120.35726883926449,
              22.932442678681568
            ],
            [
              120.34862045176722,
              22.923123161492388
            ],
            [
              120.3385799234268,
              22.91507496896818
            ],
            [
              120.32736526612904,
              22.908472671646948
            ],
            [
              120.31521984609434,
              22.90345945472222
            ],
            [
              120.3025,
              22.899722222222223
            ],
            [
              120.30009869449157,
              22.89983018102387
            ],
            [
              120.29789041869563,
              22.900459439881836
            ],
            [
              120.29567000302153,
              22.901051370177083
            ],
            [
              120.2934381914605,
              22.90160577353039
            ],
            [
              120.29119573185135,
              22.902122464136905
            ],
            [
              120.28894337562834,
              22.902601268828906
            ],
            [
              120.2866818775675,
              22.903042027134262
            ],
            [
              120.2844119955319,
              22.90344459133065
            ],
            [
              120.28213449021588,
              22.903808826495403
            ],
            [
              120.27985012488821,
              22.904134610551115
            ],
            [
              120.27755966513453,
              22.90442183430683
            ],
            [
              120.27526387859864,
              22.90467040149496
            ],
            [
              120.27296353472346,
              22.90488022880377
            ],
            [
              120.27065940449114,
              22.905051245905526
            ],
            [
              120.2683522601627,
              22.905183395480258
            ],
            [
              120.26604287501715,
              22.90527663323511
            ],
            [
              120.26373202309041,
              22.90533092791931
            ],
            [
              120.26142047891382,
              22.90534626133472
            ],
            [
              120.25910901725254,
              22.905322628341967
            ],
            [
              120.25679841284382,
              22.905260036862224
            ],
            [
              120.2544894401354,
              22.905158507874486
            ],
            [
              120.2521828730239,
              22.905018075408513
            ],
            [
              120.24987948459336,
              22.90483878653332
            ],
            [
              120.2475,
              22.905277777777776
            ],
            [
              120.24708094760229,
              22.905932291810828
            ],
            [
              120.24647028406902,
              22.906190291223233
            ],
            [
              120.24586171879393,
              22.9064524659748
            ],
            [
              120.24525528541557,
              22.906718801579014
            ],
            [
              120.24465101745525,
              22.906989283319383
            ],
            [
              120.24404894831531,
              22.90726389625021
            ],
            [
              120.24344911127704,
              22.90754262519745
            ],
            [
              120.24285153949917,
              22.907825454759525
            ],
            [
              120.24225626601573,
              22.908112369308174
            ],
            [
              120.2416633237345,
              22.908403352989318
            ],
            [
              120.24107274543502,
              22.908698389723916
            ],
            [
              120.24048456376676,
              22.908997463208873
            ],
            [
              120.23989881124753,
              22.90930055691791
            ],
            [
              120.23931552026148,
              22.9096076541025
            ],
            [
              120.23873472305743,
              22.90991873779277
            ],
            [
              120.23815645174702,
              22.91023379079844
            ],
            [
              120.23758073830297,
              22.91055279570977
            ],
            [
              120.23700761455738,
              22.910875734898507
            ],
            [
              120.23643711219985,
              22.911202590518872
            ],
            [
              120.23586926277582,
              22.911533344508538
            ],
            [
              120.23530409768486,
              22.91186797858961
            ],
            [
              120.23474164817884,
              22.912206474269635
            ],
            [
              120.23418194536028,
              22.91254881284263
            ],
            [
              120.23333333333333,
              22.912499999999998
            ],
            [
              120.23333333333333,
              23.050555555555555
            ]
          ]
        ]
      },
      "properties": {
        "layer": "SURFACE",
        "code": "Gueiren_Class_E_Surface_Airspace",
        "name_zh": "歸仁",
        "name_en": "Gueiren Class E Surface Airspace",
        "floor_m": 0,
        "ceiling_m": 762,
        "floor_raw": "GND",
        "ceiling_raw": "2500 FT AMSL",
        "airspace_class": "",
        "layer_index": 0,
        "source": "eAIP AIRAC 01-26 ENR 2.1",
        "warnings": [],
        "remarks": ""
      }
    },
    {
      "type": "Feature",
      "geometry": {
        "type": "Polygon",
        "coordinates": [
          [
            [
              120.71527777777779,
              21.958333333333332
            ],
            [
              120.6954886476429,
              21.9641575902989
            ],
            [
              120.67746275116738,
              21.97358874283236
            ],
            [
              120.66224484590862,
              21.98659881772805
            ],
            [
              120.65064499004158,
              22.00249602073231
            ],
            [
              120.64328147052167,
              22.020434785475523
            ],
            [
              120.64054773958698,
              22.039460621085894
            ],
            [
              120.64259117196495,
              22.058560806839456
            ],
            [
              120.64930483501458,
              22.076718260889006
            ],
            [
              120.66033279022164,
              22.0929657257652
            ],
            [
              120.67508872634049,
              22.106437378718027
            ],
            [
              120.6927869995277,
              22.116415095634906
            ],
            [
              120.71248446560682,
              22.122366870327916
            ],
            [
              120.73313087705208,
              22.123975304433383
            ],
            [
              120.75362512308836,
              22.121154615984203
            ],
            [
              120.77287425006023,
              22.114055237701162
            ],
            [
              120.78985203568584,
              22.103055753545355
            ],
            [
              120.80365391710305,
              22.088742614393535
            ],
            [
              120.81354528677467,
              22.071878740047758
            ],
            [
              120.81900055654476,
              22.053362716313398
            ],
            [
              120.81973092063498,
              22.034180798478857
            ],
            [
              120.81569938648465,
              22.015354309116873
            ],
            [
              120.80712234637132,
              21.99788525010689
            ],
            [
              120.79445768983192,
              21.98270302668041
            ],
            [
              120.7786111111111,
              21.970277777777778
            ],
            [
              120.7763562387412,
              21.972575112524
            ],
            [
              120.77397776354216,
              21.9747511119269
            ],
            [
              120.77139126636659,
              21.976712469681832
            ],
            [
              120.76861917900692,
              21.978442169438352
            ],
            [
              120.76568554614279,
              21.979925204080054
            ],
            [
              120.76261581658355,
              21.981148706155
            ],
            [
              120.75943662221879,
              21.982102059724976
            ],
            [
              120.75617554660711,
              21.982776992654173
            ],
            [
              120.75286088522661,
              21.98316764852892
            ],
            [
              120.74952139948513,
              21.983270637578087
            ],
            [
              120.74618606664629,
              21.983085066147808
            ],
            [
              120.7428838278625,
              21.9826125444722
            ],
            [
              120.73964333652498,
              21.98185717267174
            ],
            [
              120.73649270913647,
              21.98082550510231
            ],
            [
              120.73345928089051,
              21.97952649336727
            ],
            [
              120.7305693680984,
              21.977971408492206
            ],
            [
              120.72784803954222,
              21.976173742944262
            ],
            [
              120.725318898753,
              21.974149093354296
            ],
            [
              120.72300387911346,
              21.971915024968666
            ],
            [
              120.72092305357025,
              21.969490919016696
            ],
            [
              120.71909446060882,
              21.96689780432849
            ],
            [
              120.71753394799927,
              21.964158174674516
            ],
            [
              120.7162550356617,
              21.96129579342172
            ],
            [
              120.71527777777779,
              21.958333333333332
            ]
          ]
        ]
      },
      "properties": {
        "layer": "SURFACE",
        "code": "Hengchun_Class_E_surface_airspace",
        "name_zh": "恆春",
        "name_en": "Hengchun Class E surface airspace",
        "floor_m": 0,
        "ceiling_m": 762,
        "floor_raw": "GND",
        "ceiling_raw": "2500 FT AMSL",
        "airspace_class": "",
        "layer_index": 0,
        "source": "eAIP AIRAC 01-26 ENR 2.1",
        "warnings": [],
        "remarks": ""
      }
    },
    {
      "type": "Feature",
      "geometry": {
        "type": "Polygon",
        "coordinates": [
          [
            [
              121.53472222222221,
              22.110961773087247
            ],
            [
              121.543522883828,
              22.110560984278294
            ],
            [
              121.55223864159935,
              22.10936248446232
            ],
            [
              121.56078541511248,
              22.107377835971544
            ],
            [
              121.56908076261213,
              22.10462618472956
            ],
            [
              121.57704468005088,
              22.101134074602175
            ],
            [
              121.58460037601773,
              22.096935190066024
            ],
            [
              121.591675014921,
              22.09207002973952
            ],
            [
              121.59820042112773,
              22.086585514000674
            ],
            [
              121.60411373717488,
              22.080534530562197
            ],
            [
              121.60935802965152,
              22.07397542247955
            ],
            [
              121.61388283689739,
              22.066971423625393
            ],
            [
              121.61764465326897,
              22.059590047169674
            ],
            [
              121.62060734537678,
              22.051902433052582
            ],
            [
              121.62274249639334,
              22.043982660824565
            ],
            [
              121.62402967525962,
              22.03590703454933
            ],
            [
              121.6244566283707,
              22.027753346720342
            ],
            [
              121.6240193920918,
              22.019600128326342
            ],
            [
              121.62272232523247,
              22.011525892316037
            ],
            [
              121.62057806138627,
              22.0036083777561
            ],
            [
              121.61760738181228,
              21.995923801949772
            ],
            [
              121.61383901029151,
              21.988546127687464
            ],
            [
              121.6093093321245,
              21.981546352636677
            ],
            [
              121.60406204014237,
              21.974991827649415
            ],
            [
              121.59814771127607,
              21.968945610472865
            ],
            [
              121.59162331786025,
              21.963465860997818
            ],
            [
              121.58455167843854,
              21.95860528377203
            ],
            [
              121.57700085337689,
              21.95441062304722
            ],
            [
              121.56904349108171,
              21.950922215122652
            ],
            [
              121.56075613105385,
              21.948173602200843
            ],
            [
              121.55221847038632,
              21.94619121138612
            ],
            [
              121.54351260063197,
              21.94499410184041
            ],
            [
              121.53472222222221,
              21.94459378246831
            ],
            [
              121.52593184381247,
              21.94499410184041
            ],
            [
              121.51722597405812,
              21.94619121138612
            ],
            [
              121.50868831339059,
              21.948173602200843
            ],
            [
              121.50040095336271,
              21.950922215122652
            ],
            [
              121.49244359106756,
              21.95441062304722
            ],
            [
              121.48489276600588,
              21.95860528377203
            ],
            [
              121.47782112658417,
              21.963465860997818
            ],
            [
              121.47129673316837,
              21.968945610472865
            ],
            [
              121.46538240430208,
              21.974991827649415
            ],
            [
              121.46013511231995,
              21.981546352636677
            ],
            [
              121.45560543415291,
              21.988546127687464
            ],
            [
              121.45183706263217,
              21.995923801949772
            ],
            [
              121.44886638305816,
              22.0036083777561
            ],
            [
              121.44672211921197,
              22.011525892316037
            ],
            [
              121.44542505235265,
              22.019600128326342
            ],
            [
              121.44498781607375,
              22.027753346720342
            ],
            [
              121.44541476918482,
              22.03590703454933
            ],
            [
              121.4467019480511,
              22.043982660824565
            ],
            [
              121.44883709906765,
              22.051902433052582
            ],
            [
              121.45179979117546,
              22.059590047169674
            ],
            [
              121.45556160754704,
              22.066971423625393
            ],
            [
              121.46008641479291,
              22.07397542247955
            ],
            [
              121.46533070726954,
              22.080534530562197
            ],
            [
              121.4712440233167,
              22.086585514000674
            ],
            [
              121.47776942952343,
              22.09207002973952
            ],
            [
              121.4848440684267,
              22.096935190066024
            ],
            [
              121.49239976439357,
              22.101134074602175
            ],
            [
              121.50036368183231,
              22.10462618472956
            ],
            [
              121.50865902933195,
              22.107377835971544
            ],
            [
              121.5172058028451,
              22.10936248446232
            ],
            [
              121.52592156061642,
              22.110560984278294
            ],
            [
              121.53472222222221,
              22.110961773087247
            ]
          ]
        ]
      },
      "properties": {
        "layer": "SURFACE",
        "code": "Lanyu_Class_E_Surface_Airspace",
        "name_zh": "蘭嶼",
        "name_en": "Lanyu Class E Surface Airspace",
        "floor_m": 0,
        "ceiling_m": 762,
        "floor_raw": "GND",
        "ceiling_raw": "2500 FT AMSL",
        "airspace_class": "",
        "layer_index": 0,
        "source": "eAIP AIRAC 01-26 ENR 2.1",
        "warnings": [],
        "remarks": ""
      }
    },
    {
      "type": "Feature",
      "geometry": {
        "type": "Polygon",
        "coordinates": [
          [
            [
              121.28666666666666,
              24.920555555555556
            ],
            [
              121.30120094842204,
              24.908959187769813
            ],
            [
              121.31295433266817,
              24.89504970287648
            ],
            [
              121.32123180355963,
              24.879214891591946
            ],
            [
              121.3256670443598,
              24.862158173267808
            ],
            [
              121.32606471666595,
              24.844636948644148
            ],
            [
              121.3224088629567,
              24.827428923094107
            ],
            [
              121.31486331753203,
              24.811297583618444
            ],
            [
              121.3037641598381,
              24.79695836250723
            ],
            [
              121.28960459311655,
              24.785046980382276
            ],
            [
              121.27301295495705,
              24.77609135654407
            ],
            [
              121.25472485258106,
              24.77048831119559
            ],
            [
              121.23555065510583,
              24.768486070284247
            ],
            [
              121.21633976068605,
              24.7701733290418
            ],
            [
              121.19794318353078,
              24.775475345588873
            ],
            [
              121.18117607140415,
              24.784157232736064
            ],
            [
              121.16678176692557,
              24.795834306310148
            ],
            [
              121.15539896572675,
              24.809989044064082
            ],
            [
              121.14753340260096,
              24.825993922469635
            ],
            [
              121.14353531598886,
              24.843139141019808
            ],
            [
              121.14358370609392,
              24.860664025941233
            ],
            [
              121.14767811935003,
              24.87779073719831
            ],
            [
              121.15563837109381,
              24.893758792594024
            ],
            [
              121.1671122709768,
              24.90785887685906
            ],
            [
              121.18138888888889,
              24.919722222222223
            ],
            [
              121.18586339864126,
              24.919302582491298
            ],
            [
              121.19016219285449,
              24.91833578188451
            ],
            [
              121.19448540740844,
              24.917463257121536
            ],
            [
              121.19883053175253,
              24.916685514795756
            ],
            [
              121.20319504276628,
              24.91600300646031
            ],
            [
              121.2075764062076,
              24.91541612836903
            ],
            [
              121.21197207816732,
              24.9149252212491
            ],
            [
              121.21637950652888,
              24.914530570105594
            ],
            [
              121.22079613243261,
              24.914232404057994
            ],
            [
              121.22521939174356,
              24.91403089620874
            ],
            [
              121.22964671652227,
              24.91392616354397
            ],
            [
              121.23407553649764,
              24.913918266866403
            ],
            [
              121.23850328054111,
              24.914007210760456
            ],
            [
              121.24292737814108,
              24.914192943589633
            ],
            [
              121.24734526087737,
              24.914475357526126
            ],
            [
              121.25175436389414,
              24.914854288612677
            ],
            [
              121.25615212737124,
              24.915329516856605
            ],
            [
              121.2605359979924,
              24.915900766356025
            ],
            [
              121.26490343041036,
              24.91656770545808
            ],
            [
              121.26925188870716,
              24.917329946949216
            ],
            [
              121.27357884784966,
              24.918187048277343
            ],
            [
              121.27788179513888,
              24.919138511805702
            ],
            [
              121.2821582316527,
              24.920183785098438
            ],
            [
              121.28666666666666,
              24.920555555555556
            ]
          ]
        ]
      },
      "properties": {
        "layer": "SURFACE",
        "code": "Longtan_Class_E_Surface_Airspace",
        "name_zh": "龍潭",
        "name_en": "Longtan Class E Surface Airspace",
        "floor_m": 0,
        "ceiling_m": 762,
        "floor_raw": "GND",
        "ceiling_raw": "2500 FT AMSL",
        "airspace_class": "",
        "layer_index": 0,
        "source": "eAIP AIRAC 01-26 ENR 2.1",
        "warnings": [],
        "remarks": ""
      }
    },
    {
      "type": "Feature",
      "geometry": {
        "type": "Polygon",
        "coordinates": [
          [
            [
              121.46611111111112,
              22.756517328642808
            ],
            [
              121.47495280594366,
              22.756116532183174
            ],
            [
              121.48370919622074,
              22.754918009709698
            ],
            [
              121.49229580487082,
              22.75293332442683
            ],
            [
              121.50062980158985,
              22.750181623674486
            ],
            [
              121.508630805812,
              22.746689453224196
            ],
            [
              121.51622166543035,
              22.742490499874304
            ],
            [
              121.5233292035892,
              22.73762526489137
            ],
            [
              121.52988492621067,
              22.732140671525944
            ],
            [
              121.5358256833343,
              22.726089610477008
            ],
            [
              121.54109427783577,
              22.719530427785013
            ],
            [
              121.54564001564346,
              22.71252636019148
            ],
            [
              121.54941919217895,
              22.70514492350869
            ],
            [
              121.55239551040806,
              22.69745725999112
            ],
            [
              121.55454042658778,
              22.689537451086547
            ],
            [
              121.55583342052854,
              22.68146180226633
            ],
            [
              121.55626218794887,
              22.673308106887973
            ],
            [
              121.55582275327447,
              22.66515489622771
            ],
            [
              121.55451950201453,
              22.657080682934446
            ],
            [
              121.55236513263212,
              22.6491632051995
            ],
            [
              121.54938052859711,
              22.641478678909166
            ],
            [
              121.54559455207107,
              22.634101064949906
            ],
            [
              121.54104376140833,
              22.627101358671627
            ],
            [
              121.53577205536666,
              22.620546908284194
            ],
            [
              121.5298302475939,
              22.61450076866963
            ],
            [
              121.52327557559185,
              22.60902109674053
            ],
            [
              121.51617114894798,
              22.604160594067736
            ],
            [
              121.50858534216779,
              22.59996600204145
            ],
            [
              121.50059113793027,
              22.596477654324538
            ],
            [
              121.49226542702306,
              22.593729090809283
            ],
            [
              121.48368827159253,
              22.591746736704394
            ],
            [
              121.47494213865984,
              22.590549649763446
            ],
            [
              121.46611111111112,
              22.59014933802387
            ],
            [
              121.4572800835624,
              22.590549649763446
            ],
            [
              121.44853395062971,
              22.591746736704394
            ],
            [
              121.43995679519918,
              22.593729090809283
            ],
            [
              121.43163108429196,
              22.596477654324538
            ],
            [
              121.42363688005445,
              22.59996600204145
            ],
            [
              121.41605107327426,
              22.604160594067736
            ],
            [
              121.40894664663038,
              22.60902109674053
            ],
            [
              121.40239197462833,
              22.61450076866963
            ],
            [
              121.39645016685557,
              22.620546908284194
            ],
            [
              121.3911784608139,
              22.627101358671627
            ],
            [
              121.38662767015117,
              22.634101064949906
            ],
            [
              121.38284169362512,
              22.641478678909166
            ],
            [
              121.37985708959012,
              22.6491632051995
            ],
            [
              121.37770272020771,
              22.657080682934446
            ],
            [
              121.37639946894777,
              22.66515489622771
            ],
            [
              121.37596003427336,
              22.673308106887973
            ],
            [
              121.3763888016937,
              22.68146180226633
            ],
            [
              121.37768179563446,
              22.689537451086547
            ],
            [
              121.37982671181418,
              22.69745725999112
            ],
            [
              121.38280303004329,
              22.70514492350869
            ],
            [
              121.38658220657878,
              22.71252636019148
            ],
            [
              121.39112794438647,
              22.719530427785013
            ],
            [
              121.39639653888796,
              22.726089610477008
            ],
            [
              121.40233729601157,
              22.732140671525944
            ],
            [
              121.40889301863304,
              22.73762526489137
            ],
            [
              121.41600055679189,
              22.742490499874304
            ],
            [
              121.42359141641023,
              22.746689453224196
            ],
            [
              121.43159242063238,
              22.750181623674486
            ],
            [
              121.43992641735142,
              22.75293332442683
            ],
            [
              121.44851302600149,
              22.754918009709698
            ],
            [
              121.45726941627858,
              22.756116532183174
            ],
            [
              121.46611111111112,
              22.756517328642808
            ]
          ]
        ]
      },
      "properties": {
        "layer": "SURFACE",
        "code": "Ludao_Class_E_Surface_Airspace",
        "name_zh": "綠島",
        "name_en": "Ludao Class E Surface Airspace",
        "floor_m": 0,
        "ceiling_m": 762,
        "floor_raw": "GND",
        "ceiling_raw": "2500 FT AMSL",
        "airspace_class": "",
        "layer_index": 0,
        "source": "eAIP AIRAC 01-26 ENR 2.1",
        "warnings": [],
        "remarks": ""
      }
    },
    {
      "type": "Feature",
      "geometry": {
        "type": "Polygon",
        "coordinates": [
          [
            [
              120.74638888888889,
              24.285833333333336
            ],
            [
              120.76142447232448,
              24.29770587872638
            ],
            [
              120.77860784816214,
              24.30672678393769
            ],
            [
              120.79752527446249,
              24.312150142659707
            ],
            [
              120.81728228874545,
              24.31371947791769
            ],
            [
              120.83694449809124,
              24.31136056793758
            ],
            [
              120.85558201911628,
              24.30518497643035
            ],
            [
              120.87231369860977,
              24.295484746370967
            ],
            [
              120.88634896600779,
              24.282718515295375
            ],
            [
              120.89702529360365,
              24.26748972622432
            ],
            [
              120.90383946983775,
              24.25051798900869
            ],
            [
              120.90647121005551,
              24.232604972782465
            ],
            [
              120.90479801752045,
              24.214596465475882
            ],
            [
              120.89890064183338,
              24.1973424095326
            ],
            [
              120.88905893778727,
              24.181656807426222
            ],
            [
              120.87573838144111,
              24.16827938440842
            ],
            [
              120.85956793045713,
              24.157840801734746
            ],
            [
              120.84131030434985,
              24.150833037910754
            ],
            [
              120.82182609267774,
              24.147586308023232
            ],
            [
              120.80203336437386,
              24.148253584245435
            ],
            [
              120.78286464159223,
              24.152803428277004
            ],
            [
              120.76522321164015,
              24.161021464224238
            ],
            [
              120.74994077810241,
              24.172520424446304
            ],
            [
              120.73773839649536,
              24.186758307726528
            ],
            [
              120.72916666666667,
              24.203055555555554
            ],
            [
              120.73107458366839,
              24.206203191893422
            ],
            [
              120.73301142802411,
              24.209330266916417
            ],
            [
              120.73484171942555,
              24.21251030543103
            ],
            [
              120.73656371126894,
              24.215740286748748
            ],
            [
              120.73817575944328,
              24.219017142510282
            ],
            [
              120.7396763239179,
              24.22233775958984
            ],
            [
              120.74106397023263,
              24.225698983042655
            ],
            [
              120.74233737088967,
              24.229097619093036
            ],
            [
              120.74349530664514,
              24.23253043816017
            ],
            [
              120.74453666769936,
              24.23599417791874
            ],
            [
              120.74546045478446,
              24.239485546391652
            ],
            [
              120.74626578014816,
              24.243001225071826
            ],
            [
              120.74695186843262,
              24.246537872070174
            ],
            [
              120.74751805744754,
              24.250092125286844
            ],
            [
              120.7479637988366,
              24.253660605602636
            ],
            [
              120.74828865863628,
              24.257239920087684
            ],
            [
              120.74849231772669,
              24.260826665224336
            ],
            [
              120.74857457217355,
              24.26441743014115
            ],
            [
              120.748535333461,
              24.26800879985499
            ],
            [
              120.74837462861501,
              24.271597358518143
            ],
            [
              120.74809260021671,
              24.27517969266732
            ],
            [
              120.7476895063059,
              24.27875239447151
            ],
            [
              120.74716572017454,
              24.28231206497561
            ],
            [
              120.74638888888889,
              24.285833333333336
            ]
          ]
        ]
      },
      "properties": {
        "layer": "SURFACE",
        "code": "Sinshe_Class_E_Surface_Airspace",
        "name_zh": "新社",
        "name_en": "Sinshe Class E Surface Airspace",
        "floor_m": 0,
        "ceiling_m": 914,
        "floor_raw": "GND",
        "ceiling_raw": "3000 FT AMSL",
        "airspace_class": "",
        "layer_index": 0,
        "source": "eAIP AIRAC 01-26 ENR 2.1",
        "warnings": [],
        "remarks": ""
      }
    },
    {
      "type": "Feature",
      "geometry": {
        "type": "Polygon",
        "coordinates": [
          [
            [
              116.71666666666667,
              20.866367990618937
            ],
            [
              116.73411804260118,
              20.865566003209633
            ],
            [
              116.75140079969351,
              20.86316779008746
            ],
            [
              116.76834796443687,
              20.859196522947254
            ],
            [
              116.78479583730768,
              20.853690569973367
            ],
            [
              116.80058558823242,
              20.846703121556928
            ],
            [
              116.81556480276694,
              20.838301671623103
            ],
            [
              116.82958896345134,
              20.828567359817054
            ],
            [
              116.84252285155105,
              20.817594181191268
            ],
            [
              116.85424185530205,
              20.805488071355015
            ],
            [
              116.8646331718369,
              20.792365876273664
            ],
            [
              116.87359689115608,
              20.77835421702907
            ],
            [
              116.88104695181208,
              20.763588260860967
            ],
            [
              116.88691195936912,
              20.748210410693563
            ],
            [
              116.89113586017322,
              20.73236892610409
            ],
            [
              116.89367846449127,
              20.71621648930476
            ],
            [
              116.89451581463791,
              20.699908730182578
            ],
            [
              116.89364039528407,
              20.68360272477075
            ],
            [
              116.89106118471408,
              20.667455481709915
            ],
            [
              116.88680354735149,
              20.65162243129904
            ],
            [
              116.8809089693934,
              20.63625593163617
            ],
            [
              116.87343464086314,
              20.621503806112795
            ],
            [
              116.86445288880186,
              20.607507926156984
            ],
            [
              116.85405046765833,
              20.594402852625844
            ],
            [
              116.8423277141954,
              20.582314548634066
            ],
            [
              116.82939757540292,
              20.571359175879948
            ],
            [
              116.81538451898412,
              20.561641985701552
            ],
            [
              116.80042333696245,
              20.553256315172405
            ],
            [
              116.78465785383143,
              20.546282697537407
            ],
            [
              116.76823955144218,
              20.540788095204768
            ],
            [
              116.75132612348655,
              20.536825262359056
            ],
            [
              116.73407997298926,
              20.534432243052823
            ],
            [
              116.71666666666667,
              20.533632009381066
            ],
            [
              116.69925336034406,
              20.534432243052823
            ],
            [
              116.68200720984677,
              20.536825262359056
            ],
            [
              116.66509378189116,
              20.540788095204768
            ],
            [
              116.6486754795019,
              20.546282697537407
            ],
            [
              116.63290999637088,
              20.553256315172405
            ],
            [
              116.61794881434922,
              20.561641985701552
            ],
            [
              116.60393575793042,
              20.571359175879948
            ],
            [
              116.59100561913792,
              20.582314548634066
            ],
            [
              116.57928286567501,
              20.594402852625844
            ],
            [
              116.56888044453147,
              20.607507926156984
            ],
            [
              116.5598986924702,
              20.621503806112795
            ],
            [
              116.55242436393992,
              20.63625593163617
            ],
            [
              116.54652978598185,
              20.65162243129904
            ],
            [
              116.54227214861926,
              20.667455481709915
            ],
            [
              116.53969293804927,
              20.68360272477075
            ],
            [
              116.53881751869542,
              20.699908730182578
            ],
            [
              116.53965486884205,
              20.71621648930476
            ],
            [
              116.54219747316012,
              20.73236892610409
            ],
            [
              116.54642137396422,
              20.748210410693563
            ],
            [
              116.55228638152126,
              20.763588260860967
            ],
            [
              116.55973644217725,
              20.77835421702907
            ],
            [
              116.56870016149642,
              20.792365876273664
            ],
            [
              116.57909147803129,
              20.805488071355015
            ],
            [
              116.59081048178227,
              20.817594181191268
            ],
            [
              116.603744369882,
              20.828567359817054
            ],
            [
              116.6177685305664,
              20.838301671623103
            ],
            [
              116.6327477451009,
              20.846703121556928
            ],
            [
              116.64853749602565,
              20.853690569973367
            ],
            [
              116.66498536889647,
              20.859196522947254
            ],
            [
              116.68193253363982,
              20.86316779008746
            ],
            [
              116.69921529073216,
              20.865566003209633
            ],
            [
              116.71666666666667,
              20.866367990618937
            ]
          ]
        ]
      },
      "properties": {
        "layer": "RCR",
        "code": "DONGSHA",
        "name_zh": "東沙群島",
        "name_en": "Dongsha",
        "floor_m": 0,
        "ceiling_m": 1524,
        "floor_raw": "SFC",
        "ceiling_raw": "5000 FT AMSL",
        "airspace_class": "",
        "layer_index": 0,
        "source": "eAIP AIRAC 01-26 ENR 5.1",
        "warnings": [],
        "remarks": "晝夜連續限航。 不定期舉行地對空炮火射擊，航機需先申請獲准方可進入。 (依據：1965年1月14日發布之第二類飛航公告3/65及1965年4月27日發布之第二類飛航公告8/65) 位於香港飛航情報區內。 H24. Non-scheduled ground to air gun firing practice will take place, prior authorization for ente"
      }
    },
    {
      "type": "Feature",
      "geometry": {
        "type": "Polygon",
        "coordinates": [
          [
            [
              114.38333333333335,
              10.549701323952267
            ],
            [
              114.39992056584187,
              10.548899788938645
            ],
            [
              114.41634779843636,
              10.546502915575775
            ],
            [
              114.43245658206298,
              10.542533823948474
            ],
            [
              114.44809155405687,
              10.537030798442304
            ],
            [
              114.46310194317242,
              10.530046916697058
            ],
            [
              114.47734302927289,
              10.521649535287361
            ],
            [
              114.49067754332061,
              10.511919637209846
            ],
            [
              114.50297699394123,
              10.50095104761404
            ],
            [
              114.51412290761114,
              10.48884952550332
            ],
            [
              114.52400797042307,
              10.475731740340057
            ],
            [
              114.5325370604107,
              10.461724143602979
            ],
            [
              114.53962816054538,
              10.446961746354308
            ],
            [
              114.54521314374243,
              10.431586814769451
            ],
            [
              114.54923842251655,
              10.415747496355252
            ],
            [
              114.55166545728899,
              10.39959639022701
            ],
            [
              114.5524711187611,
              10.383289075324816
            ],
            [
              114.55164790120989,
              10.366982610822223
            ],
            [
              114.54920398501983,
              10.350834023213041
            ],
            [
              114.54516314822546,
              10.334998794653908
            ],
            [
              114.53956452828653,
              10.319629367092015
            ],
            [
              114.53246223673902,
              10.304873676520911
            ],
            [
              114.52392483074898,
              10.290873731385362
            ],
            [
              114.5140346469294,
              10.277764248703557
            ],
            [
              114.50288700405153,
              10.265671360896347
            ],
            [
              114.49058928248394,
              10.254711405615296
            ],
            [
              114.47725988931253,
              10.244989810051273
            ],
            [
              114.46302711912669,
              10.23660008029104
            ],
            [
              114.4480279213932,
              10.229622905279907
            ],
            [
              114.43240658617198,
              10.224125383853249
            ],
            [
              114.41631336065336,
              10.22016038212895
            ],
            [
              114.39990300960784,
              10.217766027317172
            ],
            [
              114.38333333333335,
              10.216965342714397
            ],
            [
              114.36676365705885,
              10.217766027317172
            ],
            [
              114.35035330601333,
              10.22016038212895
            ],
            [
              114.33426008049472,
              10.224125383853249
            ],
            [
              114.31863874527349,
              10.229622905279907
            ],
            [
              114.30363954754,
              10.23660008029104
            ],
            [
              114.28940677735416,
              10.244989810051273
            ],
            [
              114.27607738418276,
              10.254711405615296
            ],
            [
              114.26377966261516,
              10.265671360896347
            ],
            [
              114.25263201973729,
              10.277764248703557
            ],
            [
              114.24274183591771,
              10.290873731385362
            ],
            [
              114.23420442992767,
              10.304873676520911
            ],
            [
              114.22710213838016,
              10.319629367092015
            ],
            [
              114.22150351844124,
              10.334998794653908
            ],
            [
              114.21746268164686,
              10.350834023213041
            ],
            [
              114.2150187654568,
              10.366982610822223
            ],
            [
              114.21419554790559,
              10.383289075324816
            ],
            [
              114.2150012093777,
              10.39959639022701
            ],
            [
              114.21742824415014,
              10.415747496355252
            ],
            [
              114.22145352292426,
              10.431586814769451
            ],
            [
              114.22703850612132,
              10.446961746354308
            ],
            [
              114.23412960625599,
              10.461724143602979
            ],
            [
              114.24265869624362,
              10.475731740340057
            ],
            [
              114.25254375905556,
              10.48884952550332
            ],
            [
              114.26368967272546,
              10.50095104761404
            ],
            [
              114.27598912334608,
              10.511919637209846
            ],
            [
              114.2893236373938,
              10.521649535287361
            ],
            [
              114.30356472349428,
              10.530046916697058
            ],
            [
              114.31857511260982,
              10.537030798442304
            ],
            [
              114.33421008460371,
              10.542533823948474
            ],
            [
              114.35031886823033,
              10.546502915575775
            ],
            [
              114.36674610082483,
              10.548899788938645
            ],
            [
              114.38333333333335,
              10.549701323952267
            ]
          ]
        ]
      },
      "properties": {
        "layer": "RCR",
        "code": "NANSHA",
        "name_zh": "南沙群島",
        "name_en": "Nansha",
        "floor_m": 0,
        "ceiling_m": 1828,
        "floor_raw": "SFC",
        "ceiling_raw": "6000 FT AMSL",
        "airspace_class": "",
        "layer_index": 0,
        "source": "eAIP AIRAC 01-26 ENR 5.1",
        "warnings": [],
        "remarks": "晝夜連續限航。 不定期舉行地對空炮火射擊，航機需先申請獲准方可進入。 (依據：1965年1月14日發布之第二類飛航公告3/65及1965年4月27日發布之第二類飛航公告8/65) 位於馬尼拉飛航情報區內。 H24. Non-scheduled ground to air gun firing practice will take place, prior authorization for ent"
      }
    },
    {
      "type": "Feature",
      "geometry": {
        "type": "Polygon",
        "coordinates": [
          [
            [
              118.9,
              23.85
            ],
            [
              119.25,
              23.566666666666666
            ],
            [
              118.38333333333334,
              23.066666666666666
            ],
            [
              118.21666666666667,
              23.133333333333333
            ],
            [
              118.9,
              23.85
            ]
          ]
        ]
      },
      "properties": {
        "layer": "RCR",
        "code": "RCR5",
        "name_zh": "",
        "name_en": "",
        "floor_m": 0,
        "ceiling_m": 11277,
        "floor_raw": "SFC",
        "ceiling_raw": "FL370",
        "airspace_class": "",
        "layer_index": 0,
        "source": "eAIP AIRAC 01-26 ENR 5.1",
        "warnings": [],
        "remarks": "空軍作戰指揮部(886-2-27321594) 天氣能見度5KM，雲幕高1500FT(含)或以上。 晝夜連續限航。 申請單位應事先徵得管理單位同意後，得許可航空器於限航時段飛航。 申請單位應事先徵得管理單位同意後，得執行遙控無人機管理規則第33條災害應變或緊急情況。 Air Force Combatant Command (886-2-27321594) Weather at or above v"
      }
    },
    {
      "type": "Feature",
      "geometry": {
        "type": "Polygon",
        "coordinates": [
          [
            [
              120.5913888888889,
              22.531517328642803
            ],
            [
              120.60021611147222,
              22.531116534857812
            ],
            [
              120.60895817082286,
              22.529918020305296
            ],
            [
              120.61753072975588,
              22.527933347884762
            ],
            [
              120.62585109499834,
              22.52518166444099
            ],
            [
              120.63383901877376,
              22.52168951507926
            ],
            [
              120.64141747618577,
              22.517490585786245
            ],
            [
              120.64851341073762,
              22.512625376902726
            ],
            [
              120.65505844066445,
              22.507140810675004
            ],
            [
              120.66098951916959,
              22.50108977675808
            ],
            [
              120.66624954214282,
              22.49453062014887
            ],
            [
              120.67078789748885,
              22.487526576585946
            ],
            [
              120.67456095080071,
              22.48014516095786
            ],
            [
              120.6775324627708,
              22.472457514710047
            ],
            [
              120.6796739344301,
              22.464537718627003
            ],
            [
              120.68096487703744,
              22.45646207768799
            ],
            [
              120.68139300419796,
              22.448308384948493
            ],
            [
              120.68095434456173,
              22.44015517158425
            ],
            [
              120.6796532742342,
              22.432080950348993
            ],
            [
              120.67750246881134,
              22.424163459740093
            ],
            [
              120.67452277572471,
              22.4164789161392
            ],
            [
              120.67074300833876,
              22.409101281098394
            ],
            [
              120.6661996639795,
              22.4021015507778
            ],
            [
              120.66093656877977,
              22.39554707431095
            ],
            [
              120.65500445290029,
              22.389500907581493
            ],
            [
              120.64846046031859,
              22.38402120854317
            ],
            [
              120.64136759796847,
              22.379160679807505
            ],
            [
              120.63379412955317,
              22.374966063765036
            ],
            [
              120.62581291984604,
              22.371477695000276
            ],
            [
              120.61750073572593,
              22.368729114213117
            ],
            [
              120.60893751057299,
              22.36674674727495
            ],
            [
              120.60020557896733,
              22.365549652431675
            ],
            [
              120.5913888888889,
              22.36514933802387
            ],
            [
              120.58257219881047,
              22.365549652431675
            ],
            [
              120.57384026720482,
              22.36674674727495
            ],
            [
              120.56527704205187,
              22.368729114213117
            ],
            [
              120.55696485793176,
              22.371477695000276
            ],
            [
              120.54898364822463,
              22.374966063765036
            ],
            [
              120.54141017980933,
              22.379160679807505
            ],
            [
              120.53431731745921,
              22.38402120854317
            ],
            [
              120.52777332487751,
              22.389500907581493
            ],
            [
              120.52184120899803,
              22.39554707431095
            ],
            [
              120.5165781137983,
              22.4021015507778
            ],
            [
              120.51203476943904,
              22.409101281098394
            ],
            [
              120.50825500205309,
              22.4164789161392
            ],
            [
              120.50527530896646,
              22.424163459740093
            ],
            [
              120.5031245035436,
              22.432080950348993
            ],
            [
              120.50182343321607,
              22.44015517158425
            ],
            [
              120.50138477357984,
              22.448308384948493
            ],
            [
              120.50181290074036,
              22.45646207768799
            ],
            [
              120.5031038433477,
              22.464537718627003
            ],
            [
              120.505245315007,
              22.472457514710047
            ],
            [
              120.50821682697709,
              22.48014516095786
            ],
            [
              120.51198988028895,
              22.487526576585946
            ],
            [
              120.51652823563498,
              22.494530620148865
            ],
            [
              120.52178825860821,
              22.50108977675808
            ],
            [
              120.52771933711335,
              22.507140810675004
            ],
            [
              120.53426436704018,
              22.512625376902726
            ],
            [
              120.54136030159205,
              22.517490585786245
            ],
            [
              120.54893875900405,
              22.52168951507926
            ],
            [
              120.55692668277946,
              22.52518166444099
            ],
            [
              120.56524704802192,
              22.527933347884762
            ],
            [
              120.57381960695494,
              22.529918020305296
            ],
            [
              120.58256166630558,
              22.531116534857812
            ],
            [
              120.5913888888889,
              22.531517328642803
            ]
          ]
        ]
      },
      "properties": {
        "layer": "RCR",
        "code": "RCR6",
        "name_zh": "佳冬",
        "name_en": "Jiadong",
        "floor_m": 0,
        "ceiling_m": 3657,
        "floor_raw": "SFC",
        "ceiling_raw": "12000 FT AMSL",
        "airspace_class": "",
        "layer_index": 0,
        "source": "eAIP AIRAC 01-26 ENR 5.1",
        "warnings": [],
        "remarks": "空軍第六混合聯隊(886-8-7654632) 空軍作戰指揮部(886-2-27321594) 天氣能見度5KM，雲幕高1500FT(含)或以上。 限航時段：每日2300-0200, 0600-0900UTC。 申請單位應事先徵得管理單位同意後，得許可航空器於限航時段飛航。 空軍作戰指揮部為遙控無人機活動申請窗口；限航時段內，申請單位應事先徵得空軍作戰指揮部同意後，得執行遙控無人機管理規則第33條"
      }
    },
    {
      "type": "Feature",
      "geometry": {
        "type": "Polygon",
        "coordinates": [
          [
            [
              119.3425,
              23.305
            ],
            [
              119.3425,
              23.34861111111111
            ],
            [
              119.33635044857259,
              23.347885499302063
            ],
            [
              119.33030621904258,
              23.34678130451063
            ],
            [
              119.32447082429553,
              23.344962004243847
            ],
            [
              119.31894419062037,
              23.342458755828446
            ],
            [
              119.31382094240885,
              23.339314427795593
            ],
            [
              119.30918877886663,
              23.335582863842458
            ],
            [
              119.30512697080056,
              23.331327958588886
            ],
            [
              119.30170500338298,
              23.326622561146213
            ],
            [
              119.298981388175,
              23.321547225475673
            ],
            [
              119.2970026646691,
              23.316188829135214
            ],
            [
              119.29580260824946,
              23.310639084249548
            ],
            [
              119.29540165782868,
              23.304992966353517
            ],
            [
              119.2958065725739,
              23.299347088123046
            ],
            [
              119.29701032315607,
              23.293798045901276
            ],
            [
              119.29899221891185,
              23.28844076733774
            ],
            [
              119.30171826827349,
              23.283366888382588
            ],
            [
              119.30514176586483,
              23.278663187321126
            ],
            [
              119.3092040958458,
              23.274410102509094
            ],
            [
              119.31383573747611,
              23.270680358997755
            ],
            [
              119.31895745551604,
              23.267537727346834
            ],
            [
              119.32448165503835,
              23.265035935647813
            ],
            [
              119.33031387753478,
              23.26321775315893
            ],
            [
              119.33635441290001,
              23.26211426103211
            ],
            [
              119.3425,
              23.261388888888888
            ],
            [
              119.3425,
              23.19638888888889
            ],
            [
              119.32714344198664,
              23.197785204623067
            ],
            [
              119.31204900979394,
              23.20054262145298
            ],
            [
              119.29747438680896,
              23.205085987761493
            ],
            [
              119.28366844469862,
              23.21133774247713
            ],
            [
              119.27086701935559,
              23.219191147391026
            ],
            [
              119.25928890204223,
              23.228512097839943
            ],
            [
              119.24913211253715,
              23.239141399032075
            ],
            [
              119.24057051690457,
              23.250897470293832
            ],
            [
              119.23375084732909,
              23.263579432290282
            ],
            [
              119.22879017533374,
              23.276970525727478
            ],
            [
              119.22577388267509,
              23.290841804292175
            ],
            [
              119.22475416636475,
              23.30495603972655
            ],
            [
              119.22574910568413,
              23.319071773065772
            ],
            [
              119.22874230985114,
              23.33294744326629
            ],
            [
              119.23368315528816,
              23.34634552279037
            ],
            [
              119.24048761138269,
              23.359036589238336
            ],
            [
              119.2490396433884,
              23.370803262866747
            ],
            [
              119.2591931708746,
              23.381443941809724
            ],
            [
              119.27077455008995,
              23.39077627001979
            ],
            [
              119.2835855389743,
              23.398640277328486
            ],
            [
              119.29740669453425,
              23.404901136534075
            ],
            [
              119.3120011441089,
              23.409451488967917
            ],
            [
              119.32711866487878,
              23.41221329746179
            ],
            [
              119.3425,
              23.41361111111111
            ],
            [
              119.3425,
              23.34861111111111
            ],
            [
              119.3425,
              23.305
            ]
          ]
        ]
      },
      "properties": {
        "layer": "RCR",
        "code": "RCR7",
        "name_zh": "石礁",
        "name_en": "Shihjiao",
        "floor_m": null,
        "ceiling_m": null,
        "floor_raw": "",
        "ceiling_raw": "",
        "airspace_class": "",
        "layer_index": 0,
        "source": "eAIP AIRAC 01-26 ENR 5.1",
        "warnings": [
          "第二段範圍/高度：FL150 / SFC（PoC 僅保留首段，第二段 TODO）",
          "第二段範圍/高度：4000 FT AMSL / SFC（PoC 僅保留首段，第二段 TODO）"
        ],
        "remarks": "空軍第四戰術戰鬥機聯隊(886-5-2854087) 空軍作戰指揮部(886-2-27321594) 天氣能見度5KM，雲幕高1500FT(含)或以上。 晝夜連續限航。 空軍作戰指揮部為遙控無人機活動申請窗口；申請單位應事先徵得空軍作戰指揮部同意後，得執行遙控無人機管理規則第33條災害應變或緊急情況。 The 4th tactical fighter wing of ROCAF (886-5-28"
      }
    },
    {
      "type": "Feature",
      "geometry": {
        "type": "Polygon",
        "coordinates": [
          [
            [
              122.33333333333333,
              27.333333333333332
            ],
            [
              122.71666666666667,
              27.333333333333332
            ],
            [
              121.86666666666666,
              26.3
            ],
            [
              121.36666666666666,
              26.3
            ],
            [
              122.33333333333333,
              27.333333333333332
            ]
          ]
        ]
      },
      "properties": {
        "layer": "RCR",
        "code": "RCR8",
        "name_zh": "",
        "name_en": "",
        "floor_m": 0,
        "ceiling_m": 11277,
        "floor_raw": "SFC",
        "ceiling_raw": "FL370",
        "airspace_class": "",
        "layer_index": 0,
        "source": "eAIP AIRAC 01-26 ENR 5.1",
        "warnings": [],
        "remarks": "空軍作戰指揮部(886-2-27321594) 天氣能見度5KM，雲幕高1500FT(含)或以上。 晝夜連續限航。 申請單位應事先徵得管理單位同意後，得許可航空器於限航時段飛航。 申請單位應事先徵得管理單位同意後，得執行遙控無人機管理規則第33條災害應變或緊急情況。 Air Force Combatant Command (886-2-27321594) Weather at or above v"
      }
    },
    {
      "type": "Feature",
      "geometry": {
        "type": "Polygon",
        "coordinates": [
          [
            [
              120.8,
              25.8
            ],
            [
              121.33333333333333,
              25.8
            ],
            [
              120.38333333333334,
              24.866666666666667
            ],
            [
              119.91666666666667,
              24.866666666666667
            ],
            [
              120.8,
              25.8
            ]
          ]
        ]
      },
      "properties": {
        "layer": "RCR",
        "code": "RCR9",
        "name_zh": "",
        "name_en": "",
        "floor_m": 0,
        "ceiling_m": 11277,
        "floor_raw": "SFC",
        "ceiling_raw": "FL370",
        "airspace_class": "",
        "layer_index": 0,
        "source": "eAIP AIRAC 01-26 ENR 5.1",
        "warnings": [],
        "remarks": "空軍作戰指揮部(886-2-27321594) 天氣能見度5KM，雲幕高1500FT(含)或以上。 晝夜連續限航。 申請單位應事先徵得管理單位同意後，得許可航空器於限航時段飛航。 申請單位應事先徵得管理單位同意後，得執行遙控無人機管理規則第33條災害應變或緊急情況。 Air Force Combatant Command (886-2-27321594) Weather at or above v"
      }
    },
    {
      "type": "Feature",
      "geometry": {
        "type": "Polygon",
        "coordinates": [
          [
            [
              119.83333333333333,
              24.8
            ],
            [
              120.33333333333333,
              24.8
            ],
            [
              119.45,
              23.916666666666668
            ],
            [
              119.13333333333334,
              24.166666666666668
            ],
            [
              119.83333333333333,
              24.8
            ]
          ]
        ]
      },
      "properties": {
        "layer": "RCR",
        "code": "RCR11",
        "name_zh": "",
        "name_en": "",
        "floor_m": 0,
        "ceiling_m": 11277,
        "floor_raw": "SFC",
        "ceiling_raw": "FL370",
        "airspace_class": "",
        "layer_index": 0,
        "source": "eAIP AIRAC 01-26 ENR 5.1",
        "warnings": [],
        "remarks": "空軍作戰指揮部(886-2-27321594) 天氣能見度5KM，雲幕高1500FT(含)或以上。 晝夜連續限航。 申請單位應事先徵得管理單位同意後，得許可航空器於限航時段飛航。 申請單位應事先徵得管理單位同意後，得執行遙控無人機管理規則第33條災害應變或緊急情況。 Air Force Combatant Command (886-2-27321594) Weather at or above v"
      }
    },
    {
      "type": "Feature",
      "geometry": {
        "type": "Polygon",
        "coordinates": [
          [
            [
              118.91666666666667,
              22.566666666666666
            ],
            [
              119.65,
              22.983333333333334
            ],
            [
              119.61666666666666,
              22.266666666666666
            ],
            [
              118.91666666666667,
              22.35
            ],
            [
              118.91666666666667,
              22.566666666666666
            ]
          ]
        ]
      },
      "properties": {
        "layer": "RCR",
        "code": "RCR12",
        "name_zh": "",
        "name_en": "",
        "floor_m": 0,
        "ceiling_m": 8839,
        "floor_raw": "SFC",
        "ceiling_raw": "FL290",
        "airspace_class": "",
        "layer_index": 0,
        "source": "eAIP AIRAC 01-26 ENR 5.1",
        "warnings": [],
        "remarks": "空軍作戰指揮部(886-2-27321594) 天氣能見度5KM，雲幕高1500FT(含)或以上。 晝夜連續限航。 申請單位應事先徵得管理單位同意後，得許可航空器於限航時段飛航 申請單位應事先徵得管理單位同意後，得執行遙控無人機管理規則第33條災害應變或緊急情況。 Air Force Combatant Command (886-2-27321594) Weather at or above vi"
      }
    },
    {
      "type": "Feature",
      "geometry": {
        "type": "Polygon",
        "coordinates": [
          [
            [
              121.525,
              25.165
            ],
            [
              121.58333333333333,
              25.165
            ],
            [
              121.58333333333333,
              25.07611111111111
            ],
            [
              121.55027777777778,
              25.07611111111111
            ],
            [
              121.525,
              25.083888888888886
            ],
            [
              121.525,
              25.165
            ]
          ]
        ]
      },
      "properties": {
        "layer": "RCR",
        "code": "RCR16",
        "name_zh": "陽明山",
        "name_en": "Yangmingshan",
        "floor_m": 0,
        "ceiling_m": 1219,
        "floor_raw": "SFC",
        "ceiling_raw": "4000 FT AMSL",
        "airspace_class": "",
        "layer_index": 0,
        "source": "eAIP AIRAC 01-26 ENR 5.1",
        "warnings": [],
        "remarks": "空軍作戰指揮部(886-2-27321594) 晝夜連續限航。 申請單位應事先徵得管理單位同意後，得許可航空器於限航時段飛航。 申請單位應事先徵得管理單位同意後，得執行遙控無人機管理規則第33條災害應變或緊急情況。 Air Force Combatant Command (886-2-27321594) H24. Application unit shall obtain prior approv"
      }
    },
    {
      "type": "Feature",
      "geometry": {
        "type": "Polygon",
        "coordinates": [
          [
            [
              122.08333333333333,
              23.716666666666665
            ],
            [
              122.63333333333334,
              23.716666666666665
            ],
            [
              122.63333333333334,
              23.333333333333332
            ],
            [
              122.08333333333333,
              23.0
            ],
            [
              122.08333333333333,
              23.716666666666665
            ]
          ]
        ]
      },
      "properties": {
        "layer": "RCR",
        "code": "RCR17",
        "name_zh": "",
        "name_en": "",
        "floor_m": 0,
        "ceiling_m": 11277,
        "floor_raw": "SFC",
        "ceiling_raw": "FL370",
        "airspace_class": "",
        "layer_index": 0,
        "source": "eAIP AIRAC 01-26 ENR 5.1",
        "warnings": [],
        "remarks": "空軍第五戰術混合聯隊(886-3-8232069) 空軍作戰指揮部(886-2-27321594) 日出至日沒限航。 天氣能見度5KM，雲幕高1500FT(含)或以上。 空軍作戰指揮部為遙控無人機活動申請窗口；限航時段內，申請單位應事先徵得空軍作戰指揮部同意後，得執行遙控無人機管理規則第33條災害應變或緊急情況。 The 5th tactical fighter tactical of ROCAF"
      }
    },
    {
      "type": "Feature",
      "geometry": {
        "type": "Polygon",
        "coordinates": [
          [
            [
              119.42472222222223,
              22.581666666666667
            ],
            [
              119.42472222222223,
              22.915
            ],
            [
              119.75805555555556,
              22.915
            ],
            [
              119.75805555555556,
              22.581666666666667
            ],
            [
              119.42472222222223,
              22.581666666666667
            ]
          ]
        ]
      },
      "properties": {
        "layer": "RCR",
        "code": "RCR18A",
        "name_zh": "",
        "name_en": "",
        "floor_m": 0,
        "ceiling_m": 5486,
        "floor_raw": "SFC",
        "ceiling_raw": "FL180",
        "airspace_class": "",
        "layer_index": 0,
        "source": "eAIP AIRAC 01-26 ENR 5.1",
        "warnings": [],
        "remarks": "海軍教育訓練暨準則發展指揮部(886-7-5883753) 限航時段：週一至週五實施，時段為0000-0900UTC。 限航時段內，申請單位事先徵得管理單位同意後，得許可航空器於限航時段飛航。 申請單位應事先徵得艦隊指揮部作戰中心(886-7-5813141轉784950)同意後，得執行遙控無人機管理規則第33條災害應變或緊急情況。 Naval Education, Training And Do"
      }
    },
    {
      "type": "Feature",
      "geometry": {
        "type": "Polygon",
        "coordinates": [
          [
            [
              119.42472222222223,
              22.581666666666667
            ],
            [
              119.42472222222223,
              22.915
            ],
            [
              119.75805555555556,
              22.915
            ],
            [
              119.75805555555556,
              22.581666666666667
            ],
            [
              119.42472222222223,
              22.581666666666667
            ]
          ]
        ]
      },
      "properties": {
        "layer": "RCR",
        "code": "RCR18B",
        "name_zh": "",
        "name_en": "",
        "floor_m": 5516,
        "ceiling_m": 12192,
        "floor_raw": "FL181",
        "ceiling_raw": "FL400",
        "airspace_class": "",
        "layer_index": 0,
        "source": "eAIP AIRAC 01-26 ENR 5.1",
        "warnings": [],
        "remarks": "海軍教育訓練暨準則發展指揮部(886-7-5883753) 發布飛航公告後實施。 發布飛航公告時段內，申請單位應事先徵得艦隊指揮部作戰中心(886-7-5813141轉784950)同意後，得執行遙控無人機管理規則第33條災害應變或緊急情況。 Naval Education, Training And Doctrine Development Command (886-7-5883753) Act"
      }
    },
    {
      "type": "Feature",
      "geometry": {
        "type": "Polygon",
        "coordinates": [
          [
            [
              120.9,
              24.933333333333334
            ],
            [
              120.93333333333334,
              24.933333333333334
            ],
            [
              120.96944444444445,
              24.869444444444444
            ],
            [
              120.91666666666667,
              24.875
            ],
            [
              120.88333333333334,
              24.875
            ],
            [
              120.9,
              24.933333333333334
            ]
          ]
        ]
      },
      "properties": {
        "layer": "RCR",
        "code": "RCR22",
        "name_zh": "",
        "name_en": "",
        "floor_m": 0,
        "ceiling_m": 609,
        "floor_raw": "SFC",
        "ceiling_raw": "2000 FT AMSL",
        "airspace_class": "",
        "layer_index": 0,
        "source": "eAIP AIRAC 01-26 ENR 5.1",
        "warnings": [],
        "remarks": "陸軍裝甲兵訓練指揮部(886-3-5973902) 發布飛航公告後實施。 發布飛航公告時段內，申請單位應事先徵得管理單位同意後，得執行遙控無人機管理規則第33條災害應變或緊急情況。 Army Armor Training Command (886-3-5973902) Activated by NOTAM. Application unit shall obtain prior approval "
      }
    },
    {
      "type": "Feature",
      "geometry": {
        "type": "Polygon",
        "coordinates": [
          [
            [
              122.00833333333334,
              25.465
            ],
            [
              122.00833333333334,
              25.331666666666667
            ],
            [
              122.20833333333334,
              25.331666666666667
            ],
            [
              122.20833333333334,
              25.465
            ],
            [
              122.00833333333334,
              25.465
            ]
          ]
        ]
      },
      "properties": {
        "layer": "RCR",
        "code": "RCR25",
        "name_zh": "",
        "name_en": "",
        "floor_m": 0,
        "ceiling_m": 1219,
        "floor_raw": "SFC",
        "ceiling_raw": "4000 FT AMSL",
        "airspace_class": "",
        "layer_index": 0,
        "source": "eAIP AIRAC 01-26 ENR 5.1",
        "warnings": [],
        "remarks": "海軍131艦隊(886-2-24260951) 限航時段：週一至週五實施，時段為0000-0900UTC。 限航時段內，申請單位事先徵得管理單位同意後，得許可航空器於限航時段飛航。申請單位應事先徵得艦隊指揮部作戰中心(886-7-5813141轉784950)同意後，得執行遙控無人機管理規則第33條災害應變或緊急情況。 Navy 131st Fleet (886-2-24260951) MON-F"
      }
    },
    {
      "type": "Feature",
      "geometry": {
        "type": "Polygon",
        "coordinates": [
          [
            [
              120.27472222222222,
              22.648333333333333
            ],
            [
              120.09138888888889,
              22.715
            ],
            [
              120.25805555555556,
              22.715
            ],
            [
              120.27472222222222,
              22.648333333333333
            ]
          ]
        ]
      },
      "properties": {
        "layer": "RCR",
        "code": "RCR27",
        "name_zh": "",
        "name_en": "",
        "floor_m": 0,
        "ceiling_m": 304,
        "floor_raw": "SFC",
        "ceiling_raw": "1000 FT AMSL",
        "airspace_class": "",
        "layer_index": 0,
        "source": "eAIP AIRAC 01-26 ENR 5.1",
        "warnings": [],
        "remarks": "海軍教育訓練暨準則發展指揮部(886-7-5883753) 發布飛航公告後實施。 發布飛航公告時段內，申請單位應事先徵得艦隊指揮部作戰中心(886-7-5813141轉784950)同意後，得執行遙控無人機管理規則第33條災害應變或緊急情況。 Naval Education, Training And Doctrine Development Command (886-7-5883753) Act"
      }
    },
    {
      "type": "Feature",
      "geometry": {
        "type": "Polygon",
        "coordinates": [
          [
            [
              121.81666666666666,
              24.8
            ],
            [
              121.83333333333333,
              24.833333333333332
            ],
            [
              121.91666666666667,
              24.833333333333332
            ],
            [
              121.91666666666667,
              24.666666666666668
            ],
            [
              121.83333333333333,
              24.7
            ],
            [
              121.81666666666666,
              24.733333333333334
            ],
            [
              121.81666666666666,
              24.8
            ]
          ]
        ]
      },
      "properties": {
        "layer": "RCR",
        "code": "RCR30",
        "name_zh": "大福",
        "name_en": "Dafu",
        "floor_m": 0,
        "ceiling_m": 1524,
        "floor_raw": "SFC",
        "ceiling_raw": "5000 FT AMSL",
        "airspace_class": "",
        "layer_index": 0,
        "source": "eAIP AIRAC 01-26 ENR 5.1",
        "warnings": [],
        "remarks": "軍備局規格鑑測中心兵器試驗場(886-3-9306873) 週二至週五實施4月至9月， 時段為0100-0400, 0600-1000UTC。 10月至隔年3月， 時段為0100-0400, 0500-0900UTC。 航管單位事先徵得兵器試驗場同意後，得許可軍用、民用及公務用航空器於限航時段飛航。 限航時段內，申請單位應事先徵得管理單位同意後，得執行遙控無人機管理規則第33條災害應變或緊急情況。"
      }
    },
    {
      "type": "Feature",
      "geometry": {
        "type": "Polygon",
        "coordinates": [
          [
            [
              120.4575,
              22.366388888888892
            ],
            [
              120.45358998798983,
              22.351884789244366
            ],
            [
              120.4511631231806,
              22.337103796599273
            ],
            [
              120.45018099632955,
              22.322180967458834
            ],
            [
              120.4506510765373,
              22.307236836565036
            ],
            [
              120.45256910370951,
              22.292392072069326
            ],
            [
              120.45591913790224,
              22.277766501570405
            ],
            [
              120.4606737025283,
              22.263478146164932
            ],
            [
              120.46679401980515,
              22.24964227025224
            ],
            [
              120.4742303361119,
              22.23637045466972
            ],
            [
              120.48292233424318,
              22.223769700513547
            ],
            [
              120.4927996289024,
              22.21194157072247
            ],
            [
              120.50378234117329,
              22.20098137617332
            ],
            [
              120.51578174714466,
              22.190977412659418
            ],
            [
              120.52870099534543,
              22.182010254700696
            ],
            [
              120.54243588717416,
              22.174152111670402
            ],
            [
              120.55687571408087,
              22.16746625122209
            ],
            [
              120.57190414488274,
              22.16200649446583
            ],
            [
              120.5874001562648,
              22.1578167867781
            ],
            [
              120.6032389992379,
              22.154930847540175
            ],
            [
              120.61929319409455,
              22.15337190148849
            ],
            [
              120.63543354622328,
              22.153152493732033
            ],
            [
              120.65153017500882,
              22.15427438985008
            ],
            [
              120.66745354796477,
              22.156728561833166
            ],
            [
              120.68333333333334,
              22.15972222222222
            ],
            [
              120.63,
              22.319444444444443
            ],
            [
              120.4575,
              22.366388888888892
            ]
          ]
        ]
      },
      "properties": {
        "layer": "RCR",
        "code": "RCR34",
        "name_zh": "枋山",
        "name_en": "Fangshan",
        "floor_m": 0,
        "ceiling_m": 7315,
        "floor_raw": "SFC",
        "ceiling_raw": "FL240",
        "airspace_class": "",
        "layer_index": 0,
        "source": "eAIP AIRAC 01-26 ENR 5.1",
        "warnings": [],
        "remarks": "國軍防空砲兵部隊訓練中心 電話：886-8-8720780轉7755313~6 傳真：886-8-8720775 發布飛航公告後實施。 空軍作戰指揮部為遙控無人機活動申請窗口；發布飛航公告時段內，申請單位應事先徵得空軍作戰指揮部同意後，得執行遙控無人機管理規則第33條災害應變或緊急情況。 Air Defense Artillery Training Center Tel:886-8-8720780"
      }
    },
    {
      "type": "Feature",
      "geometry": {
        "type": "Polygon",
        "coordinates": [
          [
            [
              120.18333333333334,
              23.42888888888889
            ],
            [
              120.16891460758349,
              23.421929757483372
            ],
            [
              120.15345121849438,
              23.417280807979147
            ],
            [
              120.13733185968249,
              23.41524189071866
            ],
            [
              120.12107497172684,
              23.415878580458806
            ],
            [
              120.10520339380972,
              23.41917040058533
            ],
            [
              120.09022764102397,
              23.425011478050163
            ],
            [
              120.07662956726817,
              23.433213930267776
            ],
            [
              120.06484692591991,
              23.443513877922623
            ],
            [
              120.05525931476691,
              23.455579895119357
            ],
            [
              120.04817595167822,
              23.469023631220175
            ],
            [
              120.04382567393809,
              23.48341226935876
            ],
            [
              120.04234948809768,
              23.498282427149643
            ],
            [
              120.04379592005387,
              23.513155057470186
            ],
            [
              120.04811932868334,
              23.527550873054427
            ],
            [
              120.05518125302433,
              23.54100579934006
            ],
            [
              120.06475476542006,
              23.553085956476732
            ],
            [
              120.07653170431168,
              23.563401684085573
            ],
            [
              120.09013256389733,
              23.57162015117045
            ],
            [
              120.10511872722161,
              23.577476137862103
            ],
            [
              120.12100664799371,
              23.58078063417685
            ],
            [
              120.13728351792363,
              23.581426971868705
            ],
            [
              120.15342390357185,
              23.57939428639477
            ],
            [
              120.1689068019877,
              23.57474819420481
            ],
            [
              120.18333333333334,
              23.567777777777778
            ],
            [
              120.18333333333334,
              23.42888888888889
            ]
          ]
        ]
      },
      "properties": {
        "layer": "RCR",
        "code": "RCR38",
        "name_zh": "水溪",
        "name_en": "Shueisi",
        "floor_m": 0,
        "ceiling_m": 4572,
        "floor_raw": "SFC",
        "ceiling_raw": "FL150",
        "airspace_class": "",
        "layer_index": 0,
        "source": "eAIP AIRAC 01-26 ENR 5.1",
        "warnings": [],
        "remarks": "空軍第四戰術戰鬥機聯隊(886-5-2854087) 空軍作戰指揮部(886-2-27321594) 天氣能見度5KM，雲幕高1500FT(含)或以上。 晝夜連續限航。 申請單位應事先徵得管理單位同意後，得許可航空器於限航時段飛航。 空軍作戰指揮部為遙控無人機活動申請窗口；申請單位應事先徵得空軍作戰指揮部同意後，得執行遙控無人機管理規則第33條災害應變或緊急情況。 The 4th Tactical"
      }
    },
    {
      "type": "Feature",
      "geometry": {
        "type": "Polygon",
        "coordinates": [
          [
            [
              119.25805555555556,
              23.498333333333335
            ],
            [
              119.25805555555556,
              23.665
            ],
            [
              119.09138888888889,
              23.665
            ],
            [
              119.09138888888889,
              23.498333333333335
            ],
            [
              119.25805555555556,
              23.498333333333335
            ]
          ]
        ]
      },
      "properties": {
        "layer": "RCR",
        "code": "RCR39",
        "name_zh": "",
        "name_en": "",
        "floor_m": 0,
        "ceiling_m": 12192,
        "floor_raw": "SFC",
        "ceiling_raw": "FL400",
        "airspace_class": "",
        "layer_index": 0,
        "source": "eAIP AIRAC 01-26 ENR 5.1",
        "warnings": [],
        "remarks": "海軍146艦隊(886-6-9212765) 發布飛航公告後實施。 發布飛航公告時段內，申請單位應事先徵得艦隊指揮部作戰中心(886-7-5813141轉784950)同意後，得執行遙控無人機管理規則第33條災害應變或緊急情況。 Navy 146th Fleet (886-6-9212765) Activated by NOTAM. Application unit shall obtain pr"
      }
    },
    {
      "type": "Feature",
      "geometry": {
        "type": "Polygon",
        "coordinates": [
          [
            [
              121.60805555555557,
              21.962428600101468
            ],
            [
              121.60957459751495,
              21.962359382981788
            ],
            [
              121.61107900586633,
              21.962152398422642
            ],
            [
              121.61255428810077,
              21.9618096403943
            ],
            [
              121.6139862325419,
              21.96133441081147
            ],
            [
              121.61536104536233,
              21.960731287696845
            ],
            [
              121.61666548355711,
              21.96000608104213
            ],
            [
              121.6178869825891,
              21.959165776793647
            ],
            [
              121.61901377747222,
              21.95821846950422
            ],
            [
              121.62003501612422,
              21.957173284302723
            ],
            [
              121.62094086389445,
              21.956040288935544
            ],
            [
              121.62172259826008,
              21.95483039673024
            ],
            [
              121.6223726927793,
              21.95355526141873
            ],
            [
              121.62288488949463,
              21.952227164836025
            ],
            [
              121.62325425909239,
              21.950858898578506
            ],
            [
              121.62347724824318,
              21.949463640763963
            ],
            [
              121.62355171367231,
              21.94805482908201
            ],
            [
              121.62347694263796,
              21.946646031359048
            ],
            [
              121.62325365962616,
              21.94525081488502
            ],
            [
              121.62288401920456,
              21.94388261576086
            ],
            [
              121.62237158511013,
              21.942554609524457
            ],
            [
              121.62172129577891,
              21.941279584300236
            ],
            [
              121.62093941665492,
              21.940069817692613
            ],
            [
              121.62003347974293,
              21.938936958606867
            ],
            [
              121.61901221099141,
              21.937891915133324
            ],
            [
              121.61788544620775,
              21.936944749571857
            ],
            [
              121.61666403631754,
              21.93610458160481
            ],
            [
              121.61535974288113,
              21.935379500547782
            ],
            [
              121.61398512487267,
              21.934776487520455
            ],
            [
              121.61255341781063,
              21.934301348283938
            ],
            [
              121.61107840640007,
              21.93395865738896
            ],
            [
              121.6095742919097,
              21.933751714170338
            ],
            [
              121.60805555555557,
              21.933682511009643
            ],
            [
              121.60653681920144,
              21.933751714170338
            ],
            [
              121.60503270471106,
              21.93395865738896
            ],
            [
              121.6035576933005,
              21.934301348283938
            ],
            [
              121.60212598623845,
              21.934776487520455
            ],
            [
              121.60075136823001,
              21.935379500547782
            ],
            [
              121.59944707479359,
              21.93610458160481
            ],
            [
              121.59822566490338,
              21.936944749571857
            ],
            [
              121.59709890011972,
              21.937891915133324
            ],
            [
              121.5960776313682,
              21.938936958606867
            ],
            [
              121.59517169445621,
              21.940069817692613
            ],
            [
              121.5943898153322,
              21.941279584300236
            ],
            [
              121.59373952600099,
              21.942554609524457
            ],
            [
              121.59322709190656,
              21.94388261576086
            ],
            [
              121.59285745148497,
              21.94525081488502
            ],
            [
              121.59263416847317,
              21.946646031359048
            ],
            [
              121.59255939743882,
              21.94805482908201
            ],
            [
              121.59263386286794,
              21.949463640763963
            ],
            [
              121.59285685201873,
              21.950858898578506
            ],
            [
              121.5932262216165,
              21.952227164836025
            ],
            [
              121.59373841833184,
              21.95355526141873
            ],
            [
              121.59438851285105,
              21.95483039673024
            ],
            [
              121.59517024721669,
              21.956040288935544
            ],
            [
              121.59607609498691,
              21.957173284302723
            ],
            [
              121.5970973336389,
              21.95821846950422
            ],
            [
              121.59822412852203,
              21.959165776793647
            ],
            [
              121.599445627554,
              21.96000608104213
            ],
            [
              121.60075006574878,
              21.960731287696845
            ],
            [
              121.60212487856921,
              21.96133441081147
            ],
            [
              121.60355682301036,
              21.9618096403943
            ],
            [
              121.6050321052448,
              21.962152398422642
            ],
            [
              121.60653651359618,
              21.962359382981788
            ],
            [
              121.60805555555557,
              21.962428600101468
            ]
          ]
        ]
      },
      "properties": {
        "layer": "RCR",
        "code": "RCR40",
        "name_zh": "小蘭嶼",
        "name_en": "Hsiao",
        "floor_m": 0,
        "ceiling_m": 4267,
        "floor_raw": "SFC",
        "ceiling_raw": "FL140",
        "airspace_class": "",
        "layer_index": 0,
        "source": "eAIP AIRAC 01-26 ENR 5.1",
        "warnings": [],
        "remarks": "空軍第七飛行訓練聯隊(886-89-228411) 空軍作戰指揮部(886-2-27321594) 晝夜連續限航。從每月15日1600UTC至月底，但除去3月及4月。 天氣能見度5KM，雲幕高1500FT(含)或以上。 申請單位應事先徵得管理單位同意後，得許可航空器於限航時段飛航。 空軍作戰指揮部為遙控無人機活動申請窗口；限航時段內，申請單位應事先徵得空軍作戰指揮部同意後，得執行遙控無人機管理規則"
      }
    },
    {
      "type": "Feature",
      "geometry": {
        "type": "Polygon",
        "coordinates": [
          [
            [
              121.00805555555554,
              22.681517328642805
            ],
            [
              121.01689240589069,
              22.681116533075695
            ],
            [
              121.02564399897615,
              22.67991801324542
            ],
            [
              121.03422590456549,
              22.677933332254685
            ],
            [
              121.04255533822398,
              22.675181637278165
            ],
            [
              121.05055196383542,
              22.671689473865072
            ],
            [
              121.05813867187517,
              22.667490528542896
            ],
            [
              121.0652423257766,
              22.66262530226926
            ],
            [
              121.07179446905776,
              22.657140717959596
            ],
            [
              121.07773198629177,
              22.65108966596452
            ],
            [
              121.08299771149066,
              22.64453049197625
            ],
            [
              121.08754097802452,
              22.637526432401632
            ],
            [
              121.09131810480538,
              22.630145002744705
            ],
            [
              121.09429281412378,
              22.622457344989957
            ],
            [
              121.0964365772259,
              22.614537540363848
            ],
            [
              121.0977288844507,
              22.606461894173524
            ],
            [
              121.09815743750582,
              22.598308199675706
            ],
            [
              121.09771826223249,
              22.590154988113092
            ],
            [
              121.09641574099363,
              22.582080772169576
            ],
            [
              121.09426256459912,
              22.57416329013861
            ],
            [
              121.09127960445652,
              22.56647875807179
            ],
            [
              121.08749570639388,
              22.559101137077676
            ],
            [
              121.08294740833755,
              22.552101422776563
            ],
            [
              121.07767858473504,
              22.54554696368653
            ],
            [
              121.07174002128761,
              22.53950081502384
            ],
            [
              121.0651889241903,
              22.534021134048512
            ],
            [
              121.0580883686674,
              22.529160622678663
            ],
            [
              121.05050669213337,
              22.52496602263829
            ],
            [
              121.04251683779785,
              22.52147766789782
            ],
            [
              121.03419565496944,
              22.51872909861902
            ],
            [
              121.02562316268926,
              22.51674674023173
            ],
            [
              121.01688178364292,
              22.51554965065382
            ],
            [
              121.00805555555554,
              22.515149338023868
            ],
            [
              120.99922932746819,
              22.51554965065382
            ],
            [
              120.99048794842183,
              22.51674674023173
            ],
            [
              120.98191545614166,
              22.51872909861902
            ],
            [
              120.97359427331325,
              22.52147766789782
            ],
            [
              120.96560441897773,
              22.52496602263829
            ],
            [
              120.9580227424437,
              22.529160622678663
            ],
            [
              120.9509221869208,
              22.534021134048512
            ],
            [
              120.94437108982349,
              22.53950081502384
            ],
            [
              120.93843252637606,
              22.54554696368653
            ],
            [
              120.93316370277356,
              22.552101422776563
            ],
            [
              120.92861540471722,
              22.559101137077676
            ],
            [
              120.92483150665458,
              22.56647875807179
            ],
            [
              120.92184854651198,
              22.57416329013861
            ],
            [
              120.91969537011745,
              22.582080772169576
            ],
            [
              120.91839284887861,
              22.590154988113092
            ],
            [
              120.91795367360528,
              22.598308199675706
            ],
            [
              120.9183822266604,
              22.606461894173524
            ],
            [
              120.9196745338852,
              22.614537540363848
            ],
            [
              120.92181829698733,
              22.622457344989957
            ],
            [
              120.92479300630572,
              22.630145002744705
            ],
            [
              120.92857013308658,
              22.637526432401632
            ],
            [
              120.93311339962044,
              22.64453049197625
            ],
            [
              120.93837912481933,
              22.65108966596452
            ],
            [
              120.94431664205334,
              22.657140717959596
            ],
            [
              120.9508687853345,
              22.66262530226926
            ],
            [
              120.95797243923593,
              22.667490528542896
            ],
            [
              120.96555914727568,
              22.671689473865072
            ],
            [
              120.97355577288712,
              22.675181637278165
            ],
            [
              120.98188520654561,
              22.677933332254685
            ],
            [
              120.99046711213495,
              22.67991801324542
            ],
            [
              120.99921870522041,
              22.681116533075695
            ],
            [
              121.00805555555554,
              22.681517328642805
            ]
          ]
        ]
      },
      "properties": {
        "layer": "RCR",
        "code": "RCR41",
        "name_zh": "太麻里",
        "name_en": "Taimali",
        "floor_m": 0,
        "ceiling_m": 4267,
        "floor_raw": "SFC",
        "ceiling_raw": "FL140",
        "airspace_class": "",
        "layer_index": 0,
        "source": "eAIP AIRAC 01-26 ENR 5.1",
        "warnings": [],
        "remarks": "空軍第七飛行訓練聯隊(886-89-228411) 空軍作戰指揮部(886-2-27321594) 限航時段：每天2230-0400, 0530-0900UTC 唯每週六自0400UTC至週日1600UTC除外,天氣能見度5KM﹐雲幕高1500FT(含)或以上限航。 申請單位應事先徵得管理單位同意後，得許可航空器於限航時段飛航。 空軍作戰指揮部為遙控無人機活動申請窗口；限航時段內，申請單位應事先徵"
      }
    },
    {
      "type": "Feature",
      "geometry": {
        "type": "Polygon",
        "coordinates": [
          [
            [
              122.00805555555556,
              22.448055555555555
            ],
            [
              122.00805555555556,
              21.548055555555557
            ],
            [
              121.67472222222223,
              21.698055555555555
            ],
            [
              121.67472222222223,
              22.248055555555556
            ],
            [
              122.00805555555556,
              22.448055555555555
            ]
          ]
        ]
      },
      "properties": {
        "layer": "RCR",
        "code": "RCR42",
        "name_zh": "恆春A區",
        "name_en": "Hengchun",
        "floor_m": 0,
        "ceiling_m": 11277,
        "floor_raw": "SFC",
        "ceiling_raw": "FL370",
        "airspace_class": "",
        "layer_index": 0,
        "source": "eAIP AIRAC 01-26 ENR 5.1",
        "warnings": [],
        "remarks": "空軍作戰指揮部(886-2-27321594) 天氣能見度5KM，雲幕高1500FT(含)或以上。日出至日沒限航(不影響管制空域內民航機之正常活動)。 申請單位應事先徵得管理單位同意後，得許可航空器於限航時段飛航。 限航時段內，申請單位應事先徵得管理單位同意後，得執行遙控無人機管理規則第33條災害應變或緊急情況。 Air Force Combatant Command (886-2-2732159"
      }
    },
    {
      "type": "Feature",
      "geometry": {
        "type": "Polygon",
        "coordinates": [
          [
            [
              121.02472222222222,
              21.598055555555554
            ],
            [
              121.6413888888889,
              21.281388888888888
            ],
            [
              121.45805555555556,
              21.08138888888889
            ],
            [
              120.99138888888889,
              21.08138888888889
            ],
            [
              121.02472222222222,
              21.598055555555554
            ]
          ]
        ]
      },
      "properties": {
        "layer": "RCR",
        "code": "RCR43",
        "name_zh": "恆春B區",
        "name_en": "Hengchun",
        "floor_m": 0,
        "ceiling_m": 11277,
        "floor_raw": "SFC",
        "ceiling_raw": "FL370",
        "airspace_class": "",
        "layer_index": 0,
        "source": "eAIP AIRAC 01-26 ENR 5.1",
        "warnings": [],
        "remarks": "空軍作戰指揮部(886-2-27321594) 天氣能見度5KM，雲幕高1500FT(含)或以上,日出至日沒限航(不影響管制空域內民航機之正常活動)。 限航時段內，申請單位應事先徵得管理單位同意後，得執行遙控無人機管理規則第33條災害應變或緊急情況。 Air Force Combatant Command (886-2-27321594) Weather at or above visibilit"
      }
    },
    {
      "type": "Feature",
      "geometry": {
        "type": "Polygon",
        "coordinates": [
          [
            [
              120.75,
              21.983273598123784
            ],
            [
              120.75351709595556,
              21.98311333921928
            ],
            [
              120.75700029673133,
              21.982634106966234
            ],
            [
              120.76041603448621,
              21.981840519830453
            ],
            [
              120.76373139286892,
              21.980740225681537
            ],
            [
              120.76691442482614,
              21.979343827939726
            ],
            [
              120.76993446097569,
              21.977664783190015
            ],
            [
              120.7727624055482,
              21.97571927126011
            ],
            [
              120.7753710170243,
              21.973526039025973
            ],
            [
              120.77773517074866,
              21.9711062194637
            ],
            [
              120.77983210098158,
              21.968483127705973
            ],
            [
              120.78164162005366,
              21.965682036083457
            ],
            [
              120.78314631251654,
              21.962729930333776
            ],
            [
              120.78433170243079,
              21.959655249341527
            ],
            [
              120.78518639219612,
              21.956487610930125
            ],
            [
              120.7857021716097,
              21.95325752635869
            ],
            [
              120.78587409612948,
              21.949996106283823
            ],
            [
              120.78570053361999,
              21.946734761025592
            ],
            [
              120.78518317916371,
              21.94350489802892
            ],
            [
              120.78432703783062,
              21.94033761943542
            ],
            [
              120.78314037560645,
              21.93726342267662
            ],
            [
              120.7816346389857,
              21.934311906967125
            ],
            [
              120.77982434403417,
              21.93151148851664
            ],
            [
              120.77772693601688,
              21.928889127193177
            ],
            [
              120.77536262096419,
              21.92647006725722
            ],
            [
              120.7727541708157,
              21.92427759464945
            ],
            [
              120.76992670402696,
              21.922332813153943
            ],
            [
              120.76690744375644,
              21.920654441576463
            ],
            [
              120.76372545595696,
              21.919258633875078
            ],
            [
              120.76041136988428,
              21.918158823959853
            ],
            [
              120.75699708369757,
              21.917365596642174
            ],
            [
              120.75351545796515,
              21.91688658596403
            ],
            [
              120.75,
              21.91672640187621
            ],
            [
              120.74648454203485,
              21.91688658596403
            ],
            [
              120.74300291630242,
              21.917365596642174
            ],
            [
              120.73958863011572,
              21.918158823959853
            ],
            [
              120.73627454404303,
              21.919258633875078
            ],
            [
              120.73309255624355,
              21.920654441576463
            ],
            [
              120.73007329597303,
              21.922332813153943
            ],
            [
              120.72724582918428,
              21.92427759464945
            ],
            [
              120.7246373790358,
              21.92647006725722
            ],
            [
              120.72227306398312,
              21.928889127193177
            ],
            [
              120.72017565596582,
              21.93151148851664
            ],
            [
              120.71836536101429,
              21.934311906967125
            ],
            [
              120.71685962439354,
              21.93726342267662
            ],
            [
              120.71567296216938,
              21.94033761943542
            ],
            [
              120.71481682083629,
              21.94350489802892
            ],
            [
              120.71429946638,
              21.946734761025592
            ],
            [
              120.71412590387051,
              21.949996106283823
            ],
            [
              120.71429782839029,
              21.95325752635869
            ],
            [
              120.71481360780386,
              21.956487610930125
            ],
            [
              120.71566829756921,
              21.959655249341527
            ],
            [
              120.71685368748345,
              21.962729930333776
            ],
            [
              120.71835837994634,
              21.965682036083457
            ],
            [
              120.7201678990184,
              21.968483127705973
            ],
            [
              120.72226482925133,
              21.9711062194637
            ],
            [
              120.72462898297569,
              21.973526039025973
            ],
            [
              120.7272375944518,
              21.97571927126011
            ],
            [
              120.7300655390243,
              21.977664783190015
            ],
            [
              120.73308557517386,
              21.979343827939726
            ],
            [
              120.73626860713107,
              21.980740225681537
            ],
            [
              120.73958396551379,
              21.981840519830453
            ],
            [
              120.74299970326865,
              21.982634106966234
            ],
            [
              120.74648290404443,
              21.98311333921928
            ],
            [
              120.75,
              21.983273598123784
            ]
          ]
        ]
      },
      "properties": {
        "layer": "RCR",
        "code": "RCR45",
        "name_zh": "",
        "name_en": "",
        "floor_m": 0,
        "ceiling_m": 914,
        "floor_raw": "SFC",
        "ceiling_raw": "3000 FT AMSL",
        "airspace_class": "",
        "layer_index": 0,
        "source": "eAIP AIRAC 01-26 ENR 5.1",
        "warnings": [],
        "remarks": "臺電 (886-8-8881685)（第三核能發電廠） 晝夜連續限航。 申請單位應事先徵得管理單位同意後，得執行遙控無人機管理規則第33條災害應變或緊急情況。 Taiwan Power Company (886-8-8881685) (Nuclear Power Plant NR 3) H24. Application unit shall obtain prior approval from a"
      }
    },
    {
      "type": "Feature",
      "geometry": {
        "type": "Polygon",
        "coordinates": [
          [
            [
              121.58333333333331,
              25.31660693145712
            ],
            [
              121.58694121789979,
              25.316446666113958
            ],
            [
              121.59051432816595,
              25.31596741479256
            ],
            [
              121.59401822582053,
              25.315173796692065
            ],
            [
              121.59741914125225,
              25.314073460872898
            ],
            [
              121.60068429973806,
              25.312677012357742
            ],
            [
              121.60378223793023,
              25.310997909684076
            ],
            [
              121.60668310756094,
              25.309052334906884
            ],
            [
              121.60935896341353,
              25.306859037318592
            ],
            [
              121.6117840327667,
              25.30443915240793
            ],
            [
              121.61393496370509,
              25.30181599781978
            ],
            [
              121.61579104990051,
              25.299014848299926
            ],
            [
              121.61733442970382,
              25.29606269181122
            ],
            [
              121.61855025764243,
              25.29298796918807
            ],
            [
              121.619426846692,
              25.289820299853343
            ],
            [
              121.61995577997912,
              25.286590196253876
            ],
            [
              121.62013199087235,
              25.283328769776666
            ],
            [
              121.61995381072695,
              25.280067430986886
            ],
            [
              121.61942298386487,
              25.27683758707994
            ],
            [
              121.61854464968654,
              25.273670339462992
            ],
            [
              121.61732729212963,
              25.270596184376515
            ],
            [
              121.61578265700085,
              25.267644719433285
            ],
            [
              121.61392563801428,
              25.264844358892017
            ],
            [
              121.61177413266567,
              25.262222060395565
            ],
            [
              121.60934886935759,
              25.259803065790617
            ],
            [
              121.606673207459,
              25.25761065850809
            ],
            [
              121.60377291223769,
              25.25566593982278
            ],
            [
              121.60067590683616,
              25.25398762612795
            ],
            [
              121.59741200367559,
              25.252591869158575
            ],
            [
              121.59401261786239,
              25.251492100876384
            ],
            [
              121.5905104653371,
              25.250698904493927
            ],
            [
              121.58693924864669,
              25.25021991286522
            ],
            [
              121.58333333333331,
              25.250059735209547
            ],
            [
              121.57972741801996,
              25.25021991286522
            ],
            [
              121.57615620132952,
              25.250698904493927
            ],
            [
              121.57265404880424,
              25.251492100876384
            ],
            [
              121.56925466299104,
              25.252591869158575
            ],
            [
              121.56599075983048,
              25.25398762612795
            ],
            [
              121.56289375442896,
              25.25566593982278
            ],
            [
              121.55999345920763,
              25.25761065850809
            ],
            [
              121.55731779730905,
              25.259803065790617
            ],
            [
              121.55489253400096,
              25.262222060395565
            ],
            [
              121.55274102865236,
              25.264844358892017
            ],
            [
              121.5508840096658,
              25.267644719433285
            ],
            [
              121.54933937453701,
              25.270596184376515
            ],
            [
              121.54812201698009,
              25.273670339462992
            ],
            [
              121.54724368280176,
              25.27683758707994
            ],
            [
              121.54671285593967,
              25.280067430986886
            ],
            [
              121.54653467579429,
              25.283328769776666
            ],
            [
              121.54671088668752,
              25.286590196253876
            ],
            [
              121.54723981997465,
              25.289820299853343
            ],
            [
              121.54811640902422,
              25.29298796918807
            ],
            [
              121.54933223696283,
              25.29606269181122
            ],
            [
              121.55087561676613,
              25.299014848299926
            ],
            [
              121.55273170296155,
              25.30181599781978
            ],
            [
              121.55488263389994,
              25.30443915240793
            ],
            [
              121.55730770325312,
              25.306859037318592
            ],
            [
              121.55998355910569,
              25.309052334906884
            ],
            [
              121.56288442873641,
              25.310997909684076
            ],
            [
              121.56598236692857,
              25.312677012357742
            ],
            [
              121.5692475254144,
              25.314073460872898
            ],
            [
              121.57264844084611,
              25.315173796692065
            ],
            [
              121.57615233850068,
              25.31596741479256
            ],
            [
              121.57972544876685,
              25.316446666113958
            ],
            [
              121.58333333333331,
              25.31660693145712
            ]
          ]
        ]
      },
      "properties": {
        "layer": "RCR",
        "code": "RCR46",
        "name_zh": "",
        "name_en": "",
        "floor_m": 0,
        "ceiling_m": 914,
        "floor_raw": "SFC",
        "ceiling_raw": "3000 FT AMSL",
        "airspace_class": "",
        "layer_index": 0,
        "source": "eAIP AIRAC 01-26 ENR 5.1",
        "warnings": [],
        "remarks": "臺電 (886-2-26383520)（第一核能發電廠） 晝夜連續限航。 申請單位應事先徵得管理單位同意後，得執行遙控無人機管理規則第33條災害應變或緊急情況。 Taiwan Power Company (886-2-26383520) (Nuclear Power Plant NR 1) H24. Application unit shall obtain prior approval from"
      }
    },
    {
      "type": "Feature",
      "geometry": {
        "type": "Polygon",
        "coordinates": [
          [
            [
              121.65000000000002,
              25.233273598123787
            ],
            [
              121.65360540778097,
              25.23311333294573
            ],
            [
              121.65717606524073,
              25.232634082113282
            ],
            [
              121.66067755781123,
              25.23184046480679
            ],
            [
              121.66407613915536,
              25.23074013005613
            ],
            [
              121.66733905712663,
              25.229343682842913
            ],
            [
              121.67043487003514,
              25.22766458165452
            ],
            [
              121.6733337501404,
              25.22571900848885
            ],
            [
              121.6760077714227,
              25.22352571257634
            ],
            [
              121.67843117884095,
              25.2211058293413
            ],
            [
              121.68058063647257,
              25.2184826763642
            ],
            [
              121.68243545214116,
              25.215681528328897
            ],
            [
              121.68397777637357,
              25.21272937314117
            ],
            [
              121.68519277378235,
              25.209654651585442
            ],
            [
              121.6860687652435,
              25.206486983043575
            ],
            [
              121.68659733952693,
              25.20325687993195
            ],
            [
              121.68677343333717,
              25.19999545361884
            ],
            [
              121.68659537903106,
              25.196734114663133
            ],
            [
              121.68606491959247,
              25.193504270266644
            ],
            [
              121.68518719076228,
              25.19033702185537
            ],
            [
              121.68397067053667,
              25.187262865700323
            ],
            [
              121.68242709656062,
              25.184311399455357
            ],
            [
              121.68057135224849,
              25.181511037429217
            ],
            [
              121.67842132276081,
              25.178888737321813
            ],
            [
              121.67599772225005,
              25.176469741041714
            ],
            [
              121.67332389405931,
              25.174277332084202
            ],
            [
              121.67042558580935,
              25.172332611788395
            ],
            [
              121.66733070154382,
              25.170654296609428
            ],
            [
              121.664069033316,
              25.169258538339264
            ],
            [
              121.66067197478891,
              25.16815876898959
            ],
            [
              121.65717221958796,
              25.167365571813942
            ],
            [
              121.6536034472842,
              25.166886579696808
            ],
            [
              121.65000000000002,
              25.166726401876215
            ],
            [
              121.64639655271584,
              25.166886579696808
            ],
            [
              121.64282778041206,
              25.167365571813942
            ],
            [
              121.63932802521111,
              25.16815876898959
            ],
            [
              121.63593096668403,
              25.169258538339264
            ],
            [
              121.63266929845621,
              25.170654296609428
            ],
            [
              121.62957441419067,
              25.172332611788395
            ],
            [
              121.62667610594072,
              25.174277332084202
            ],
            [
              121.62400227775,
              25.176469741041714
            ],
            [
              121.62157867723923,
              25.178888737321813
            ],
            [
              121.61942864775153,
              25.181511037429217
            ],
            [
              121.61757290343942,
              25.184311399455357
            ],
            [
              121.61602932946337,
              25.187262865700323
            ],
            [
              121.61481280923775,
              25.19033702185537
            ],
            [
              121.61393508040756,
              25.193504270266644
            ],
            [
              121.61340462096896,
              25.196734114663133
            ],
            [
              121.61322656666286,
              25.19999545361884
            ],
            [
              121.6134026604731,
              25.20325687993195
            ],
            [
              121.61393123475652,
              25.206486983043575
            ],
            [
              121.61480722621768,
              25.209654651585442
            ],
            [
              121.61602222362647,
              25.21272937314117
            ],
            [
              121.61756454785886,
              25.215681528328897
            ],
            [
              121.61941936352746,
              25.2184826763642
            ],
            [
              121.62156882115907,
              25.2211058293413
            ],
            [
              121.62399222857734,
              25.22352571257634
            ],
            [
              121.62666624985964,
              25.22571900848885
            ],
            [
              121.6295651299649,
              25.22766458165452
            ],
            [
              121.6326609428734,
              25.229343682842913
            ],
            [
              121.63592386084468,
              25.23074013005613
            ],
            [
              121.63932244218881,
              25.23184046480679
            ],
            [
              121.6428239347593,
              25.232634082113282
            ],
            [
              121.64639459221905,
              25.23311333294573
            ],
            [
              121.65000000000002,
              25.233273598123787
            ]
          ]
        ]
      },
      "properties": {
        "layer": "RCR",
        "code": "RCR47",
        "name_zh": "",
        "name_en": "",
        "floor_m": 0,
        "ceiling_m": 914,
        "floor_raw": "SFC",
        "ceiling_raw": "3000 FT AMSL",
        "airspace_class": "",
        "layer_index": 0,
        "source": "eAIP AIRAC 01-26 ENR 5.1",
        "warnings": [],
        "remarks": "臺電 (886-2-24082546)（第二核能發電廠） 晝夜連續限航。 申請單位應事先徵得管理單位同意後，得執行遙控無人機管理規則第33條災害應變或緊急情況。 Taiwan Power Company (886-2-24082546) (Nuclear Power Plant NR 2) H24. Application unit shall obtain prior approval from"
      }
    },
    {
      "type": "Feature",
      "geometry": {
        "type": "Polygon",
        "coordinates": [
          [
            [
              121.51888888888888,
              25.048611111111114
            ],
            [
              121.5025,
              25.043055555555558
            ],
            [
              121.50944444444444,
              25.030555555555555
            ],
            [
              121.52388888888889,
              25.03527777777778
            ],
            [
              121.51888888888888,
              25.048611111111114
            ]
          ]
        ]
      },
      "properties": {
        "layer": "RCR",
        "code": "RCR48",
        "name_zh": "",
        "name_en": "",
        "floor_m": 0,
        "ceiling_m": 1219,
        "floor_raw": "SFC",
        "ceiling_raw": "4000 FT AMSL",
        "airspace_class": "",
        "layer_index": 0,
        "source": "eAIP AIRAC 01-26 ENR 5.1",
        "warnings": [],
        "remarks": "總統府侍衛室 (886-2-23206851) 晝夜連續限航。 本區係由臺北車站、中興橋東側橋頭、植物園及中正紀念堂4個目視參考點所圍成之區域，任何航空器未經核准前不得進入。 為執行遙控無人機管理規則第33條災害應變或緊急情況，申請者可優先執行任務並於作業前後通報管理單位。 Presidential Guard Office (886-2-23206851) H24. Area encircled"
      }
    },
    {
      "type": "Feature",
      "geometry": {
        "type": "Polygon",
        "coordinates": [
          [
            [
              121.07138888888889,
              24.542971319761534
            ],
            [
              121.07622866982891,
              24.542754960933646
            ],
            [
              121.08102179139726,
              24.542107970329596
            ],
            [
              121.08572204548987,
              24.541036585414243
            ],
            [
              121.0902841221181,
              24.539551134913328
            ],
            [
              121.09466404746219,
              24.537665938929518
            ],
            [
              121.09881960884627,
              24.535399170476815
            ],
            [
              121.10271076248519,
              24.53277267978824
            ],
            [
              121.10630002002922,
              24.529811783115075
            ],
            [
              121.10955281014955,
              24.526545018081276
            ],
            [
              121.11243781166127,
              24.523003867981636
            ],
            [
              121.11492725496869,
              24.519222457712168
            ],
            [
              121.11699718893829,
              24.515237224294754
            ],
            [
              121.1186277106504,
              24.511086565200973
            ],
            [
              121.11980315585319,
              24.50681046789165
            ],
            [
              121.12051224833182,
              24.502450124165513
            ],
            [
              121.12074820681158,
              24.49804753305209
            ],
            [
              121.12050880843114,
              24.493645096088727
            ],
            [
              121.1197964082451,
              24.48928520888888
            ],
            [
              121.11861791464138,
              24.485009852938063
            ],
            [
              121.11698472098308,
              24.480860191545045
            ],
            [
              121.11491259420339,
              24.47687617382964
            ],
            [
              121.11242152149045,
              24.473096150544727
            ],
            [
              121.10953551659505,
              24.469556505411195
            ],
            [
              121.10628238767245,
              24.46629130549009
            ],
            [
              121.10269346892774,
              24.4633319739298
            ],
            [
              121.09880331867002,
              24.46070698820787
            ],
            [
              121.09464938668981,
              24.458441606740532
            ],
            [
              121.09027165415525,
              24.45655762645968
            ],
            [
              121.08571224947377,
              24.455073173660487
            ],
            [
              121.08101504378374,
              24.454002530104443
            ],
            [
              121.07622522992529,
              24.453355996027224
            ],
            [
              121.07138888888889,
              24.45313979134958
            ],
            [
              121.06655254785251,
              24.453355996027224
            ],
            [
              121.06176273399406,
              24.454002530104443
            ],
            [
              121.05706552830402,
              24.455073173660487
            ],
            [
              121.05250612362255,
              24.45655762645968
            ],
            [
              121.04812839108799,
              24.458441606740532
            ],
            [
              121.04397445910777,
              24.46070698820787
            ],
            [
              121.04008430885006,
              24.4633319739298
            ],
            [
              121.03649539010534,
              24.46629130549009
            ],
            [
              121.03324226118275,
              24.469556505411195
            ],
            [
              121.03035625628735,
              24.473096150544727
            ],
            [
              121.0278651835744,
              24.47687617382964
            ],
            [
              121.02579305679471,
              24.480860191545045
            ],
            [
              121.02415986313642,
              24.485009852938063
            ],
            [
              121.0229813695327,
              24.48928520888888
            ],
            [
              121.02226896934664,
              24.493645096088727
            ],
            [
              121.02202957096621,
              24.49804753305209
            ],
            [
              121.02226552944597,
              24.502450124165513
            ],
            [
              121.0229746219246,
              24.50681046789165
            ],
            [
              121.0241500671274,
              24.511086565200973
            ],
            [
              121.02578058883951,
              24.515237224294754
            ],
            [
              121.02785052280909,
              24.519222457712168
            ],
            [
              121.03033996611653,
              24.523003867981636
            ],
            [
              121.03322496762824,
              24.526545018081276
            ],
            [
              121.03647775774857,
              24.529811783115075
            ],
            [
              121.0400670152926,
              24.53277267978824
            ],
            [
              121.04395816893152,
              24.535399170476815
            ],
            [
              121.0481137303156,
              24.537665938929518
            ],
            [
              121.05249365565967,
              24.539551134913328
            ],
            [
              121.05705573228792,
              24.541036585414243
            ],
            [
              121.06175598638053,
              24.542107970329596
            ],
            [
              121.06654910794889,
              24.542754960933646
            ],
            [
              121.07138888888889,
              24.542971319761534
            ]
          ]
        ]
      },
      "properties": {
        "layer": "RCR",
        "code": "RCR50",
        "name_zh": "",
        "name_en": "",
        "floor_m": 0,
        "ceiling_m": 6096,
        "floor_raw": "SFC",
        "ceiling_raw": "FL200",
        "airspace_class": "",
        "layer_index": 0,
        "source": "eAIP AIRAC 01-26 ENR 5.1",
        "warnings": [
          "第二段範圍/高度：危險區（PoC 僅保留首段，第二段 TODO）"
        ],
        "remarks": "空軍作戰指揮部(886-2-27321594) 晝夜連續限航。 任何航空器未經核准前不得進入。 申請單位應事先徵得管理單位同意後，得許可航空器於限航時段飛航。 申請單位應事先徵得管理單位同意後，得執行遙控無人機管理規則第33條災害應變或緊急情況。 Air Force Combatant Command (886-2-27321594) H24, prior permission is requir"
      }
    },
    {
      "type": "Feature",
      "geometry": {
        "type": "Polygon",
        "coordinates": [
          [
            [
              121.08333333333333,
              22.166666666666668
            ],
            [
              121.08333333333333,
              21.833333333333332
            ],
            [
              120.66666666666667,
              21.833333333333332
            ],
            [
              120.66666666666667,
              21.883333333333333
            ],
            [
              120.91666666666667,
              21.883333333333333
            ],
            [
              120.91666666666667,
              22.166666666666668
            ],
            [
              121.08333333333333,
              22.166666666666668
            ]
          ]
        ]
      },
      "properties": {
        "layer": "DANGER",
        "code": "Nanwan_Training_Area",
        "name_zh": "南灣訓練空域",
        "name_en": "Nanwan Training Area  221000N 1210500E - 215000N 1210500E - 215000N 1204000E - 215300N 1204000E - 215300N 1205500E - 221000N 1205500E - 221000N 1210500E.",
        "floor_m": 914,
        "ceiling_m": 3962,
        "floor_raw": "3000 FT AMSL",
        "ceiling_raw": "FL130",
        "airspace_class": "",
        "layer_index": 0,
        "source": "eAIP AIRAC 01-26 ENR 5.3",
        "warnings": [],
        "remarks": "H24"
      }
    },
    {
      "type": "Feature",
      "geometry": {
        "type": "Polygon",
        "coordinates": [
          [
            [
              121.12666666666667,
              22.92666666666667
            ],
            [
              121.11277777777777,
              22.934722222222224
            ],
            [
              121.17666666666668,
              23.102222222222224
            ],
            [
              121.21972222222223,
              23.12527777777778
            ],
            [
              121.37972222222221,
              23.098055555555554
            ],
            [
              121.29305555555555,
              22.954166666666666
            ],
            [
              121.12666666666667,
              22.92666666666667
            ]
          ]
        ]
      },
      "properties": {
        "layer": "DANGER",
        "code": "Taitung_Rift_Valley_Training_Area",
        "name_zh": "臺東縱谷訓練空域",
        "name_en": "Taitung Rift Valley Training Area  225536N 1210736E - 225605N 1210646E - 230608N 1211036E - 230731N 1211311E - 230553N 1212247E - 225715N 1211735E - 225536N 1210736E.",
        "floor_m": 1066,
        "ceiling_m": 2895,
        "floor_raw": "3500 FT AMSL",
        "ceiling_raw": "9500 FT AMSL",
        "airspace_class": "",
        "layer_index": 0,
        "source": "eAIP AIRAC 01-26 ENR 5.3",
        "warnings": [],
        "remarks": "H24"
      }
    },
    {
      "type": "Feature",
      "geometry": {
        "type": "Polygon",
        "coordinates": [
          [
            [
              120.61972222222222,
              23.976388888888888
            ],
            [
              120.60055555555554,
              23.941388888888888
            ],
            [
              120.58666666666666,
              23.8075
            ],
            [
              120.64472222222223,
              23.797500000000003
            ],
            [
              120.64777777777779,
              23.954722222222223
            ],
            [
              120.61972222222222,
              23.976388888888888
            ]
          ]
        ]
      },
      "properties": {
        "layer": "ULZ",
        "code": "Beidou_East",
        "name_zh": "北斗東",
        "name_en": "Beidou East  235835N 1203711E - 235629N 1203602E - 234827N 1203512E - 234751N 1203841E - 235717N 1203852E - 235835N 1203711E.",
        "floor_m": null,
        "ceiling_m": 152,
        "floor_raw": "",
        "ceiling_raw": "500 FT",
        "airspace_class": "",
        "layer_index": 0,
        "source": "eAIP AIRAC 01-26 ENR 5.5",
        "warnings": [],
        "remarks": "備註: 1. 東面與貓羅溪超輕空域相接，南面與濁水溪超輕空域相接。 2. 不含社頭都市計畫區、田中都市計畫區、二水都市計畫區、八卦山脈風景特定區等都市計畫區。 3. 須依「超輕活動團體固定活動航線」東航線進出本空域: 東航線 235831N 1203951E 235422N 1203635E 235122N 1203709E 234651N 1203617E 4. 附近有C35目視走廊。  Rem"
      }
    },
    {
      "type": "Feature",
      "geometry": {
        "type": "Polygon",
        "coordinates": [
          [
            [
              120.60055555555554,
              23.941388888888888
            ],
            [
              120.45194444444445,
              23.958055555555553
            ],
            [
              120.40722222222223,
              24.05611111111111
            ],
            [
              120.35027777777778,
              23.834999999999997
            ],
            [
              120.39777777777779,
              23.83972222222222
            ],
            [
              120.58666666666666,
              23.8075
            ],
            [
              120.60055555555554,
              23.941388888888888
            ]
          ]
        ]
      },
      "properties": {
        "layer": "ULZ",
        "code": "Main",
        "name_zh": "主區域",
        "name_en": "Main  235629N 1203602E - 235729N 1202707E - 240322N 1202426E - 235006N 1202101E - 235023N 1202352E - 234827N 1203512E - 235629N 1203602E.",
        "floor_m": null,
        "ceiling_m": 304,
        "floor_raw": "",
        "ceiling_raw": "1000 FT AMSL",
        "airspace_class": "",
        "layer_index": 0,
        "source": "eAIP AIRAC 01-26 ENR 5.5",
        "warnings": [],
        "remarks": "備註: 1. 東面與北斗東超輕空域相接，南面與濁水溪超輕空域相接。 2. 不含溪湖都市計畫區、埤頭都市計畫區、竹塘都市計畫區、永靖都市計畫區、田尾都市計畫區、北斗都市計畫區、溪州都市計畫區、社頭都市計畫區、田中都市計畫區、二林都市計畫區、高速公路員林交流道附近特定區、田尾園藝(公路公園)特定區及高速鐵路彰化車站特定區。 3. 須依「超輕活動團體固定活動航線」北航線進出本空域: 北航線 235817"
      }
    },
    {
      "type": "Feature",
      "geometry": {
        "type": "Polygon",
        "coordinates": [
          [
            [
              120.55499999999999,
              23.93305555555556
            ],
            [
              120.55972222222222,
              23.92
            ],
            [
              120.54027777777777,
              23.86777777777778
            ],
            [
              120.51055555555556,
              23.845277777777778
            ],
            [
              120.48305555555555,
              23.84472222222222
            ],
            [
              120.48555555555555,
              23.858055555555556
            ],
            [
              120.51861111111111,
              23.91222222222222
            ],
            [
              120.54888888888888,
              23.93305555555556
            ],
            [
              120.55499999999999,
              23.93305555555556
            ]
          ]
        ]
      },
      "properties": {
        "layer": "ULZ",
        "code": "No_Entry_Area",
        "name_zh": "禁止進入區域",
        "name_en": "No Entry Area  235559N 1203318E - 235512N 1203335E - 235204N 1203225E - 235043N 1203038E - 235041N 1202859E - 235129N 1202908E - 235444N 1203107E - 235559N 1203256E - 235559N 1203318E.",
        "floor_m": null,
        "ceiling_m": 304,
        "floor_raw": "",
        "ceiling_raw": "1000 FT AMSL",
        "airspace_class": "",
        "layer_index": 0,
        "source": "eAIP AIRAC 01-26 ENR 5.5",
        "warnings": [],
        "remarks": "備註: 1. 東面與北斗東超輕空域相接，南面與濁水溪超輕空域相接。 2. 不含溪湖都市計畫區、埤頭都市計畫區、竹塘都市計畫區、永靖都市計畫區、田尾都市計畫區、北斗都市計畫區、溪州都市計畫區、社頭都市計畫區、田中都市計畫區、二林都市計畫區、高速公路員林交流道附近特定區、田尾園藝(公路公園)特定區及高速鐵路彰化車站特定區。 3. 須依「超輕活動團體固定活動航線」北航線進出本空域: 北航線 235817"
      }
    },
    {
      "type": "Feature",
      "geometry": {
        "type": "Polygon",
        "coordinates": [
          [
            [
              120.6975,
              23.107222222222223
            ],
            [
              120.6725,
              23.073888888888888
            ],
            [
              120.63583333333334,
              23.014722222222222
            ],
            [
              120.61749999999999,
              22.893333333333334
            ],
            [
              120.64833333333334,
              22.88
            ],
            [
              120.6975,
              23.107222222222223
            ]
          ]
        ]
      },
      "properties": {
        "layer": "ULZ",
        "code": "Bulao_Hot_Spring",
        "name_zh": "不老溫泉",
        "name_en": "Bulao Hot Spring  230626N 1204151E - 230426N 1204021E - 230053N 1203809E - 225336N 1203703E - 225248N 1203854E - 230626N 1204151E.",
        "floor_m": null,
        "ceiling_m": 152,
        "floor_raw": "",
        "ceiling_raw": "500 FT",
        "airspace_class": "",
        "layer_index": 0,
        "source": "eAIP AIRAC 01-26 ENR 5.5",
        "warnings": [],
        "remarks": "備註: 1. 南面與南華超輕空域相接。 2. 起飛前需先以電話與海軍左營塔臺聯絡(886-7-5856823)。  Remarks: 1. The south side is connected with ULM airspace Nanhua. 2. Contact Zuoying tower (886-7-5856823) before take-off. 活動時間/Time of ACT: "
      }
    },
    {
      "type": "Feature",
      "geometry": {
        "type": "Polygon",
        "coordinates": [
          [
            [
              121.3938888888889,
              24.96833333333333
            ],
            [
              121.35249999999999,
              24.945555555555554
            ],
            [
              121.33749999999999,
              24.936666666666667
            ],
            [
              121.31138888888889,
              24.907777777777778
            ],
            [
              121.32222222222222,
              24.90972222222222
            ],
            [
              121.35277777777777,
              24.933611111111112
            ],
            [
              121.35722222222222,
              24.94
            ],
            [
              121.39444444444445,
              24.96333333333333
            ],
            [
              121.3938888888889,
              24.96833333333333
            ]
          ]
        ]
      },
      "properties": {
        "layer": "ULZ",
        "code": "Dahan_River",
        "name_zh": "大漢溪",
        "name_en": "Dahan River  245806N 1212338E - 245644N 1212109E - 245612N 1212015E - 245428N 1211841E - 245435N 1211920E - 245601N 1212110E - 245624N 1212126E - 245748N 1212340E - 245806N 1212338E.",
        "floor_m": null,
        "ceiling_m": 152,
        "floor_raw": "",
        "ceiling_raw": "500 FT",
        "airspace_class": "",
        "layer_index": 0,
        "source": "eAIP AIRAC 01-26 ENR 5.5",
        "warnings": [],
        "remarks": "備註: 1. 不含鶯歌都市計畫區之住宅區。 2. 附近有C10及C33目視走廊。  Remarks: 1. Excluding residential quarter in urban planning area. 2. VFR corridors C10, C33 pass. 活動時間/Time of ACT: MON-FRI 0730-SS (UTC) MON-FRI SR-0230 (UTC"
      }
    },
    {
      "type": "Feature",
      "geometry": {
        "type": "Polygon",
        "coordinates": [
          [
            [
              120.5,
              22.42777777777778
            ],
            [
              120.50055555555555,
              22.458055555555553
            ],
            [
              120.46194444444444,
              22.46944444444444
            ],
            [
              120.45277777777778,
              22.455277777777777
            ],
            [
              120.5,
              22.42777777777778
            ]
          ]
        ]
      },
      "properties": {
        "layer": "ULZ",
        "code": "Dapeng_Gulf",
        "name_zh": "大鵬灣",
        "name_en": "Dapeng Gulf  222540N 1203000E - 222729N 1203002E - 222810N 1202743E - 222719N 1202710E - 222540N 1203000E.",
        "floor_m": null,
        "ceiling_m": 304,
        "floor_raw": "",
        "ceiling_raw": "1000 FT AMSL",
        "airspace_class": "",
        "layer_index": 0,
        "source": "eAIP AIRAC 01-26 ENR 5.5",
        "warnings": [],
        "remarks": "備註: 1. 不含東港都市計畫區及林邊鄉都市計劃區。 2. 附近有C9目視走廊。  Remarks: 1. Excluding urban planning area. 2. VFR corridors C9 passes. 活動時間/Time of ACT: HJ"
      }
    },
    {
      "type": "Feature",
      "geometry": {
        "type": "Polygon",
        "coordinates": [
          [
            [
              120.6438888888889,
              22.76888888888889
            ],
            [
              120.615,
              22.78777777777778
            ],
            [
              120.5786111111111,
              22.804722222222225
            ],
            [
              120.62249999999999,
              22.829722222222223
            ],
            [
              120.6438888888889,
              22.76888888888889
            ]
          ]
        ]
      },
      "properties": {
        "layer": "ULZ",
        "code": "Gaoshu",
        "name_zh": "高樹",
        "name_en": "Gaoshu  224608N 1203838E - 224716N 1203654E - 224817N 1203443E - 224947N 1203721E - 224608N 1203838E.",
        "floor_m": null,
        "ceiling_m": 152,
        "floor_raw": "",
        "ceiling_raw": "500 FT",
        "airspace_class": "",
        "layer_index": 0,
        "source": "eAIP AIRAC 01-26 ENR 5.5",
        "warnings": [],
        "remarks": "備註: 1. 西面與南華超輕空域相接。 2. 起飛前需先以電話與海軍左營塔臺聯絡(886-7-5856823)。  Remarks: 1. The west side is connected with ULM airspace Nanhua. 2. Contact Zuoying tower (886-7-5856823) before take-off. 活動時間/Time of ACT: S"
      }
    },
    {
      "type": "Feature",
      "geometry": {
        "type": "Polygon",
        "coordinates": [
          [
            [
              121.56972222222223,
              23.903888888888886
            ],
            [
              121.58444444444444,
              23.897222222222222
            ],
            [
              121.51805555555555,
              23.787222222222223
            ],
            [
              121.49972222222222,
              23.791111111111114
            ],
            [
              121.51777777777778,
              23.84611111111111
            ],
            [
              121.54305555555555,
              23.880833333333335
            ],
            [
              121.56972222222223,
              23.903888888888886
            ]
          ]
        ]
      },
      "properties": {
        "layer": "ULZ",
        "code": "Hualien_Mugua_River",
        "name_zh": "花蓮木瓜溪",
        "name_en": "Hualien Mugua River  235414N 1213411E - 235350N 1213504E - 234714N 1213105E - 234728N 1212959E - 235046N 1213104E - 235251N 1213235E - 235414N 1213411E.",
        "floor_m": null,
        "ceiling_m": 152,
        "floor_raw": "",
        "ceiling_raw": "500 FT AMSL",
        "airspace_class": "",
        "layer_index": 0,
        "source": "eAIP AIRAC 01-26 ENR 5.5",
        "warnings": [],
        "remarks": "備註: 1. 不得進入「擬定東華大學城特定區主要計畫案」之範圍。 2. 本空域僅供進出花東超輕空域使用，不得於空域內盤旋活動。 3. 使用本空域請依本局網頁公布之「花蓮木瓜溪超輕空域飛行管理作業指導」辦理。 4. 南面與花東超輕空域相接。  Remarks: 1. Entering Dong Hwa University master planning area is prohibited. 2."
      }
    },
    {
      "type": "Feature",
      "geometry": {
        "type": "Polygon",
        "coordinates": [
          [
            [
              120.295,
              23.850555555555555
            ],
            [
              120.28,
              23.80138888888889
            ],
            [
              120.47805555555556,
              23.789166666666667
            ],
            [
              120.60666666666665,
              23.766111111111112
            ],
            [
              120.64444444444445,
              23.797777777777778
            ],
            [
              120.48611111111111,
              23.825
            ],
            [
              120.39777777777779,
              23.83972222222222
            ],
            [
              120.35027777777778,
              23.834999999999997
            ],
            [
              120.295,
              23.850555555555555
            ]
          ]
        ]
      },
      "properties": {
        "layer": "ULZ",
        "code": "Jhuoshuei_River",
        "name_zh": "濁水溪",
        "name_en": "Jhuoshuei River  235102N 1201742E - 234805N 1201648E - 234721N 1202841E - 234558N 1203624E - 234752N 1203840E - 234930N 1202910E - 235023N 1202352E - 235006N 1202101E - 235102N 1201742E.",
        "floor_m": null,
        "ceiling_m": 304,
        "floor_raw": "",
        "ceiling_raw": "1000 FT AMSL",
        "airspace_class": "",
        "layer_index": 0,
        "source": "eAIP AIRAC 01-26 ENR 5.5",
        "warnings": [],
        "remarks": "備註: 1. 北面與北斗二林及北斗東超輕空域相連。 2. 不含西螺都市計畫區、二水都市計畫區。 3. 附近有C3、C11及C35目視走廊。  Remarks: 1. The north side is connected with ULM airspace Beidou Erlin and Beidou East. 2. Excluding urban planning area. 3. VFR "
      }
    },
    {
      "type": "Feature",
      "geometry": {
        "type": "Polygon",
        "coordinates": [
          [
            [
              121.63333333333334,
              24.7
            ],
            [
              121.78861111111111,
              24.7525
            ],
            [
              121.79916666666666,
              24.691111111111113
            ],
            [
              121.64166666666668,
              24.683333333333334
            ],
            [
              121.63333333333334,
              24.7
            ]
          ]
        ]
      },
      "properties": {
        "layer": "ULZ",
        "code": "Lanyang_River",
        "name_zh": "蘭陽溪",
        "name_en": "Lanyang River  244200N 1213800E - 244509N 1214719E - 244128N 1214757E - 244100N 1213830E - 244200N 1213800E.",
        "floor_m": null,
        "ceiling_m": 304,
        "floor_raw": "",
        "ceiling_raw": "1000 FT AMSL",
        "airspace_class": "",
        "layer_index": 0,
        "source": "eAIP AIRAC 01-26 ENR 5.5",
        "warnings": [],
        "remarks": "備註: 1. 不含宜蘭縣政中心及五結學進地區都市計畫區。 2. 東面與宜蘭超輕空域相接。 3. 附近有C10目視走廊。  Remarks: 1. Excluding urban planning area. 2. The east side is connected with ULM airspace Yilan. 3. VFR corridors C10 passes. 活動時間/Time of"
      }
    },
    {
      "type": "Feature",
      "geometry": {
        "type": "Polygon",
        "coordinates": [
          [
            [
              121.64166666666668,
              24.683333333333334
            ],
            [
              121.6125,
              24.71
            ],
            [
              121.56444444444445,
              24.644166666666667
            ],
            [
              121.81,
              24.598888888888887
            ],
            [
              121.8275,
              24.60888888888889
            ],
            [
              121.76361111111112,
              24.644166666666667
            ],
            [
              121.74055555555556,
              24.66888888888889
            ],
            [
              121.73361111111112,
              24.690555555555555
            ],
            [
              121.64166666666668,
              24.683333333333334
            ]
          ]
        ]
      },
      "properties": {
        "layer": "ULZ",
        "code": "Luodong",
        "name_zh": "羅東",
        "name_en": "Luodong  244100N 1213830E - 244236N 1213645E - 243839N 1213352E - 243556N 1214836E - 243632N 1214939E - 243839N 1214549E - 244008N 1214426E - 244126N 1214401E - 244100N 1213830E.",
        "floor_m": null,
        "ceiling_m": 152,
        "floor_raw": "",
        "ceiling_raw": "500 FT",
        "airspace_class": "",
        "layer_index": 0,
        "source": "eAIP AIRAC 01-26 ENR 5.5",
        "warnings": [],
        "remarks": "備註: 1. 北面與蘭陽溪超輕空域相接。 2. 不得進入國有林班地、「三星都市計畫」及「梅花湖風景特定區計畫」等區域。  Remarks: 1. The north side is connected with ULM airspace Lanyang River. 2. Entering National forest compartment, Sanxing urban planning ar"
      }
    },
    {
      "type": "Feature",
      "geometry": {
        "type": "Polygon",
        "coordinates": [
          [
            [
              120.94444444444444,
              24.616388888888892
            ],
            [
              120.78416666666666,
              24.609722222222224
            ],
            [
              120.6913888888889,
              24.47722222222222
            ],
            [
              120.81722222222221,
              24.43722222222222
            ],
            [
              120.89,
              24.429722222222225
            ],
            [
              120.94444444444444,
              24.616388888888892
            ]
          ]
        ]
      },
      "properties": {
        "layer": "ULZ",
        "code": "Miaoli",
        "name_zh": "苗栗",
        "name_en": "Miaoli  243659N 1205640E - 243635N 1204703E - 242838N 1204129E - 242614N 1204902E - 242547N 1205324E - 243659N 1205640E.",
        "floor_m": null,
        "ceiling_m": 152,
        "floor_raw": "",
        "ceiling_raw": "500 FT",
        "airspace_class": "",
        "layer_index": 0,
        "source": "eAIP AIRAC 01-26 ENR 5.5",
        "warnings": [],
        "remarks": "備註: 1. 活動空域不含苗栗市、後龍鎮、通霄鎮、公館鄉、頭屋鄉、銅鑼鄉都市計畫區。 2. 苗栗附近有C3及C33目視走廊。  Remarks: 1. Excluding urban planning area. 2. VFR corridors C3, C33 pass. 活動時間/Time of ACT: SAT , SUN , HOL HJ (UTC)"
      }
    },
    {
      "type": "Feature",
      "geometry": {
        "type": "Polygon",
        "coordinates": [
          [
            [
              120.61749999999999,
              22.893333333333334
            ],
            [
              120.52944444444444,
              22.816111111111113
            ],
            [
              120.56027777777777,
              22.785555555555558
            ],
            [
              120.59722222222221,
              22.77583333333333
            ],
            [
              120.6438888888889,
              22.76888888888889
            ],
            [
              120.615,
              22.78777777777778
            ],
            [
              120.5786111111111,
              22.804722222222225
            ],
            [
              120.59305555555555,
              22.833333333333332
            ],
            [
              120.64833333333334,
              22.88
            ],
            [
              120.61749999999999,
              22.893333333333334
            ]
          ]
        ]
      },
      "properties": {
        "layer": "ULZ",
        "code": "Nanhua",
        "name_zh": "南華",
        "name_en": "Nanhua  225336N 1203703E - 224858N 1203146E - 224708N 1203337E - 224633N 1203550E - 224608N 1203838E - 224716N 1203654E - 224817N 1203443E - 225000N 1203535E - 225248N 1203854E - 225336N 1203703E.",
        "floor_m": null,
        "ceiling_m": 152,
        "floor_raw": "",
        "ceiling_raw": "500 FT",
        "airspace_class": "",
        "layer_index": 0,
        "source": "eAIP AIRAC 01-26 ENR 5.5",
        "warnings": [],
        "remarks": "備註: 1. 北面與不老溫泉超輕空域相接，東面與高樹超輕空域相接，南面與賽嘉超輕空域相接。 2. 起飛前需先以電話與海軍左營塔臺聯絡(886-7-5856823)。  Remarks: 1. The north side is connected with ULM airspace Bulao Hot Spring while the east side is connected with Gao"
      }
    },
    {
      "type": "Feature",
      "geometry": {
        "type": "Polygon",
        "coordinates": [
          [
            [
              121.80666666666666,
              25.148333333333333
            ],
            [
              121.79472222222222,
              25.130555555555556
            ],
            [
              121.82916666666667,
              25.08833333333333
            ],
            [
              121.88166666666666,
              25.120833333333334
            ],
            [
              121.82666666666667,
              25.135833333333334
            ],
            [
              121.80666666666666,
              25.148333333333333
            ]
          ]
        ]
      },
      "properties": {
        "layer": "ULZ",
        "code": "Rueifang",
        "name_zh": "瑞芳",
        "name_en": "Rueifang  250854N 1214824E - 250750N 1214741E - 250518N 1214945E - 250715N 1215254E - 250809N 1214936E - 250854N 1214824E.",
        "floor_m": null,
        "ceiling_m": 152,
        "floor_raw": "",
        "ceiling_raw": "500 FT",
        "airspace_class": "",
        "layer_index": 0,
        "source": "eAIP AIRAC 01-26 ENR 5.5",
        "warnings": [],
        "remarks": "備註: 附近有C2目視走廊。  Remarks: VFR corridor C2 passes. 活動時間/Time of ACT: HJ"
      }
    },
    {
      "type": "Feature",
      "geometry": {
        "type": "Polygon",
        "coordinates": [
          [
            [
              120.59722222222221,
              22.77583333333333
            ],
            [
              120.59444444444443,
              22.756666666666668
            ],
            [
              120.61166666666666,
              22.728055555555553
            ],
            [
              120.64722222222223,
              22.71
            ],
            [
              120.64611111111111,
              22.73222222222222
            ],
            [
              120.63583333333334,
              22.73222222222222
            ],
            [
              120.635,
              22.75888888888889
            ],
            [
              120.6438888888889,
              22.76888888888889
            ],
            [
              120.59722222222221,
              22.77583333333333
            ]
          ]
        ]
      },
      "properties": {
        "layer": "ULZ",
        "code": "Saijia",
        "name_zh": "賽嘉",
        "name_en": "Saijia  224633N 1203550E - 224524N 1203540E - 224341N 1203642E - 224236N 1203850E - 224356N 1203846E - 224356N 1203809E - 224532N 1203806E - 224608N 1203838E - 224633N 1203550E.",
        "floor_m": null,
        "ceiling_m": 152,
        "floor_raw": "",
        "ceiling_raw": "500 FT",
        "airspace_class": "",
        "layer_index": 0,
        "source": "eAIP AIRAC 01-26 ENR 5.5",
        "warnings": [],
        "remarks": "備註: 1. 北面與南華超輕空域相接。 2. 起飛前需先以電話與海軍左營塔臺聯絡(886-7-5856823)。  Remarks: 1. The north side is connected with ULM airspace Nanhua. 2. Contact Zuoying tower (886-7-5856823) before take-off. 活動時間/Time of ACT: "
      }
    },
    {
      "type": "Feature",
      "geometry": {
        "type": "Polygon",
        "coordinates": [
          [
            [
              119.49138888888889,
              23.39611111111111
            ],
            [
              119.49,
              23.394444444444446
            ],
            [
              119.49305555555556,
              23.389166666666664
            ],
            [
              119.49194444444444,
              23.380833333333335
            ],
            [
              119.49166666666667,
              23.379166666666666
            ],
            [
              119.49333333333334,
              23.370555555555555
            ],
            [
              119.48777777777778,
              23.356944444444444
            ],
            [
              119.49027777777778,
              23.352777777777778
            ],
            [
              119.51277777777777,
              23.353611111111114
            ],
            [
              119.525,
              23.358333333333334
            ],
            [
              119.53722222222223,
              23.365555555555556
            ],
            [
              119.54416666666667,
              23.36527777777778
            ],
            [
              119.53972222222222,
              23.37388888888889
            ],
            [
              119.51611111111112,
              23.372777777777777
            ],
            [
              119.51305555555555,
              23.384722222222223
            ],
            [
              119.50611111111111,
              23.383888888888887
            ],
            [
              119.50833333333334,
              23.390833333333333
            ],
            [
              119.50472222222223,
              23.39361111111111
            ],
            [
              119.4975,
              23.3925
            ],
            [
              119.49416666666667,
              23.39638888888889
            ],
            [
              119.49138888888889,
              23.39611111111111
            ]
          ]
        ]
      },
      "properties": {
        "layer": "ULZ",
        "code": "Wang_An",
        "name_zh": "望安",
        "name_en": "Wang An  232346N 1192929E - 232340N 1192924E - 232321N 1192935E - 232251N 1192931E - 232245N 1192930E - 232214N 1192936E - 232125N 1192916E - 232110N 1192925E - 232113N 1193046E - 232130N 1193130E - 232156N 1193214E - 232155N 1193239E - 232226N 1193223E - 232222N 1193058E - 232305N 1193047E - 232302N 1193022E - 232327N 1193030E - 232337N 1193017E - 232333N 1192951E - 232347N 1192939E - 232346N 1192929E.",
        "floor_m": null,
        "ceiling_m": 304,
        "floor_raw": "",
        "ceiling_raw": "1000 FT AMSL",
        "airspace_class": "",
        "layer_index": 0,
        "source": "eAIP AIRAC 01-26 ENR 5.5",
        "warnings": [],
        "remarks": "備註: 該空域(望安島及將軍村之陸地上空)屬非管制空域。  Remarks: This airspace (Wang-an island and Jiangjun village) is in uncontrolled airspace. 活動時間/Time of ACT: HJ"
      }
    },
    {
      "type": "Feature",
      "geometry": {
        "type": "Polygon",
        "coordinates": [
          [
            [
              121.86972222222222,
              24.919444444444444
            ],
            [
              121.88444444444445,
              24.92
            ],
            [
              121.8261111111111,
              24.84
            ],
            [
              121.83611111111111,
              24.692777777777778
            ],
            [
              121.79916666666666,
              24.691111111111113
            ],
            [
              121.78861111111111,
              24.7525
            ],
            [
              121.77166666666666,
              24.796666666666667
            ],
            [
              121.79972222222221,
              24.855
            ],
            [
              121.86972222222222,
              24.919444444444444
            ]
          ]
        ]
      },
      "properties": {
        "layer": "ULZ",
        "code": "Yilan",
        "name_zh": "宜蘭",
        "name_en": "Yilan  245510N 1215211E - 245512N 1215304E - 245024N 1214934E - 244134N 1215010E - 244128N 1214757E - 244509N 1214719E - 244748N 1214618E - 245118N 1214759E - 245510N 1215211E.",
        "floor_m": null,
        "ceiling_m": 304,
        "floor_raw": "",
        "ceiling_raw": "1000 FT AMSL",
        "airspace_class": "",
        "layer_index": 0,
        "source": "eAIP AIRAC 01-26 ENR 5.5",
        "warnings": [],
        "remarks": "備註: 1. 活動空域不含頭城鎮都市計畫區。 2. 西面與蘭陽溪超輕空域相接。 3. 附近有C2及C10目視走廊。  Remarks: 1. Excluding urban planning area. 2. The west side is connected with ULM airspace Lanyang River. 3. VFR corridors C2 and C10 pass. 活"
      }
    },
    {
      "type": "Feature",
      "geometry": {
        "type": "Polygon",
        "coordinates": [
          [
            [
              121.19277777777778,
              23.13611111111111
            ],
            [
              121.25694444444444,
              23.115555555555556
            ],
            [
              121.18055555555556,
              22.918333333333333
            ],
            [
              121.09055555555555,
              22.88888888888889
            ],
            [
              121.19277777777778,
              23.13611111111111
            ]
          ]
        ]
      },
      "properties": {
        "layer": "ULZ",
        "code": "Taitung_Luye_Gaotai",
        "name_zh": "臺東鹿野高臺",
        "name_en": "Taitung Luye Gaotai  230810N 1211134E - 230656N 1211525E - 225506N 1211050E - 225320N 1210526E - 230810N 1211134E.",
        "floor_m": null,
        "ceiling_m": 762,
        "floor_raw": "",
        "ceiling_raw": "2500 FT AMSL",
        "airspace_class": "",
        "layer_index": 0,
        "source": "eAIP AIRAC 01-26 ENR 5.5",
        "warnings": [],
        "remarks": "1. 每日： a. 始曉至始曉後3HR。 b. 終昏前3HR至終昏。 2. 於活動前1日，由業者以電話告知高雄近場管制塔臺(886-7-8057108)及志航塔臺(886-89-232284)。 3. 鄰近小型航空器目視走廊C12，且與花東超輕型載具活動空域部分重疊。 1. Daily. a. The beginning of morning civil twilight-3HR after th"
      }
    },
    {
      "type": "Feature",
      "geometry": {
        "type": "Polygon",
        "coordinates": [
          [
            [
              120.63583333333334,
              22.73222222222222
            ],
            [
              120.635,
              22.75888888888889
            ],
            [
              120.6438888888889,
              22.76888888888889
            ],
            [
              120.6438888888889,
              22.778888888888886
            ],
            [
              120.6538888888889,
              22.778888888888886
            ],
            [
              120.6538888888889,
              22.73222222222222
            ],
            [
              120.63583333333334,
              22.73222222222222
            ]
          ]
        ]
      },
      "properties": {
        "layer": "ULZ",
        "code": "Pingtung_County_Sandimen_Township_Saijia_Area",
        "name_zh": "屏東縣三地門鄉賽嘉地區",
        "name_en": "Pingtung County Sandimen Township Saijia Area  224356N 1203809E - 224532N 1203806E - 224608N 1203838E - 224644N 1203838E - 224644N 1203914E - 224356N 1203914E - 224356N 1203809E.",
        "floor_m": null,
        "ceiling_m": 304,
        "floor_raw": "",
        "ceiling_raw": "1000 FT AMSL",
        "airspace_class": "",
        "layer_index": 0,
        "source": "eAIP AIRAC 01-26 ENR 5.5",
        "warnings": [],
        "remarks": "1. 每日：日出至日落。 2. 鄰近高樹、南華及賽嘉空域。 1. HJ 2. The airspace is connected with ULM airspace Gaohsu, Nanhua and Saijia."
      }
    },
    {
      "type": "Feature",
      "geometry": {
        "type": "Polygon",
        "coordinates": [
          [
            [
              121.83361111111111,
              24.883333333333333
            ],
            [
              121.8261111111111,
              24.87611111111111
            ],
            [
              121.83444444444444,
              24.871111111111112
            ],
            [
              121.84333333333333,
              24.879166666666666
            ],
            [
              121.83361111111111,
              24.883333333333333
            ]
          ]
        ]
      },
      "properties": {
        "layer": "ULZ",
        "code": "Yilan_County_Toucheng_Township_Waiao_Area",
        "name_zh": "宜蘭縣頭城鎮外澳地區",
        "name_en": "Yilan County Toucheng Township Waiao Area  245300N 1215001E - 245234N 1214934E - 245216N 1215004E - 245245N 1215036E - 245300N 1215001E.",
        "floor_m": null,
        "ceiling_m": 304,
        "floor_raw": "",
        "ceiling_raw": "1000 FT AMSL",
        "airspace_class": "",
        "layer_index": 0,
        "source": "eAIP AIRAC 01-26 ENR 5.5",
        "warnings": [],
        "remarks": "1. 每日：0200-0700 UTC。 2. 與 C2⽬視⾛廊及宜蘭超輕空域重疊。 3. 於活動前1⼩時，由活動團體以電話告知臺北近場管制塔臺(886-3-384-1060)。 4. 活動管理單位：宜蘭縣教育處體健科運管中心(886-3-9255110)。  1. DLY：0200-0700 UTC。 2. Overlaps VFR Corridor C2 and ULM Airspace Yi"
      }
    },
    {
      "type": "Feature",
      "geometry": {
        "type": "Polygon",
        "coordinates": [
          [
            [
              120.27305555555557,
              22.747422344227584
            ],
            [
              120.27765293845383,
              22.74721399062399
            ],
            [
              120.28220600435107,
              22.746590938267637
            ],
            [
              120.28667086464932,
              22.745559193106217
            ],
            [
              120.2910044833691,
              22.7441287005237
            ],
            [
              120.29516509303157,
              22.742313249209477
            ],
            [
              120.29911259814814,
              22.740130337893014
            ],
            [
              120.30280896238277,
              22.737601006245715
            ],
            [
              120.30621857561987,
              22.734749631600796
            ],
            [
              120.30930859737286,
              22.731603693474206
            ],
            [
              120.3120492732093,
              22.728193508181946
            ],
            [
              120.31441422113895,
              22.72455193613806
            ],
            [
              120.31638068521335,
              22.7207140646807
            ],
            [
              120.31792975391349,
              22.71671686950817
            ],
            [
              120.31904654125165,
              22.712598858010598
            ],
            [
              120.3197203288834,
              22.708399697954196
            ],
            [
              120.31994466790931,
              22.70415983511185
            ],
            [
              120.31971743944065,
              22.699920103535835
            ],
            [
              120.31904087340567,
              22.695721332233962
            ],
            [
              120.31792152547622,
              22.691603952039525
            ],
            [
              120.31637021239874,
              22.68760760645813
            ],
            [
              120.31440190641104,
              22.683770770230645
            ],
            [
              120.31203558981588,
              22.680130379272107
            ],
            [
              120.3092940711588,
              22.676721475532258
            ],
            [
              120.30620376481936,
              22.67357687017583
            ],
            [
              120.30279443616656,
              22.67072682830121
            ],
            [
              120.29909891475067,
              22.66819877820673
            ],
            [
              120.29515277829839,
              22.66601704797623
            ],
            [
              120.29099401054877,
              22.664202631892604
            ],
            [
              120.28666263620681,
              22.662772988901946
            ],
            [
              120.28220033650108,
              22.66174187504426
            ],
            [
              120.27765004900891,
              22.661119211442852
            ],
            [
              120.27305555555557,
              22.660910989105737
            ],
            [
              120.26846106210223,
              22.661119211442852
            ],
            [
              120.26391077461007,
              22.66174187504426
            ],
            [
              120.25944847490432,
              22.662772988901946
            ],
            [
              120.25511710056237,
              22.664202631892604
            ],
            [
              120.25095833281276,
              22.66601704797623
            ],
            [
              120.24701219636047,
              22.66819877820673
            ],
            [
              120.24331667494458,
              22.67072682830121
            ],
            [
              120.23990734629179,
              22.67357687017583
            ],
            [
              120.23681703995233,
              22.676721475532258
            ],
            [
              120.23407552129527,
              22.680130379272107
            ],
            [
              120.23170920470011,
              22.683770770230645
            ],
            [
              120.22974089871241,
              22.68760760645813
            ],
            [
              120.22818958563491,
              22.691603952039525
            ],
            [
              120.22707023770546,
              22.695721332233962
            ],
            [
              120.2263936716705,
              22.699920103535835
            ],
            [
              120.22616644320183,
              22.70415983511185
            ],
            [
              120.22639078222774,
              22.708399697954196
            ],
            [
              120.2270645698595,
              22.712598858010598
            ],
            [
              120.22818135719766,
              22.71671686950817
            ],
            [
              120.2297304258978,
              22.7207140646807
            ],
            [
              120.2316968899722,
              22.72455193613806
            ],
            [
              120.23406183790185,
              22.728193508181946
            ],
            [
              120.23680251373828,
              22.731603693474206
            ],
            [
              120.23989253549126,
              22.734749631600796
            ],
            [
              120.24330214872836,
              22.737601006245715
            ],
            [
              120.246998512963,
              22.740130337893014
            ],
            [
              120.25094601807957,
              22.742313249209477
            ],
            [
              120.25510662774204,
              22.7441287005237
            ],
            [
              120.25944024646182,
              22.745559193106217
            ],
            [
              120.26390510676008,
              22.746590938267637
            ],
            [
              120.2684581726573,
              22.74721399062399
            ],
            [
              120.27305555555557,
              22.747422344227584
            ]
          ]
        ]
      },
      "properties": {
        "layer": "CIRCUIT",
        "code": "Zuoying_Aerodrome_traffic_circuit",
        "name_zh": "左營機場航線",
        "name_en": "Zuoying Aerodrome traffic circuit",
        "floor_m": 0,
        "ceiling_m": 304,
        "floor_raw": "GND",
        "ceiling_raw": "1000 FT AMSL",
        "airspace_class": "",
        "layer_index": 0,
        "source": "eAIP AIRAC 01-26 ENR 2.1",
        "warnings": [],
        "remarks": ""
      }
    }
  ]
}