{"type":"FeatureCollection","features":[{"type":"Feature","geometry":{"type":"Point","coordinates":[147.22000122070312,-9.443380355834961]},"properties":{"icao":"AYPY","iata":"POM","name":"Port Moresby Jacksons International Airport","country":"PG","continent":"OC","rank":139,"status":"partial","dailyProxy":80,"capturedFlights":3,"estDaily":80}},{"type":"Feature","geometry":{"type":"Point","coordinates":[-22.6056,63.985001]},"properties":{"icao":"BIKF","iata":"KEF","name":"Keflavik International Airport","country":"IS","continent":"EU","rank":376,"status":"partial","dailyProxy":50,"capturedFlights":51,"estDaily":50}},{"type":"Feature","geometry":{"type":"Point","coordinates":[21.035801,42.5728]},"properties":{"icao":"BKPR","iata":"PRN","name":"Priština Adem Jashari International Airport","country":"XK","continent":"EU","rank":null,"status":"partial","dailyProxy":15,"capturedFlights":15,"estDaily":null}},{"type":"Feature","geometry":{"type":"Point","coordinates":[-84.508467,46.483216]},"properties":{"icao":"CYAM","iata":"YAM","name":"Sault Ste Marie Airport","country":"CA","continent":"NA","rank":null,"status":"partial","dailyProxy":2,"capturedFlights":2,"estDaily":null}},{"type":"Feature","geometry":{"type":"Point","coordinates":[-57.396147,49.208159]},"properties":{"icao":"CYDF","iata":"YDF","name":"Deer Lake Airport","country":"CA","continent":"NA","rank":null,"status":"partial","dailyProxy":1,"capturedFlights":1,"estDaily":null}},{"type":"Feature","geometry":{"type":"Point","coordinates":[-113.580002,53.3097]},"properties":{"icao":"CYEG","iata":"YEG","name":"Edmonton International Airport","country":"CA","continent":"NA","rank":386,"status":"partial","dailyProxy":47,"capturedFlights":27,"estDaily":47}},{"type":"Feature","geometry":{"type":"Point","coordinates":[-66.529891,45.868697]},"properties":{"icao":"CYFC","iata":"YFC","name":"Fredericton International Airport","country":"CA","continent":"NA","rank":null,"status":"partial","dailyProxy":1,"capturedFlights":1,"estDaily":null}},{"type":"Feature","geometry":{"type":"Point","coordinates":[-79.931185,43.17348]},"properties":{"icao":"CYHM","iata":"YHM","name":"John C. Munro Hamilton International Airport","country":"CA","continent":"NA","rank":null,"status":"partial","dailyProxy":3,"capturedFlights":3,"estDaily":null}},{"type":"Feature","geometry":{"type":"Point","coordinates":[-63.5085983276,44.8807983398]},"properties":{"icao":"CYHZ","iata":"YHZ","name":"Halifax / Stanfield International Airport","country":"CA","continent":"NA","rank":null,"status":"partial","dailyProxy":16,"capturedFlights":16,"estDaily":null}},{"type":"Feature","geometry":{"type":"Point","coordinates":[-80.378601,43.4608]},"properties":{"icao":"CYKF","iata":"YKF","name":"Region of Waterloo International Airport","country":"CA","continent":"NA","rank":null,"status":"partial","dailyProxy":4,"capturedFlights":4,"estDaily":null}},{"type":"Feature","geometry":{"type":"Point","coordinates":[-119.377998,49.9561]},"properties":{"icao":"CYLW","iata":"YLW","name":"Kelowna International Airport","country":"CA","continent":"NA","rank":387,"status":"partial","dailyProxy":47,"capturedFlights":9,"estDaily":47}},{"type":"Feature","geometry":{"type":"Point","coordinates":[-74.038696,45.679501]},"properties":{"icao":"CYMX","iata":"YMX","name":"Montreal Mirabel International Airport","country":"CA","continent":"NA","rank":null,"status":"partial","dailyProxy":1,"capturedFlights":1,"estDaily":null}},{"type":"Feature","geometry":{"type":"Point","coordinates":[-75.669197,45.322498]},"properties":{"icao":"CYOW","iata":"YOW","name":"Ottawa Macdonald-Cartier International Airport","country":"CA","continent":"NA","rank":null,"status":"partial","dailyProxy":34,"capturedFlights":34,"estDaily":null}},{"type":"Feature","geometry":{"type":"Point","coordinates":[-71.393303,46.7911]},"properties":{"icao":"CYQB","iata":"YQB","name":"Quebec Jean Lesage International Airport","country":"CA","continent":"NA","rank":388,"status":"partial","dailyProxy":47,"capturedFlights":13,"estDaily":47}},{"type":"Feature","geometry":{"type":"Point","coordinates":[-64.67719,46.113189]},"properties":{"icao":"CYQM","iata":"YQM","name":"Greater Moncton Roméo LeBlanc International Airport","country":"CA","continent":"NA","rank":null,"status":"partial","dailyProxy":3,"capturedFlights":3,"estDaily":null}},{"type":"Feature","geometry":{"type":"Point","coordinates":[-104.660906,50.431938]},"properties":{"icao":"CYQR","iata":"YQR","name":"Regina International Airport","country":"CA","continent":"NA","rank":null,"status":"partial","dailyProxy":2,"capturedFlights":2,"estDaily":null}},{"type":"Feature","geometry":{"type":"Point","coordinates":[-89.323898,48.371899]},"properties":{"icao":"CYQT","iata":"YQT","name":"Thunder Bay International Airport","country":"CA","continent":"NA","rank":null,"status":"partial","dailyProxy":2,"capturedFlights":2,"estDaily":null}},{"type":"Feature","geometry":{"type":"Point","coordinates":[-54.567719,48.936258]},"properties":{"icao":"CYQX","iata":"YQX","name":"Gander International Airport","country":"CA","continent":"NA","rank":null,"status":"partial","dailyProxy":1,"capturedFlights":1,"estDaily":null}},{"type":"Feature","geometry":{"type":"Point","coordinates":[-80.79889678955078,46.625]},"properties":{"icao":"CYSB","iata":"YSB","name":"Sudbury Airport","country":"CA","continent":"NA","rank":null,"status":"partial","dailyProxy":2,"capturedFlights":2,"estDaily":null}},{"type":"Feature","geometry":{"type":"Point","coordinates":[-65.89029693603516,45.31610107421875]},"properties":{"icao":"CYSJ","iata":"YSJ","name":"Saint John Airport","country":"CA","continent":"NA","rank":null,"status":"partial","dailyProxy":2,"capturedFlights":2,"estDaily":null}},{"type":"Feature","geometry":{"type":"Point","coordinates":[-81.376701355,48.569698333699996]},"properties":{"icao":"CYTS","iata":"YTS","name":"Timmins/Victor M. Power","country":"CA","continent":"NA","rank":null,"status":"partial","dailyProxy":2,"capturedFlights":2,"estDaily":null}},{"type":"Feature","geometry":{"type":"Point","coordinates":[-79.39553,43.627852]},"properties":{"icao":"CYTZ","iata":"YTZ","name":"Billy Bishop Toronto City Airport","country":"CA","continent":"NA","rank":null,"status":"partial","dailyProxy":10,"capturedFlights":10,"estDaily":null}},{"type":"Feature","geometry":{"type":"Point","coordinates":[-73.742294,45.467837]},"properties":{"icao":"CYUL","iata":"YUL","name":"Montreal / Pierre Elliott Trudeau International Airport","country":"CA","continent":"NA","rank":93,"status":"partial","dailyProxy":104,"capturedFlights":170,"estDaily":104}},{"type":"Feature","geometry":{"type":"Point","coordinates":[-77.7827987671,48.0532989502]},"properties":{"icao":"CYVO","iata":"YVO","name":"Val-d'Or Airport","country":"CA","continent":"NA","rank":null,"status":"partial","dailyProxy":1,"capturedFlights":1,"estDaily":null}},{"type":"Feature","geometry":{"type":"Point","coordinates":[-123.183998,49.193901]},"properties":{"icao":"CYVR","iata":"YVR","name":"Vancouver International Airport","country":"CA","continent":"NA","rank":76,"status":"partial","dailyProxy":126,"capturedFlights":191,"estDaily":126}},{"type":"Feature","geometry":{"type":"Point","coordinates":[-97.2398986816,49.909999847399995]},"properties":{"icao":"CYWG","iata":"YWG","name":"Winnipeg / James Armstrong Richardson International Airport","country":"CA","continent":"NA","rank":389,"status":"partial","dailyProxy":47,"capturedFlights":26,"estDaily":47}},{"type":"Feature","geometry":{"type":"Point","coordinates":[-106.700793,52.170723]},"properties":{"icao":"CYXE","iata":"YXE","name":"Saskatoon John G. Diefenbaker International Airport","country":"CA","continent":"NA","rank":390,"status":"partial","dailyProxy":47,"capturedFlights":6,"estDaily":47}},{"type":"Feature","geometry":{"type":"Point","coordinates":[-81.149003,43.032845]},"properties":{"icao":"CYXU","iata":"YXU","name":"London International Airport","country":"CA","continent":"NA","rank":null,"status":"partial","dailyProxy":3,"capturedFlights":3,"estDaily":null}},{"type":"Feature","geometry":{"type":"Point","coordinates":[-122.361,49.025299]},"properties":{"icao":"CYXX","iata":"YXX","name":"Abbotsford International Airport","country":"CA","continent":"NA","rank":null,"status":"partial","dailyProxy":1,"capturedFlights":1,"estDaily":null}},{"type":"Feature","geometry":{"type":"Point","coordinates":[-79.422798,46.363602]},"properties":{"icao":"CYYB","iata":"YYB","name":"North Bay Jack Garland Airport","country":"CA","continent":"NA","rank":null,"status":"partial","dailyProxy":2,"capturedFlights":2,"estDaily":null}},{"type":"Feature","geometry":{"type":"Point","coordinates":[-114.009933,51.118822]},"properties":{"icao":"CYYC","iata":"YYC","name":"Calgary International Airport","country":"CA","continent":"NA","rank":520,"status":"partial","dailyProxy":36,"capturedFlights":92,"estDaily":36}},{"type":"Feature","geometry":{"type":"Point","coordinates":[-123.427792,48.647201]},"properties":{"icao":"CYYJ","iata":"YYJ","name":"Victoria International Airport","country":"CA","continent":"NA","rank":391,"status":"partial","dailyProxy":47,"capturedFlights":7,"estDaily":47}},{"type":"Feature","geometry":{"type":"Point","coordinates":[-60.4258003235,53.3191986084]},"properties":{"icao":"CYYR","iata":"YYR","name":"Goose Bay Airport","country":"CA","continent":"NA","rank":null,"status":"partial","dailyProxy":1,"capturedFlights":2,"estDaily":null}},{"type":"Feature","geometry":{"type":"Point","coordinates":[-52.7519,47.618599]},"properties":{"icao":"CYYT","iata":"YYT","name":"St. John's International Airport","country":"CA","continent":"NA","rank":392,"status":"partial","dailyProxy":47,"capturedFlights":3,"estDaily":47}},{"type":"Feature","geometry":{"type":"Point","coordinates":[-79.629421,43.675935]},"properties":{"icao":"CYYZ","iata":"YYZ","name":"Toronto Pearson International Airport","country":"CA","continent":"NA","rank":23,"status":"partial","dailyProxy":248,"capturedFlights":776,"estDaily":248}},{"type":"Feature","geometry":{"type":"Point","coordinates":[5.069909,36.712547]},"properties":{"icao":"DAAE","iata":"BJA","name":"Soummam–Abane Ramdane Airport","country":"DZ","continent":"AF","rank":null,"status":"partial","dailyProxy":3,"capturedFlights":3,"estDaily":null}},{"type":"Feature","geometry":{"type":"Point","coordinates":[3.214531,36.693886]},"properties":{"icao":"DAAG","iata":"ALG","name":"Houari Boumediene Airport","country":"DZ","continent":"AF","rank":97,"status":"partial","dailyProxy":98,"capturedFlights":84,"estDaily":98}},{"type":"Feature","geometry":{"type":"Point","coordinates":[5.329909,36.178488]},"properties":{"icao":"DAAS","iata":"QSF","name":"Ain Arnat Airport","country":"DZ","continent":"AF","rank":821,"status":"partial","dailyProxy":20,"capturedFlights":2,"estDaily":20}},{"type":"Feature","geometry":{"type":"Point","coordinates":[7.81334,36.826781]},"properties":{"icao":"DABB","iata":"AAE","name":"Annaba Rabah Bitat Airport","country":"DZ","continent":"AF","rank":null,"status":"partial","dailyProxy":2,"capturedFlights":2,"estDaily":null}},{"type":"Feature","geometry":{"type":"Point","coordinates":[6.62039,36.276001]},"properties":{"icao":"DABC","iata":"CZL","name":"Mohamed Boudiaf International Airport","country":"DZ","continent":"AF","rank":null,"status":"partial","dailyProxy":8,"capturedFlights":8,"estDaily":null}},{"type":"Feature","geometry":{"type":"Point","coordinates":[6.30859,35.752102]},"properties":{"icao":"DABT","iata":"BLJ","name":"Batna Mostefa Ben Boulaid Airport","country":"DZ","continent":"AF","rank":null,"status":"partial","dailyProxy":2,"capturedFlights":2,"estDaily":null}},{"type":"Feature","geometry":{"type":"Point","coordinates":[1.341114,36.216614]},"properties":{"icao":"DAOI","iata":"CFK","name":"Chlef Aboubakr Belkaid International Airport","country":"DZ","continent":"AF","rank":null,"status":"partial","dailyProxy":2,"capturedFlights":2,"estDaily":null}},{"type":"Feature","geometry":{"type":"Point","coordinates":[-1.457117,35.012732]},"properties":{"icao":"DAON","iata":"TLM","name":"Zenata – Messali El Hadj Airport","country":"DZ","continent":"AF","rank":null,"status":"partial","dailyProxy":1,"capturedFlights":1,"estDaily":null}},{"type":"Feature","geometry":{"type":"Point","coordinates":[-0.622486,35.620648]},"properties":{"icao":"DAOO","iata":"ORN","name":"Oran Es-Sénia (Ahmed Ben Bella) International Airport","country":"DZ","continent":"AF","rank":null,"status":"partial","dailyProxy":11,"capturedFlights":11,"estDaily":null}},{"type":"Feature","geometry":{"type":"Point","coordinates":[-0.186414,27.837601]},"properties":{"icao":"DAUA","iata":"AZR","name":"Touat-Cheikh Sidi Mohamed Belkebir Airport","country":"DZ","continent":"AF","rank":826,"status":"partial","dailyProxy":20,"capturedFlights":2,"estDaily":20}},{"type":"Feature","geometry":{"type":"Point","coordinates":[5.738899,34.79318]},"properties":{"icao":"DAUB","iata":"BSK","name":"Biskra - Mohamed Khider Airport","country":"DZ","continent":"AF","rank":null,"status":"partial","dailyProxy":1,"capturedFlights":1,"estDaily":null}},{"type":"Feature","geometry":{"type":"Point","coordinates":[2.38435,6.35723]},"properties":{"icao":"DBBB","iata":"COO","name":"Cotonou Cadjehoun International Airport","country":"BJ","continent":"AF","rank":null,"status":"partial","dailyProxy":3,"capturedFlights":5,"estDaily":null}},{"type":"Feature","geometry":{"type":"Point","coordinates":[-1.51242,12.3532]},"properties":{"icao":"DFFD","iata":"OUA","name":"Ouagadougou Thomas Sankara International Airport","country":"BF","continent":"AF","rank":141,"status":"partial","dailyProxy":80,"capturedFlights":4,"estDaily":80}},{"type":"Feature","geometry":{"type":"Point","coordinates":[-0.16678600013256073,5.605189800262451]},"properties":{"icao":"DGAA","iata":"ACC","name":"Kotoka International Airport","country":"GH","continent":"AF","rank":652,"status":"partial","dailyProxy":26,"capturedFlights":20,"estDaily":26}},{"type":"Feature","geometry":{"type":"Point","coordinates":[-3.92629,5.26139]},"properties":{"icao":"DIAP","iata":"ABJ","name":"Félix-Houphouët-Boigny International Airport","country":"CI","continent":"AF","rank":null,"status":"partial","dailyProxy":8,"capturedFlights":8,"estDaily":null}},{"type":"Feature","geometry":{"type":"Point","coordinates":[7.26317,9.00679]},"properties":{"icao":"DNAA","iata":"ABV","name":"Nnamdi Azikiwe International Airport","country":"NG","continent":"AF","rank":null,"status":"partial","dailyProxy":14,"capturedFlights":14,"estDaily":null}},{"type":"Feature","geometry":{"type":"Point","coordinates":[7.560463,6.473718]},"properties":{"icao":"DNEN","iata":"ENU","name":"Akanu Ibiam International Airport","country":"NG","continent":"AF","rank":739,"status":"partial","dailyProxy":21,"capturedFlights":1,"estDaily":21}},{"type":"Feature","geometry":{"type":"Point","coordinates":[8.523566,12.045613]},"properties":{"icao":"DNKN","iata":"KAN","name":"Mallam Aminu Kano International Airport","country":"NG","continent":"AF","rank":742,"status":"partial","dailyProxy":21,"capturedFlights":7,"estDaily":21}},{"type":"Feature","geometry":{"type":"Point","coordinates":[3.32116,6.57737]},"properties":{"icao":"DNMM","iata":"LOS","name":"Murtala Muhammed International Airport","country":"NG","continent":"AF","rank":424,"status":"partial","dailyProxy":45,"capturedFlights":39,"estDaily":45}},{"type":"Feature","geometry":{"type":"Point","coordinates":[2.18361,13.4815]},"properties":{"icao":"DRRN","iata":"NIM","name":"Diori Hamani International Airport","country":"NE","continent":"AF","rank":143,"status":"partial","dailyProxy":80,"capturedFlights":4,"estDaily":80}},{"type":"Feature","geometry":{"type":"Point","coordinates":[10.75469970703125,35.75809860229492]},"properties":{"icao":"DTMB","iata":"MIR","name":"Monastir Habib Bourguiba International Airport","country":"TN","continent":"AF","rank":null,"status":"partial","dailyProxy":5,"capturedFlights":5,"estDaily":null}},{"type":"Feature","geometry":{"type":"Point","coordinates":[10.438611,36.075833]},"properties":{"icao":"DTNH","iata":"NBE","name":"Enfidha - Hammamet International Airport","country":"TN","continent":"AF","rank":null,"status":"partial","dailyProxy":5,"capturedFlights":9,"estDaily":null}},{"type":"Feature","geometry":{"type":"Point","coordinates":[10.2272,36.851002]},"properties":{"icao":"DTTA","iata":"TUN","name":"Tunis Carthage International Airport","country":"TN","continent":"AF","rank":353,"status":"partial","dailyProxy":57,"capturedFlights":54,"estDaily":57}},{"type":"Feature","geometry":{"type":"Point","coordinates":[10.7773,33.873719]},"properties":{"icao":"DTTJ","iata":"DJE","name":"Djerba Zarzis International Airport","country":"TN","continent":"AF","rank":746,"status":"partial","dailyProxy":21,"capturedFlights":15,"estDaily":21}},{"type":"Feature","geometry":{"type":"Point","coordinates":[10.691,34.717999]},"properties":{"icao":"DTTX","iata":"SFA","name":"Sfax Thyna International Airport","country":"TN","continent":"AF","rank":653,"status":"partial","dailyProxy":26,"capturedFlights":2,"estDaily":26}},{"type":"Feature","geometry":{"type":"Point","coordinates":[1.25451,6.16561]},"properties":{"icao":"DXXX","iata":"LFW","name":"Lomé–Tokoin International Airport","country":"TG","continent":"AF","rank":144,"status":"partial","dailyProxy":80,"capturedFlights":4,"estDaily":80}},{"type":"Feature","geometry":{"type":"Point","coordinates":[4.463153,51.190667]},"properties":{"icao":"EBAW","iata":"ANR","name":"Antwerp International Airport (Deurne)","country":"BE","continent":"EU","rank":649,"status":"partial","dailyProxy":27,"capturedFlights":1,"estDaily":27}},{"type":"Feature","geometry":{"type":"Point","coordinates":[4.48444,50.901402]},"properties":{"icao":"EBBR","iata":"BRU","name":"Brussels Airport","country":"BE","continent":"EU","rank":null,"status":"core-partial","dailyProxy":30,"capturedFlights":148,"estDaily":null}},{"type":"Feature","geometry":{"type":"Point","coordinates":[4.459562,50.461963]},"properties":{"icao":"EBCI","iata":"CRL","name":"Brussels South Charleroi Airport","country":"BE","continent":"EU","rank":79,"status":"partial","dailyProxy":121,"capturedFlights":7,"estDaily":121}},{"type":"Feature","geometry":{"type":"Point","coordinates":[3.209551,50.818878]},"properties":{"icao":"EBKT","iata":"KJK","name":"Flanders International Airport Kortrijk-Wevelgem","country":"BE","continent":"EU","rank":null,"status":"partial","dailyProxy":1,"capturedFlights":1,"estDaily":null}},{"type":"Feature","geometry":{"type":"Point","coordinates":[5.443897,50.638574]},"properties":{"icao":"EBLG","iata":"LGG","name":"Liège Airport","country":"BE","continent":"EU","rank":478,"status":"partial","dailyProxy":41,"capturedFlights":37,"estDaily":41}},{"type":"Feature","geometry":{"type":"Point","coordinates":[2.874673,51.1998]},"properties":{"icao":"EBOS","iata":"OST","name":"Ostend-Bruges International Airport","country":"BE","continent":"EU","rank":80,"status":"partial","dailyProxy":121,"capturedFlights":8,"estDaily":121}},{"type":"Feature","geometry":{"type":"Point","coordinates":[13.502341,52.361738]},"properties":{"icao":"EDDB","iata":"BER","name":"Berlin Brandenburg Airport","country":"DE","continent":"EU","rank":29,"status":"partial","dailyProxy":212,"capturedFlights":372,"estDaily":212}},{"type":"Feature","geometry":{"type":"Point","coordinates":[13.767831,51.134123]},"properties":{"icao":"EDDC","iata":"DRS","name":"Dresden Airport","country":"DE","continent":"EU","rank":774,"status":"partial","dailyProxy":20,"capturedFlights":13,"estDaily":20}},{"type":"Feature","geometry":{"type":"Point","coordinates":[8.55835,50.026706]},"properties":{"icao":"EDDF","iata":"FRA","name":"Frankfurt am Main","country":"DE","continent":"EU","rank":null,"status":"complete","dailyProxy":27,"capturedFlights":1146,"estDaily":null}},{"type":"Feature","geometry":{"type":"Point","coordinates":[7.688482,52.133816]},"properties":{"icao":"EDDG","iata":"FMO","name":"Münster Osnabrück Airport","country":"DE","continent":"EU","rank":null,"status":"partial","dailyProxy":10,"capturedFlights":10,"estDaily":null}},{"type":"Feature","geometry":{"type":"Point","coordinates":[9.98823,53.630402]},"properties":{"icao":"EDDH","iata":"HAM","name":"Hamburg Helmut Schmidt Airport","country":"DE","continent":"EU","rank":42,"status":"partial","dailyProxy":170,"capturedFlights":122,"estDaily":170}},{"type":"Feature","geometry":{"type":"Point","coordinates":[7.14274,50.865898]},"properties":{"icao":"EDDK","iata":"CGN","name":"Cologne Bonn Airport","country":"DE","continent":"EU","rank":261,"status":"partial","dailyProxy":75,"capturedFlights":78,"estDaily":75}},{"type":"Feature","geometry":{"type":"Point","coordinates":[6.76678,51.289501]},"properties":{"icao":"EDDL","iata":"DUS","name":"Düsseldorf Airport","country":"DE","continent":"EU","rank":52,"status":"partial","dailyProxy":143,"capturedFlights":122,"estDaily":143}},{"type":"Feature","geometry":{"type":"Point","coordinates":[11.7861,48.353802]},"properties":{"icao":"EDDM","iata":"MUC","name":"Munich","country":"DE","continent":"EU","rank":null,"status":"complete","dailyProxy":26,"capturedFlights":795,"estDaily":null}},{"type":"Feature","geometry":{"type":"Point","coordinates":[11.078056,49.498699]},"properties":{"icao":"EDDN","iata":"NUE","name":"Nuremberg Airport","country":"DE","continent":"EU","rank":373,"status":"partial","dailyProxy":51,"capturedFlights":35,"estDaily":51}},{"type":"Feature","geometry":{"type":"Point","coordinates":[12.232705,51.420657]},"properties":{"icao":"EDDP","iata":"LEJ","name":"Leipzig/Halle Airport","country":"DE","continent":"EU","rank":278,"status":"partial","dailyProxy":69,"capturedFlights":60,"estDaily":69}},{"type":"Feature","geometry":{"type":"Point","coordinates":[7.109735,49.214545]},"properties":{"icao":"EDDR","iata":"SCN","name":"Saarbrücken Airport","country":"DE","continent":"EU","rank":858,"status":"partial","dailyProxy":20,"capturedFlights":1,"estDaily":20}},{"type":"Feature","geometry":{"type":"Point","coordinates":[9.22196,48.689899]},"properties":{"icao":"EDDS","iata":"STR","name":"Stuttgart Airport","country":"DE","continent":"EU","rank":275,"status":"partial","dailyProxy":71,"capturedFlights":60,"estDaily":71}},{"type":"Feature","geometry":{"type":"Point","coordinates":[9.68508,52.461102]},"properties":{"icao":"EDDV","iata":"HAJ","name":"Hannover Airport","country":"DE","continent":"EU","rank":346,"status":"partial","dailyProxy":59,"capturedFlights":41,"estDaily":59}},{"type":"Feature","geometry":{"type":"Point","coordinates":[8.78932,53.046786]},"properties":{"icao":"EDDW","iata":"BRE","name":"Bremen Airport","country":"DE","continent":"EU","rank":471,"status":"partial","dailyProxy":41,"capturedFlights":27,"estDaily":41}},{"type":"Feature","geometry":{"type":"Point","coordinates":[8.643043,49.96]},"properties":{"icao":"EDFE","iata":"","name":"Frankfurt-Egelsbach Airport","country":"DE","continent":"EU","rank":null,"status":"partial","dailyProxy":1,"capturedFlights":1,"estDaily":null}},{"type":"Feature","geometry":{"type":"Point","coordinates":[7.261734,49.946353]},"properties":{"icao":"EDFH","iata":"HHN","name":"Frankfurt-Hahn Airport","country":"DE","continent":"EU","rank":394,"status":"partial","dailyProxy":47,"capturedFlights":5,"estDaily":47}},{"type":"Feature","geometry":{"type":"Point","coordinates":[8.514167,49.473057]},"properties":{"icao":"EDFM","iata":"MHG","name":"Mannheim-City Airport","country":"DE","continent":"EU","rank":859,"status":"partial","dailyProxy":20,"capturedFlights":2,"estDaily":20}},{"type":"Feature","geometry":{"type":"Point","coordinates":[10.7192,53.805401]},"properties":{"icao":"EDHL","iata":"LBC","name":"Lübeck Blankensee Airport","country":"DE","continent":"EU","rank":860,"status":"partial","dailyProxy":20,"capturedFlights":1,"estDaily":20}},{"type":"Feature","geometry":{"type":"Point","coordinates":[10.238248,47.988092]},"properties":{"icao":"EDJA","iata":"FMM","name":"Memmingen Allgau Airport","country":"DE","continent":"EU","rank":395,"status":"partial","dailyProxy":47,"capturedFlights":4,"estDaily":47}},{"type":"Feature","geometry":{"type":"Point","coordinates":[6.504444,51.230278]},"properties":{"icao":"EDLN","iata":"MGL","name":"Mönchengladbach Airport","country":"DE","continent":"EU","rank":null,"status":"partial","dailyProxy":1,"capturedFlights":1,"estDaily":null}},{"type":"Feature","geometry":{"type":"Point","coordinates":[8.617459,51.612527]},"properties":{"icao":"EDLP","iata":"PAD","name":"Paderborn Lippstadt Airport","country":"DE","continent":"EU","rank":396,"status":"partial","dailyProxy":47,"capturedFlights":4,"estDaily":47}},{"type":"Feature","geometry":{"type":"Point","coordinates":[6.141228,51.601362]},"properties":{"icao":"EDLV","iata":"NRN","name":"Weeze (Niederrhein) Airport","country":"DE","continent":"EU","rank":397,"status":"partial","dailyProxy":47,"capturedFlights":2,"estDaily":47}},{"type":"Feature","geometry":{"type":"Point","coordinates":[7.61224,51.518299]},"properties":{"icao":"EDLW","iata":"DTM","name":"Dortmund Airport","country":"DE","continent":"EU","rank":398,"status":"partial","dailyProxy":47,"capturedFlights":2,"estDaily":47}},{"type":"Feature","geometry":{"type":"Point","coordinates":[11.2831,48.081402]},"properties":{"icao":"EDMO","iata":"OBF","name":"Oberpfaffenhofen Airport","country":"DE","continent":"EU","rank":null,"status":"partial","dailyProxy":2,"capturedFlights":2,"estDaily":null}},{"type":"Feature","geometry":{"type":"Point","coordinates":[9.51149,47.671299]},"properties":{"icao":"EDNY","iata":"FDH","name":"Bodensee Airport Friedrichshafen","country":"DE","continent":"EU","rank":399,"status":"partial","dailyProxy":47,"capturedFlights":3,"estDaily":47}},{"type":"Feature","geometry":{"type":"Point","coordinates":[7.528611,50.325558]},"properties":{"icao":"EDRK","iata":"","name":"Koblenz-Winningen Airfield","country":"DE","continent":"EU","rank":null,"status":"partial","dailyProxy":1,"capturedFlights":1,"estDaily":null}},{"type":"Feature","geometry":{"type":"Point","coordinates":[8.0805,48.7794]},"properties":{"icao":"EDSB","iata":"FKB","name":"Karlsruhe Baden-Baden Airport","country":"DE","continent":"EU","rank":null,"status":"partial","dailyProxy":7,"capturedFlights":7,"estDaily":null}},{"type":"Feature","geometry":{"type":"Point","coordinates":[10.5561,52.319199]},"properties":{"icao":"EDVE","iata":"BWE","name":"Braunschweig-Wolfsburg Airport","country":"DE","continent":"EU","rank":null,"status":"partial","dailyProxy":1,"capturedFlights":1,"estDaily":null}},{"type":"Feature","geometry":{"type":"Point","coordinates":[9.391638,51.418395]},"properties":{"icao":"EDVK","iata":"KSF","name":"Kassel Airport","country":"DE","continent":"EU","rank":400,"status":"partial","dailyProxy":47,"capturedFlights":2,"estDaily":47}},{"type":"Feature","geometry":{"type":"Point","coordinates":[24.83264,59.413246]},"properties":{"icao":"EETN","iata":"TLL","name":"Lennart Meri Tallinn Airport","country":"EE","continent":"EU","rank":585,"status":"partial","dailyProxy":30,"capturedFlights":24,"estDaily":30}},{"type":"Feature","geometry":{"type":"Point","coordinates":[24.963341,60.318363]},"properties":{"icao":"EFHK","iata":"HEL","name":"Helsinki Vantaa Airport","country":"FI","continent":"EU","rank":null,"status":"core-partial","dailyProxy":24,"capturedFlights":97,"estDaily":null}},{"type":"Feature","geometry":{"type":"Point","coordinates":[24.8468,67.700996]},"properties":{"icao":"EFKT","iata":"KTT","name":"Kittilä International Airport","country":"FI","continent":"EU","rank":402,"status":"partial","dailyProxy":47,"capturedFlights":4,"estDaily":47}},{"type":"Feature","geometry":{"type":"Point","coordinates":[25.829751,66.563327]},"properties":{"icao":"EFRO","iata":"RVN","name":"Rovaniemi Airport","country":"FI","continent":"EU","rank":null,"status":"partial","dailyProxy":5,"capturedFlights":9,"estDaily":null}},{"type":"Feature","geometry":{"type":"Point","coordinates":[22.2628,60.514099]},"properties":{"icao":"EFTU","iata":"TKU","name":"Turku Airport","country":"FI","continent":"EU","rank":408,"status":"partial","dailyProxy":47,"capturedFlights":2,"estDaily":47}},{"type":"Feature","geometry":{"type":"Point","coordinates":[-6.2158298492399995,54.6575012207]},"properties":{"icao":"EGAA","iata":"BFS","name":"Belfast International Airport","country":"GB","continent":"EU","rank":354,"status":"partial","dailyProxy":57,"capturedFlights":49,"estDaily":57}},{"type":"Feature","geometry":{"type":"Point","coordinates":[-5.8725,54.618099]},"properties":{"icao":"EGAC","iata":"BHD","name":"George Best Belfast City Airport","country":"GB","continent":"EU","rank":525,"status":"partial","dailyProxy":36,"capturedFlights":34,"estDaily":36}},{"type":"Feature","geometry":{"type":"Point","coordinates":[-7.16111,55.042801]},"properties":{"icao":"EGAE","iata":"LDY","name":"City of Derry Airport","country":"GB","continent":"EU","rank":null,"status":"partial","dailyProxy":5,"capturedFlights":5,"estDaily":null}},{"type":"Feature","geometry":{"type":"Point","coordinates":[-1.74803,52.453899]},"properties":{"icao":"EGBB","iata":"BHX","name":"Birmingham Airport","country":"GB","continent":"EU","rank":109,"status":"partial","dailyProxy":90,"capturedFlights":66,"estDaily":90}},{"type":"Feature","geometry":{"type":"Point","coordinates":[-1.47972,52.369701]},"properties":{"icao":"EGBE","iata":"CVT","name":"Coventry Airport","country":"GB","continent":"EU","rank":null,"status":"partial","dailyProxy":1,"capturedFlights":2,"estDaily":null}},{"type":"Feature","geometry":{"type":"Point","coordinates":[-2.16722,51.894199]},"properties":{"icao":"EGBJ","iata":"GLO","name":"Gloucestershire Airport","country":"GB","continent":"EU","rank":null,"status":"partial","dailyProxy":3,"capturedFlights":5,"estDaily":null}},{"type":"Feature","geometry":{"type":"Point","coordinates":[-2.25944,52.517502]},"properties":{"icao":"EGBO","iata":"","name":"Wolverhampton Halfpenny Green Airport","country":"GB","continent":"EU","rank":null,"status":"partial","dailyProxy":3,"capturedFlights":5,"estDaily":null}},{"type":"Feature","geometry":{"type":"Point","coordinates":[-2.056599,51.668528]},"properties":{"icao":"EGBP","iata":"GBA","name":"Cotswold Airport","country":"GB","continent":"EU","rank":null,"status":"partial","dailyProxy":2,"capturedFlights":3,"estDaily":null}},{"type":"Feature","geometry":{"type":"Point","coordinates":[-1.09556,52.040798]},"properties":{"icao":"EGBT","iata":"","name":"Turweston Aerodrome","country":"GB","continent":"EU","rank":null,"status":"partial","dailyProxy":1,"capturedFlights":1,"estDaily":null}},{"type":"Feature","geometry":{"type":"Point","coordinates":[-2.279521,53.349375]},"properties":{"icao":"EGCC","iata":"MAN","name":"Manchester Airport","country":"GB","continent":"EU","rank":32,"status":"partial","dailyProxy":195,"capturedFlights":374,"estDaily":195}},{"type":"Feature","geometry":{"type":"Point","coordinates":[-1.194678,53.834747]},"properties":{"icao":"EGCM","iata":"","name":"Leeds East Airport","country":"GB","continent":"EU","rank":null,"status":"partial","dailyProxy":2,"capturedFlights":2,"estDaily":null}},{"type":"Feature","geometry":{"type":"Point","coordinates":[-3.34333,51.396702]},"properties":{"icao":"EGFF","iata":"CWL","name":"Cardiff International Airport","country":"GB","continent":"EU","rank":null,"status":"partial","dailyProxy":9,"capturedFlights":9,"estDaily":null}},{"type":"Feature","geometry":{"type":"Point","coordinates":[-2.716453,51.382326]},"properties":{"icao":"EGGD","iata":"BRS","name":"Bristol Airport","country":"GB","continent":"EU","rank":371,"status":"partial","dailyProxy":53,"capturedFlights":42,"estDaily":53}},{"type":"Feature","geometry":{"type":"Point","coordinates":[-2.849637,53.334863]},"properties":{"icao":"EGGP","iata":"LPL","name":"Liverpool John Lennon Airport","country":"GB","continent":"EU","rank":775,"status":"partial","dailyProxy":20,"capturedFlights":17,"estDaily":20}},{"type":"Feature","geometry":{"type":"Point","coordinates":[-0.368333,51.874699]},"properties":{"icao":"EGGW","iata":"LTN","name":"London Luton","country":"GB","continent":"EU","rank":null,"status":"complete","dailyProxy":56,"capturedFlights":280,"estDaily":null}},{"type":"Feature","geometry":{"type":"Point","coordinates":[-1.20333,50.814201]},"properties":{"icao":"EGHF","iata":"","name":"Solent Airport","country":"GB","continent":"EU","rank":null,"status":"partial","dailyProxy":5,"capturedFlights":9,"estDaily":null}},{"type":"Feature","geometry":{"type":"Point","coordinates":[-1.839576,50.780483]},"properties":{"icao":"EGHH","iata":"BOH","name":"Bournemouth Airport","country":"GB","continent":"EU","rank":null,"status":"partial","dailyProxy":2,"capturedFlights":2,"estDaily":null}},{"type":"Feature","geometry":{"type":"Point","coordinates":[-1.3568,50.950298]},"properties":{"icao":"EGHI","iata":"SOU","name":"Southampton Airport","country":"GB","continent":"EU","rank":null,"status":"partial","dailyProxy":4,"capturedFlights":11,"estDaily":null}},{"type":"Feature","geometry":{"type":"Point","coordinates":[-1.6,51.210602]},"properties":{"icao":"EGHO","iata":"","name":"Thruxton Aerodrome","country":"GB","continent":"EU","rank":null,"status":"partial","dailyProxy":1,"capturedFlights":1,"estDaily":null}},{"type":"Feature","geometry":{"type":"Point","coordinates":[-4.99541,50.440601]},"properties":{"icao":"EGHQ","iata":"NQY","name":"Cornwall Airport Newquay","country":"GB","continent":"EU","rank":null,"status":"partial","dailyProxy":4,"capturedFlights":4,"estDaily":null}},{"type":"Feature","geometry":{"type":"Point","coordinates":[-2.60197,49.435001]},"properties":{"icao":"EGJB","iata":"GCI","name":"Guernsey Airport","country":"GG","continent":"EU","rank":622,"status":"partial","dailyProxy":30,"capturedFlights":20,"estDaily":30}},{"type":"Feature","geometry":{"type":"Point","coordinates":[-2.19551,49.207901]},"properties":{"icao":"EGJJ","iata":"JER","name":"Jersey Airport","country":"JE","continent":"EU","rank":470,"status":"partial","dailyProxy":42,"capturedFlights":29,"estDaily":42}},{"type":"Feature","geometry":{"type":"Point","coordinates":[0.0324999988079,51.33079910279999]},"properties":{"icao":"EGKB","iata":"BQH","name":"London Biggin Hill","country":"GB","continent":"EU","rank":null,"status":"complete","dailyProxy":42,"capturedFlights":125,"estDaily":null}},{"type":"Feature","geometry":{"type":"Point","coordinates":[-0.185739,51.148744]},"properties":{"icao":"EGKK","iata":"LGW","name":"London Gatwick","country":"GB","continent":"EU","rank":null,"status":"complete","dailyProxy":71,"capturedFlights":570,"estDaily":null}},{"type":"Feature","geometry":{"type":"Point","coordinates":[-0.138611,51.2136]},"properties":{"icao":"EGKR","iata":"","name":"Redhill Aerodrome","country":"GB","continent":"EU","rank":null,"status":"partial","dailyProxy":1,"capturedFlights":2,"estDaily":null}},{"type":"Feature","geometry":{"type":"Point","coordinates":[0.055278,51.505299]},"properties":{"icao":"EGLC","iata":"LCY","name":"London City","country":"GB","continent":"EU","rank":null,"status":"complete","dailyProxy":49,"capturedFlights":148,"estDaily":null}},{"type":"Feature","geometry":{"type":"Point","coordinates":[-0.513056,51.588299]},"properties":{"icao":"EGLD","iata":"","name":"Denham Aerodrome","country":"GB","continent":"EU","rank":null,"status":"partial","dailyProxy":4,"capturedFlights":7,"estDaily":null}},{"type":"Feature","geometry":{"type":"Point","coordinates":[-0.776333,51.275799]},"properties":{"icao":"EGLF","iata":"FAB","name":"London Farnborough","country":"GB","continent":"EU","rank":null,"status":"core-partial","dailyProxy":27,"capturedFlights":82,"estDaily":null}},{"type":"Feature","geometry":{"type":"Point","coordinates":[-0.8475,51.323898]},"properties":{"icao":"EGLK","iata":"BBS","name":"Blackbushe Airport","country":"GB","continent":"EU","rank":null,"status":"partial","dailyProxy":1,"capturedFlights":1,"estDaily":null}},{"type":"Feature","geometry":{"type":"Point","coordinates":[-0.459909,51.470748]},"properties":{"icao":"EGLL","iata":"LHR","name":"London Heathrow","country":"GB","continent":"EU","rank":null,"status":"complete","dailyProxy":34,"capturedFlights":1371,"estDaily":null}},{"type":"Feature","geometry":{"type":"Point","coordinates":[-0.774444,51.500801]},"properties":{"icao":"EGLM","iata":"","name":"White Waltham Airfield","country":"GB","continent":"EU","rank":null,"status":"partial","dailyProxy":1,"capturedFlights":1,"estDaily":null}},{"type":"Feature","geometry":{"type":"Point","coordinates":[0.693627,51.570562]},"properties":{"icao":"EGMC","iata":"SEN","name":"London Southend","country":"GB","continent":"EU","rank":null,"status":"core-partial","dailyProxy":23,"capturedFlights":70,"estDaily":null}},{"type":"Feature","geometry":{"type":"Point","coordinates":[0.939074,50.956246]},"properties":{"icao":"EGMD","iata":"LYX","name":"London Ashford (Lydd)","country":"GB","continent":"EU","rank":null,"status":"core-partial","dailyProxy":8,"capturedFlights":16,"estDaily":null}},{"type":"Feature","geometry":{"type":"Point","coordinates":[-0.951389,53.280602]},"properties":{"icao":"EGNE","iata":"","name":"Retford Gamston Airport","country":"GB","continent":"EU","rank":null,"status":"partial","dailyProxy":1,"capturedFlights":1,"estDaily":null}},{"type":"Feature","geometry":{"type":"Point","coordinates":[-3.02861,53.771702]},"properties":{"icao":"EGNH","iata":"BLK","name":"Blackpool Airport","country":"GB","continent":"EU","rank":null,"status":"partial","dailyProxy":1,"capturedFlights":1,"estDaily":null}},{"type":"Feature","geometry":{"type":"Point","coordinates":[-0.34954,53.576152]},"properties":{"icao":"EGNJ","iata":"HUY","name":"Humberside Airport","country":"GB","continent":"EU","rank":null,"status":"partial","dailyProxy":4,"capturedFlights":7,"estDaily":null}},{"type":"Feature","geometry":{"type":"Point","coordinates":[-1.66057,53.865898]},"properties":{"icao":"EGNM","iata":"LBA","name":"Leeds Bradford Airport","country":"GB","continent":"EU","rank":689,"status":"partial","dailyProxy":23,"capturedFlights":15,"estDaily":23}},{"type":"Feature","geometry":{"type":"Point","coordinates":[-2.88306,53.745098]},"properties":{"icao":"EGNO","iata":"WRT","name":"Warton Aerodrome","country":"GB","continent":"EU","rank":null,"status":"partial","dailyProxy":2,"capturedFlights":4,"estDaily":null}},{"type":"Feature","geometry":{"type":"Point","coordinates":[-2.97778,53.178101]},"properties":{"icao":"EGNR","iata":"CEG","name":"Hawarden Airport","country":"GB","continent":"EU","rank":null,"status":"partial","dailyProxy":2,"capturedFlights":3,"estDaily":null}},{"type":"Feature","geometry":{"type":"Point","coordinates":[-4.623871,54.083081]},"properties":{"icao":"EGNS","iata":"IOM","name":"Isle of Man Airport","country":"IM","continent":"EU","rank":null,"status":"partial","dailyProxy":12,"capturedFlights":12,"estDaily":null}},{"type":"Feature","geometry":{"type":"Point","coordinates":[-1.689577,55.037958]},"properties":{"icao":"EGNT","iata":"NCL","name":"Newcastle International Airport","country":"GB","continent":"EU","rank":347,"status":"partial","dailyProxy":59,"capturedFlights":41,"estDaily":59}},{"type":"Feature","geometry":{"type":"Point","coordinates":[-1.42941,54.509201]},"properties":{"icao":"EGNV","iata":"MME","name":"Teesside International Airport","country":"GB","continent":"EU","rank":null,"status":"partial","dailyProxy":5,"capturedFlights":5,"estDaily":null}},{"type":"Feature","geometry":{"type":"Point","coordinates":[-1.32806,52.8311]},"properties":{"icao":"EGNX","iata":"EMA","name":"East Midlands Airport","country":"GB","continent":"EU","rank":690,"status":"partial","dailyProxy":23,"capturedFlights":18,"estDaily":23}},{"type":"Feature","geometry":{"type":"Point","coordinates":[-2.19778,57.2019]},"properties":{"icao":"EGPD","iata":"ABZ","name":"Aberdeen International Airport","country":"GB","continent":"EU","rank":377,"status":"partial","dailyProxy":50,"capturedFlights":37,"estDaily":50}},{"type":"Feature","geometry":{"type":"Point","coordinates":[-4.0475,57.5425]},"properties":{"icao":"EGPE","iata":"INV","name":"Inverness Airport","country":"GB","continent":"EU","rank":null,"status":"partial","dailyProxy":11,"capturedFlights":11,"estDaily":null}},{"type":"Feature","geometry":{"type":"Point","coordinates":[-4.43306,55.871899]},"properties":{"icao":"EGPF","iata":"GLA","name":"Glasgow Airport","country":"GB","continent":"EU","rank":86,"status":"partial","dailyProxy":116,"capturedFlights":78,"estDaily":116}},{"type":"Feature","geometry":{"type":"Point","coordinates":[-3.372288,55.950145]},"properties":{"icao":"EGPH","iata":"EDI","name":"Edinburgh Airport","country":"GB","continent":"EU","rank":43,"status":"partial","dailyProxy":168,"capturedFlights":120,"estDaily":168}},{"type":"Feature","geometry":{"type":"Point","coordinates":[-4.577182,55.501499]},"properties":{"icao":"EGPK","iata":"PIK","name":"Glasgow Prestwick Airport","country":"GB","continent":"EU","rank":null,"status":"partial","dailyProxy":4,"capturedFlights":7,"estDaily":null}},{"type":"Feature","geometry":{"type":"Point","coordinates":[-3.02583,56.452499]},"properties":{"icao":"EGPN","iata":"DND","name":"Dundee Airport","country":"GB","continent":"EU","rank":null,"status":"partial","dailyProxy":3,"capturedFlights":10,"estDaily":null}},{"type":"Feature","geometry":{"type":"Point","coordinates":[0.175,52.205002]},"properties":{"icao":"EGSC","iata":"CBG","name":"Cambridge City Airport","country":"GB","continent":"EU","rank":null,"status":"partial","dailyProxy":1,"capturedFlights":1,"estDaily":null}},{"type":"Feature","geometry":{"type":"Point","coordinates":[1.28278,52.6758]},"properties":{"icao":"EGSH","iata":"NWI","name":"Norwich Airport","country":"GB","continent":"EU","rank":null,"status":"partial","dailyProxy":5,"capturedFlights":9,"estDaily":null}},{"type":"Feature","geometry":{"type":"Point","coordinates":[0.6825,51.914398]},"properties":{"icao":"EGSR","iata":"","name":"Earls Colne Airfield","country":"GB","continent":"EU","rank":null,"status":"partial","dailyProxy":2,"capturedFlights":3,"estDaily":null}},{"type":"Feature","geometry":{"type":"Point","coordinates":[0.235,51.884998]},"properties":{"icao":"EGSS","iata":"STN","name":"London Stansted","country":"GB","continent":"EU","rank":null,"status":"complete","dailyProxy":55,"capturedFlights":388,"estDaily":null}},{"type":"Feature","geometry":{"type":"Point","coordinates":[0.154167,51.721699]},"properties":{"icao":"EGSX","iata":"","name":"North Weald Airfield","country":"GB","continent":"EU","rank":null,"status":"partial","dailyProxy":1,"capturedFlights":1,"estDaily":null}},{"type":"Feature","geometry":{"type":"Point","coordinates":[-0.808316,51.61177]},"properties":{"icao":"EGTB","iata":"HYC","name":"Wycombe Air Park","country":"GB","continent":"EU","rank":null,"status":"partial","dailyProxy":2,"capturedFlights":3,"estDaily":null}},{"type":"Feature","geometry":{"type":"Point","coordinates":[-0.616667,52.072201]},"properties":{"icao":"EGTC","iata":"","name":"Cranfield Airport","country":"GB","continent":"EU","rank":null,"status":"partial","dailyProxy":5,"capturedFlights":9,"estDaily":null}},{"type":"Feature","geometry":{"type":"Point","coordinates":[-0.535833,51.117199]},"properties":{"icao":"EGTD","iata":"","name":"Dunsfold Aerodrome","country":"GB","continent":"EU","rank":null,"status":"partial","dailyProxy":1,"capturedFlights":1,"estDaily":null}},{"type":"Feature","geometry":{"type":"Point","coordinates":[-3.413984,50.734261]},"properties":{"icao":"EGTE","iata":"EXT","name":"Exeter International Airport","country":"GB","continent":"EU","rank":null,"status":"partial","dailyProxy":3,"capturedFlights":6,"estDaily":null}},{"type":"Feature","geometry":{"type":"Point","coordinates":[-0.558889,51.348099]},"properties":{"icao":"EGTF","iata":"","name":"Fairoaks Airport","country":"GB","continent":"EU","rank":null,"status":"partial","dailyProxy":2,"capturedFlights":4,"estDaily":null}},{"type":"Feature","geometry":{"type":"Point","coordinates":[-1.32,51.836899]},"properties":{"icao":"EGTK","iata":"OXF","name":"London Oxford","country":"GB","continent":"EU","rank":null,"status":"complete","dailyProxy":63,"capturedFlights":190,"estDaily":null}},{"type":"Feature","geometry":{"type":"Point","coordinates":[0.503333,51.351898]},"properties":{"icao":"EGTO","iata":"RCS","name":"Rochester Airport","country":"GB","continent":"EU","rank":null,"status":"partial","dailyProxy":1,"capturedFlights":1,"estDaily":null}},{"type":"Feature","geometry":{"type":"Point","coordinates":[-0.325833,51.6558]},"properties":{"icao":"EGTR","iata":"","name":"Elstree Airfield","country":"GB","continent":"EU","rank":null,"status":"partial","dailyProxy":2,"capturedFlights":4,"estDaily":null}},{"type":"Feature","geometry":{"type":"Point","coordinates":[-3.233929,50.860956]},"properties":{"icao":"EGTU","iata":"","name":"Dunkeswell Airfield","country":"GB","continent":"EU","rank":null,"status":"partial","dailyProxy":1,"capturedFlights":1,"estDaily":null}},{"type":"Feature","geometry":{"type":"Point","coordinates":[0.486406,52.3619]},"properties":{"icao":"EGUN","iata":"MHZ","name":"RAF Mildenhall","country":"GB","continent":"EU","rank":null,"status":"partial","dailyProxy":1,"capturedFlights":2,"estDaily":null}},{"type":"Feature","geometry":{"type":"Point","coordinates":[-1.169982,50.834235]},"properties":{"icao":"EGVF","iata":"","name":"Fleetlands Heliport","country":"GB","continent":"EU","rank":null,"status":"partial","dailyProxy":1,"capturedFlights":1,"estDaily":null}},{"type":"Feature","geometry":{"type":"Point","coordinates":[-0.418167,51.553001]},"properties":{"icao":"EGWU","iata":"NHT","name":"RAF Northolt","country":"GB","continent":"EU","rank":null,"status":"partial","dailyProxy":4,"capturedFlights":13,"estDaily":null}},{"type":"Feature","geometry":{"type":"Point","coordinates":[4.76389,52.308601]},"properties":{"icao":"EHAM","iata":"AMS","name":"Amsterdam Schiphol","country":"NL","continent":"EU","rank":null,"status":"complete","dailyProxy":28,"capturedFlights":1281,"estDaily":null}},{"type":"Feature","geometry":{"type":"Point","coordinates":[5.769401,50.911087]},"properties":{"icao":"EHBK","iata":"MST","name":"Maastricht Aachen Airport","country":"NL","continent":"EU","rank":null,"status":"partial","dailyProxy":5,"capturedFlights":5,"estDaily":null}},{"type":"Feature","geometry":{"type":"Point","coordinates":[5.37452983856,51.4500999451]},"properties":{"icao":"EHEH","iata":"EIN","name":"Eindhoven Airport","country":"NL","continent":"EU","rank":null,"status":"partial","dailyProxy":11,"capturedFlights":11,"estDaily":null}},{"type":"Feature","geometry":{"type":"Point","coordinates":[6.577652,53.119107]},"properties":{"icao":"EHGG","iata":"GRQ","name":"Groningen Airport Eelde","country":"NL","continent":"EU","rank":null,"status":"partial","dailyProxy":1,"capturedFlights":1,"estDaily":null}},{"type":"Feature","geometry":{"type":"Point","coordinates":[4.93183,51.567402]},"properties":{"icao":"EHGR","iata":"GLZ","name":"Gilze Rijen Air Base","country":"NL","continent":"EU","rank":null,"status":"partial","dailyProxy":1,"capturedFlights":1,"estDaily":null}},{"type":"Feature","geometry":{"type":"Point","coordinates":[4.43722,51.956902]},"properties":{"icao":"EHRD","iata":"RTM","name":"Rotterdam The Hague Airport","country":"NL","continent":"EU","rank":null,"status":"partial","dailyProxy":8,"capturedFlights":8,"estDaily":null}},{"type":"Feature","geometry":{"type":"Point","coordinates":[-8.49111,51.841301]},"properties":{"icao":"EICK","iata":"ORK","name":"Cork International Airport","country":"IE","continent":"EU","rank":747,"status":"partial","dailyProxy":21,"capturedFlights":16,"estDaily":21}},{"type":"Feature","geometry":{"type":"Point","coordinates":[-8.340999603271484,55.0442008972168]},"properties":{"icao":"EIDL","iata":"CFN","name":"Donegal Airport","country":"IE","continent":"EU","rank":null,"status":"partial","dailyProxy":2,"capturedFlights":2,"estDaily":null}},{"type":"Feature","geometry":{"type":"Point","coordinates":[-6.262121,53.428713]},"properties":{"icao":"EIDW","iata":"DUB","name":"Dublin Airport","country":"IE","continent":"EU","rank":null,"status":"complete","dailyProxy":78,"capturedFlights":544,"estDaily":null}},{"type":"Feature","geometry":{"type":"Point","coordinates":[-8.817002,53.910439]},"properties":{"icao":"EIKN","iata":"NOC","name":"Ireland West Airport Knock","country":"IE","continent":"EU","rank":null,"status":"partial","dailyProxy":7,"capturedFlights":7,"estDaily":null}},{"type":"Feature","geometry":{"type":"Point","coordinates":[-9.52378,52.180901]},"properties":{"icao":"EIKY","iata":"KIR","name":"Kerry Airport","country":"IE","continent":"EU","rank":null,"status":"partial","dailyProxy":8,"capturedFlights":8,"estDaily":null}},{"type":"Feature","geometry":{"type":"Point","coordinates":[-8.92482,52.702]},"properties":{"icao":"EINN","iata":"SNN","name":"Shannon Airport","country":"IE","continent":"EU","rank":654,"status":"partial","dailyProxy":26,"capturedFlights":19,"estDaily":26}},{"type":"Feature","geometry":{"type":"Point","coordinates":[-7.08696,52.187199]},"properties":{"icao":"EIWF","iata":"WAT","name":"Waterford Airport","country":"IE","continent":"EU","rank":null,"status":"partial","dailyProxy":1,"capturedFlights":1,"estDaily":null}},{"type":"Feature","geometry":{"type":"Point","coordinates":[-6.490357,53.351622]},"properties":{"icao":"EIWT","iata":"","name":"Weston Airport","country":"IE","continent":"EU","rank":null,"status":"partial","dailyProxy":3,"capturedFlights":5,"estDaily":null}},{"type":"Feature","geometry":{"type":"Point","coordinates":[10.618286,56.303331]},"properties":{"icao":"EKAH","iata":"AAR","name":"Aarhus Airport","country":"DK","continent":"EU","rank":724,"status":"partial","dailyProxy":22,"capturedFlights":3,"estDaily":22}},{"type":"Feature","geometry":{"type":"Point","coordinates":[9.157019,55.740335]},"properties":{"icao":"EKBI","iata":"BLL","name":"Billund Airport","country":"DK","continent":"EU","rank":560,"status":"partial","dailyProxy":33,"capturedFlights":22,"estDaily":33}},{"type":"Feature","geometry":{"type":"Point","coordinates":[12.60009,55.69119]},"properties":{"icao":"EKCC","iata":"","name":"København Vandflyveplads","country":"DK","continent":"EU","rank":null,"status":"partial","dailyProxy":1,"capturedFlights":1,"estDaily":null}},{"type":"Feature","geometry":{"type":"Point","coordinates":[12.656000137329,55.617900848389]},"properties":{"icao":"EKCH","iata":"CPH","name":"Copenhagen Kastrup Airport","country":"DK","continent":"EU","rank":null,"status":"core-partial","dailyProxy":32,"capturedFlights":159,"estDaily":null}},{"type":"Feature","geometry":{"type":"Point","coordinates":[12.1314,55.585602]},"properties":{"icao":"EKRK","iata":"RKE","name":"Copenhagen Roskilde Airport","country":"DK","continent":"EU","rank":878,"status":"partial","dailyProxy":20,"capturedFlights":1,"estDaily":20}},{"type":"Feature","geometry":{"type":"Point","coordinates":[9.84993,57.094763]},"properties":{"icao":"EKYT","iata":"AAL","name":"Aalborg Airport","country":"DK","continent":"EU","rank":null,"status":"partial","dailyProxy":8,"capturedFlights":8,"estDaily":null}},{"type":"Feature","geometry":{"type":"Point","coordinates":[6.212134,49.626845]},"properties":{"icao":"ELLX","iata":"LUX","name":"Luxembourg-Findel International Airport","country":"LU","continent":"EU","rank":132,"status":"partial","dailyProxy":83,"capturedFlights":70,"estDaily":83}},{"type":"Feature","geometry":{"type":"Point","coordinates":[6.110845,62.560443]},"properties":{"icao":"ENAL","iata":"AES","name":"Ålesund Airport","country":"NO","continent":"EU","rank":null,"status":"partial","dailyProxy":2,"capturedFlights":2,"estDaily":null}},{"type":"Feature","geometry":{"type":"Point","coordinates":[14.3653,67.269203]},"properties":{"icao":"ENBO","iata":"BOO","name":"Bodø Airport","country":"NO","continent":"EU","rank":null,"status":"partial","dailyProxy":1,"capturedFlights":1,"estDaily":null}},{"type":"Feature","geometry":{"type":"Point","coordinates":[5.21814,60.2934]},"properties":{"icao":"ENBR","iata":"BGO","name":"Bergen Airport, Flesland","country":"NO","continent":"EU","rank":691,"status":"partial","dailyProxy":23,"capturedFlights":15,"estDaily":23}},{"type":"Feature","geometry":{"type":"Point","coordinates":[8.08537,58.204201]},"properties":{"icao":"ENCN","iata":"KRS","name":"Kristiansand Airport","country":"NO","continent":"EU","rank":null,"status":"partial","dailyProxy":4,"capturedFlights":4,"estDaily":null}},{"type":"Feature","geometry":{"type":"Point","coordinates":[18.5404,69.055801]},"properties":{"icao":"ENDU","iata":"BDU","name":"Bardufoss Airport","country":"NO","continent":"EU","rank":886,"status":"partial","dailyProxy":20,"capturedFlights":1,"estDaily":20}},{"type":"Feature","geometry":{"type":"Point","coordinates":[16.678101,68.491302]},"properties":{"icao":"ENEV","iata":"EVE","name":"Harstad/Narvik Airport","country":"NO","continent":"EU","rank":null,"status":"partial","dailyProxy":2,"capturedFlights":2,"estDaily":null}},{"type":"Feature","geometry":{"type":"Point","coordinates":[11.1004,60.193901]},"properties":{"icao":"ENGM","iata":"OSL","name":"Oslo-Gardermoen International Airport","country":"NO","continent":"EU","rank":81,"status":"partial","dailyProxy":120,"capturedFlights":93,"estDaily":120}},{"type":"Feature","geometry":{"type":"Point","coordinates":[18.9189,69.683296]},"properties":{"icao":"ENTC","iata":"TOS","name":"Tromsø Airport","country":"NO","continent":"EU","rank":null,"status":"partial","dailyProxy":7,"capturedFlights":13,"estDaily":null}},{"type":"Feature","geometry":{"type":"Point","coordinates":[10.2586,59.186699]},"properties":{"icao":"ENTO","iata":"TRF","name":"Sandefjord Airport, Torp","country":"NO","continent":"EU","rank":null,"status":"partial","dailyProxy":4,"capturedFlights":4,"estDaily":null}},{"type":"Feature","geometry":{"type":"Point","coordinates":[10.924,63.457802]},"properties":{"icao":"ENVA","iata":"TRD","name":"Trondheim Airport, Værnes","country":"NO","continent":"EU","rank":null,"status":"partial","dailyProxy":4,"capturedFlights":4,"estDaily":null}},{"type":"Feature","geometry":{"type":"Point","coordinates":[5.63778,58.876701]},"properties":{"icao":"ENZV","iata":"SVG","name":"Stavanger Airport, Sola","country":"NO","continent":"EU","rank":null,"status":"partial","dailyProxy":4,"capturedFlights":4,"estDaily":null}},{"type":"Feature","geometry":{"type":"Point","coordinates":[17.977699,53.096802]},"properties":{"icao":"EPBY","iata":"BZG","name":"Ignacy Jan Paderewski Bydgoszcz Airport","country":"PL","continent":"EU","rank":911,"status":"partial","dailyProxy":20,"capturedFlights":6,"estDaily":20}},{"type":"Feature","geometry":{"type":"Point","coordinates":[18.4662,54.377602]},"properties":{"icao":"EPGD","iata":"GDN","name":"Gdańsk Lech Wałęsa Airport","country":"PL","continent":"EU","rank":655,"status":"partial","dailyProxy":26,"capturedFlights":30,"estDaily":26}},{"type":"Feature","geometry":{"type":"Point","coordinates":[19.7848,50.077702]},"properties":{"icao":"EPKK","iata":"KRK","name":"Kraków John Paul II International Airport","country":"PL","continent":"EU","rank":133,"status":"partial","dailyProxy":81,"capturedFlights":72,"estDaily":81}},{"type":"Feature","geometry":{"type":"Point","coordinates":[19.080705,50.476015]},"properties":{"icao":"EPKT","iata":"KTW","name":"Katowice Wojciech Korfanty International Airport","country":"PL","continent":"EU","rank":null,"status":"partial","dailyProxy":9,"capturedFlights":17,"estDaily":null}},{"type":"Feature","geometry":{"type":"Point","coordinates":[22.713461,51.240157]},"properties":{"icao":"EPLB","iata":"LUZ","name":"Lublin Airport","country":"PL","continent":"EU","rank":null,"status":"partial","dailyProxy":7,"capturedFlights":7,"estDaily":null}},{"type":"Feature","geometry":{"type":"Point","coordinates":[19.3981,51.721901]},"properties":{"icao":"EPLL","iata":"LCJ","name":"Łódź Władysław Reymont Airport","country":"PL","continent":"EU","rank":null,"status":"partial","dailyProxy":3,"capturedFlights":3,"estDaily":null}},{"type":"Feature","geometry":{"type":"Point","coordinates":[20.6518,52.451099]},"properties":{"icao":"EPMO","iata":"WMI","name":"Warsaw Modlin Airport","country":"PL","continent":"EU","rank":null,"status":"partial","dailyProxy":1,"capturedFlights":1,"estDaily":null}},{"type":"Feature","geometry":{"type":"Point","coordinates":[16.823359,52.421598]},"properties":{"icao":"EPPO","iata":"POZ","name":"Poznań-Ławica Airport","country":"PL","continent":"EU","rank":586,"status":"partial","dailyProxy":30,"capturedFlights":33,"estDaily":30}},{"type":"Feature","geometry":{"type":"Point","coordinates":[22.024155,50.109791]},"properties":{"icao":"EPRZ","iata":"RZE","name":"Rzeszów-Jasionka Airport","country":"PL","continent":"EU","rank":null,"status":"partial","dailyProxy":6,"capturedFlights":12,"estDaily":null}},{"type":"Feature","geometry":{"type":"Point","coordinates":[14.9022,53.584702]},"properties":{"icao":"EPSC","iata":"SZZ","name":"Solidarity Szczecin–Goleniów Airport","country":"PL","continent":"EU","rank":null,"status":"partial","dailyProxy":4,"capturedFlights":4,"estDaily":null}},{"type":"Feature","geometry":{"type":"Point","coordinates":[20.9671,52.165699]},"properties":{"icao":"EPWA","iata":"WAW","name":"Warsaw Chopin Airport","country":"PL","continent":"EU","rank":38,"status":"partial","dailyProxy":176,"capturedFlights":427,"estDaily":176}},{"type":"Feature","geometry":{"type":"Point","coordinates":[16.882096,51.103719]},"properties":{"icao":"EPWR","iata":"WRO","name":"Copernicus Wrocław Airport","country":"PL","continent":"EU","rank":669,"status":"partial","dailyProxy":24,"capturedFlights":27,"estDaily":24}},{"type":"Feature","geometry":{"type":"Point","coordinates":[15.7986,52.1385]},"properties":{"icao":"EPZG","iata":"IEG","name":"Zielona Góra-Babimost Airport","country":"PL","continent":"EU","rank":914,"status":"partial","dailyProxy":20,"capturedFlights":2,"estDaily":20}},{"type":"Feature","geometry":{"type":"Point","coordinates":[12.2798,57.6628]},"properties":{"icao":"ESGG","iata":"GOT","name":"Göteborg Landvetter Airport","country":"SE","continent":"EU","rank":410,"status":"partial","dailyProxy":47,"capturedFlights":31,"estDaily":47}},{"type":"Feature","geometry":{"type":"Point","coordinates":[16.911479,58.789656]},"properties":{"icao":"ESKN","iata":"NYO","name":"Stockholm Skavsta Airport","country":"SE","continent":"EU","rank":328,"status":"partial","dailyProxy":61,"capturedFlights":2,"estDaily":61}},{"type":"Feature","geometry":{"type":"Point","coordinates":[14.727999687194824,56.929100036621094]},"properties":{"icao":"ESMX","iata":"VXO","name":"Växjö Kronoberg Airport","country":"SE","continent":"EU","rank":921,"status":"partial","dailyProxy":20,"capturedFlights":1,"estDaily":20}},{"type":"Feature","geometry":{"type":"Point","coordinates":[19.28190040588379,65.59030151367188]},"properties":{"icao":"ESNX","iata":"AJR","name":"Arvidsjaur Airport","country":"SE","continent":"EU","rank":929,"status":"partial","dailyProxy":20,"capturedFlights":1,"estDaily":20}},{"type":"Feature","geometry":{"type":"Point","coordinates":[14.504168,63.193546]},"properties":{"icao":"ESNZ","iata":"OSD","name":"Åre Östersund Airport","country":"SE","continent":"EU","rank":930,"status":"partial","dailyProxy":20,"capturedFlights":1,"estDaily":20}},{"type":"Feature","geometry":{"type":"Point","coordinates":[22.122,65.5438]},"properties":{"icao":"ESPA","iata":"LLA","name":"Luleå Airport","country":"SE","continent":"EU","rank":334,"status":"partial","dailyProxy":61,"capturedFlights":2,"estDaily":61}},{"type":"Feature","geometry":{"type":"Point","coordinates":[17.928829,59.64849]},"properties":{"icao":"ESSA","iata":"ARN","name":"Stockholm-Arlanda Airport","country":"SE","continent":"EU","rank":null,"status":"core-partial","dailyProxy":21,"capturedFlights":103,"estDaily":null}},{"type":"Feature","geometry":{"type":"Point","coordinates":[17.9417,59.354401]},"properties":{"icao":"ESSB","iata":"BMA","name":"Stockholm-Bromma Airport","country":"SE","continent":"EU","rank":933,"status":"partial","dailyProxy":20,"capturedFlights":4,"estDaily":20}},{"type":"Feature","geometry":{"type":"Point","coordinates":[15.684499,58.404909]},"properties":{"icao":"ESSL","iata":"LPI","name":"Linköping City Airport","country":"SE","continent":"EU","rank":335,"status":"partial","dailyProxy":61,"capturedFlights":2,"estDaily":61}},{"type":"Feature","geometry":{"type":"Point","coordinates":[7.60028,49.436901]},"properties":{"icao":"ETAR","iata":"RMS","name":"Ramstein Air Base","country":"DE","continent":"EU","rank":null,"status":"partial","dailyProxy":1,"capturedFlights":1,"estDaily":null}},{"type":"Feature","geometry":{"type":"Point","coordinates":[23.970711,56.920752]},"properties":{"icao":"EVRA","iata":"RIX","name":"Riga International Airport","country":"LV","continent":"EU","rank":445,"status":"partial","dailyProxy":42,"capturedFlights":34,"estDaily":42}},{"type":"Feature","geometry":{"type":"Point","coordinates":[24.08582,54.963965]},"properties":{"icao":"EYKA","iata":"KUN","name":"Kaunas International Airport","country":"LT","continent":"EU","rank":null,"status":"partial","dailyProxy":3,"capturedFlights":3,"estDaily":null}},{"type":"Feature","geometry":{"type":"Point","coordinates":[21.093901,55.973202]},"properties":{"icao":"EYPA","iata":"PLQ","name":"Palanga International Airport","country":"LT","continent":"EU","rank":null,"status":"partial","dailyProxy":1,"capturedFlights":1,"estDaily":null}},{"type":"Feature","geometry":{"type":"Point","coordinates":[25.285801,54.634102]},"properties":{"icao":"EYVI","iata":"VNO","name":"Vilnius International Airport","country":"LT","continent":"EU","rank":628,"status":"partial","dailyProxy":29,"capturedFlights":31,"estDaily":29}},{"type":"Feature","geometry":{"type":"Point","coordinates":[18.604333,-33.97403]},"properties":{"icao":"FACT","iata":"CPT","name":"Cape Town International Airport","country":"ZA","continent":"AF","rank":425,"status":"partial","dailyProxy":45,"capturedFlights":34,"estDaily":45}},{"type":"Feature","geometry":{"type":"Point","coordinates":[31.1197222222,-29.6144444444]},"properties":{"icao":"FALE","iata":"DUR","name":"King Shaka International Airport","country":"ZA","continent":"AF","rank":null,"status":"partial","dailyProxy":2,"capturedFlights":6,"estDaily":null}},{"type":"Feature","geometry":{"type":"Point","coordinates":[28.246801,-26.140081]},"properties":{"icao":"FAOR","iata":"JNB","name":"O.R. Tambo International Airport","country":"ZA","continent":"AF","rank":291,"status":"partial","dailyProxy":66,"capturedFlights":53,"estDaily":66}},{"type":"Feature","geometry":{"type":"Point","coordinates":[23.431409,-19.970491]},"properties":{"icao":"FBMN","iata":"MUB","name":"Maun International Airport","country":"BW","continent":"AF","rank":148,"status":"partial","dailyProxy":80,"capturedFlights":1,"estDaily":80}},{"type":"Feature","geometry":{"type":"Point","coordinates":[15.253,-4.2517]},"properties":{"icao":"FCBB","iata":"BZV","name":"Maya-Maya International Airport","country":"CG","continent":"AF","rank":151,"status":"partial","dailyProxy":80,"capturedFlights":2,"estDaily":80}},{"type":"Feature","geometry":{"type":"Point","coordinates":[11.8866,-4.81603]},"properties":{"icao":"FCPP","iata":"PNR","name":"Antonio Agostinho-Neto International Airport","country":"CG","continent":"AF","rank":152,"status":"partial","dailyProxy":80,"capturedFlights":1,"estDaily":80}},{"type":"Feature","geometry":{"type":"Point","coordinates":[18.518801,4.39848]},"properties":{"icao":"FEFF","iata":"BGF","name":"Bangui M'Poko International Airport","country":"CF","continent":"AF","rank":154,"status":"partial","dailyProxy":80,"capturedFlights":1,"estDaily":80}},{"type":"Feature","geometry":{"type":"Point","coordinates":[8.70872,3.75527]},"properties":{"icao":"FGSL","iata":"SSG","name":"Malabo International Airport","country":"GQ","continent":"AF","rank":156,"status":"partial","dailyProxy":80,"capturedFlights":2,"estDaily":80}},{"type":"Feature","geometry":{"type":"Point","coordinates":[57.683601,-20.430201]},"properties":{"icao":"FIMP","iata":"MRU","name":"Sir Seewoosagur Ramgoolam International Airport","country":"MU","continent":"AF","rank":561,"status":"partial","dailyProxy":33,"capturedFlights":25,"estDaily":33}},{"type":"Feature","geometry":{"type":"Point","coordinates":[11.5533,3.72256]},"properties":{"icao":"FKYS","iata":"NSI","name":"Yaoundé Nsimalen International Airport","country":"CM","continent":"AF","rank":null,"status":"partial","dailyProxy":3,"capturedFlights":6,"estDaily":null}},{"type":"Feature","geometry":{"type":"Point","coordinates":[28.452722,-15.330833]},"properties":{"icao":"FLKK","iata":"LUN","name":"Kenneth Kaunda International Airport","country":"ZM","continent":"AF","rank":null,"status":"partial","dailyProxy":2,"capturedFlights":9,"estDaily":null}},{"type":"Feature","geometry":{"type":"Point","coordinates":[28.515624,-12.96513]},"properties":{"icao":"FLSK","iata":"NLA","name":"Simon Mwansa Kapwepwe International Airport","country":"ZM","continent":"AF","rank":null,"status":"partial","dailyProxy":1,"capturedFlights":1,"estDaily":null}},{"type":"Feature","geometry":{"type":"Point","coordinates":[43.2719,-11.5337]},"properties":{"icao":"FMCH","iata":"HAH","name":"Prince Said Ibrahim International Airport","country":"KM","continent":"AF","rank":157,"status":"partial","dailyProxy":80,"capturedFlights":2,"estDaily":80}},{"type":"Feature","geometry":{"type":"Point","coordinates":[55.518894,-20.890087]},"properties":{"icao":"FMEE","iata":"RUN","name":"Roland Garros Airport","country":"RE","continent":"AF","rank":null,"status":"partial","dailyProxy":4,"capturedFlights":8,"estDaily":null}},{"type":"Feature","geometry":{"type":"Point","coordinates":[47.478802,-18.7969]},"properties":{"icao":"FMMI","iata":"TNR","name":"Ivato International Airport","country":"MG","continent":"AF","rank":159,"status":"partial","dailyProxy":80,"capturedFlights":2,"estDaily":80}},{"type":"Feature","geometry":{"type":"Point","coordinates":[48.3148,-13.3121]},"properties":{"icao":"FMNN","iata":"NOS","name":"Nosy Be-Fascene International Airport","country":"MG","continent":"AF","rank":962,"status":"partial","dailyProxy":20,"capturedFlights":1,"estDaily":20}},{"type":"Feature","geometry":{"type":"Point","coordinates":[13.499078,-9.050734]},"properties":{"icao":"FNBJ","iata":"NBJ","name":"Dr. Antonio Agostinho Neto International Airport","country":"AO","continent":"AF","rank":null,"status":"partial","dailyProxy":2,"capturedFlights":8,"estDaily":null}},{"type":"Feature","geometry":{"type":"Point","coordinates":[9.41214,0.458951]},"properties":{"icao":"FOOL","iata":"LBV","name":"Libreville Leon M'ba International Airport","country":"GA","continent":"AF","rank":163,"status":"partial","dailyProxy":80,"capturedFlights":2,"estDaily":80}},{"type":"Feature","geometry":{"type":"Point","coordinates":[32.572601,-25.920799]},"properties":{"icao":"FQMA","iata":"MPM","name":"Maputo Airport","country":"MZ","continent":"AF","rank":167,"status":"partial","dailyProxy":80,"capturedFlights":3,"estDaily":80}},{"type":"Feature","geometry":{"type":"Point","coordinates":[55.521801,-4.67434]},"properties":{"icao":"FSIA","iata":"SEZ","name":"Seychelles International Airport","country":"SC","continent":"AF","rank":636,"status":"partial","dailyProxy":27,"capturedFlights":22,"estDaily":27}},{"type":"Feature","geometry":{"type":"Point","coordinates":[15.034,12.1337]},"properties":{"icao":"FTTJ","iata":"NDJ","name":"N'Djamena International Airport","country":"TD","continent":"AF","rank":null,"status":"partial","dailyProxy":6,"capturedFlights":6,"estDaily":null}},{"type":"Feature","geometry":{"type":"Point","coordinates":[34.972319,-15.677189]},"properties":{"icao":"FWCL","iata":"BLZ","name":"Chileka International Airport","country":"MW","continent":"AF","rank":173,"status":"partial","dailyProxy":80,"capturedFlights":1,"estDaily":80}},{"type":"Feature","geometry":{"type":"Point","coordinates":[33.780998,-13.7894]},"properties":{"icao":"FWKI","iata":"LLW","name":"Kamuzu International Airport","country":"MW","continent":"AF","rank":174,"status":"partial","dailyProxy":80,"capturedFlights":1,"estDaily":80}},{"type":"Feature","geometry":{"type":"Point","coordinates":[17.4709,-22.4799]},"properties":{"icao":"FYWH","iata":"WDH","name":"Hosea Kutako International Airport","country":"NA","continent":"AF","rank":177,"status":"partial","dailyProxy":80,"capturedFlights":3,"estDaily":80}},{"type":"Feature","geometry":{"type":"Point","coordinates":[15.4446,-4.38575]},"properties":{"icao":"FZAA","iata":"FIH","name":"Ndjili International Airport","country":"CD","continent":"AF","rank":null,"status":"partial","dailyProxy":6,"capturedFlights":6,"estDaily":null}},{"type":"Feature","geometry":{"type":"Point","coordinates":[27.530753,-11.591494]},"properties":{"icao":"FZQA","iata":"FBM","name":"Lubumbashi International Airport","country":"CD","continent":"AF","rank":null,"status":"partial","dailyProxy":3,"capturedFlights":3,"estDaily":null}},{"type":"Feature","geometry":{"type":"Point","coordinates":[-7.94994,12.5335]},"properties":{"icao":"GABS","iata":"BKO","name":"Modibo Keita International Airport","country":"ML","continent":"AF","rank":178,"status":"partial","dailyProxy":80,"capturedFlights":2,"estDaily":80}},{"type":"Feature","geometry":{"type":"Point","coordinates":[-16.652201,13.338]},"properties":{"icao":"GBYD","iata":"BJL","name":"Banjul International Airport","country":"GM","continent":"AF","rank":180,"status":"partial","dailyProxy":80,"capturedFlights":4,"estDaily":80}},{"type":"Feature","geometry":{"type":"Point","coordinates":[-13.8638,28.4527]},"properties":{"icao":"GCFV","iata":"FUE","name":"Fuerteventura Airport","country":"ES","continent":"AF","rank":472,"status":"partial","dailyProxy":41,"capturedFlights":38,"estDaily":41}},{"type":"Feature","geometry":{"type":"Point","coordinates":[-17.7556,28.626499]},"properties":{"icao":"GCLA","iata":"SPC","name":"La Palma Airport","country":"ES","continent":"AF","rank":null,"status":"partial","dailyProxy":4,"capturedFlights":8,"estDaily":null}},{"type":"Feature","geometry":{"type":"Point","coordinates":[-15.3866,27.9319]},"properties":{"icao":"GCLP","iata":"LPA","name":"Gran Canaria Airport","country":"ES","continent":"AF","rank":110,"status":"partial","dailyProxy":90,"capturedFlights":69,"estDaily":90}},{"type":"Feature","geometry":{"type":"Point","coordinates":[-13.6052,28.945499]},"properties":{"icao":"GCRR","iata":"ACE","name":"César Manrique-Lanzarote Airport","country":"ES","continent":"AF","rank":337,"status":"partial","dailyProxy":60,"capturedFlights":47,"estDaily":60}},{"type":"Feature","geometry":{"type":"Point","coordinates":[-16.5725,28.0445]},"properties":{"icao":"GCTS","iata":"TFS","name":"Tenerife Sur Airport","country":"ES","continent":"AF","rank":134,"status":"partial","dailyProxy":81,"capturedFlights":84,"estDaily":81}},{"type":"Feature","geometry":{"type":"Point","coordinates":[-16.341707,28.482752]},"properties":{"icao":"GCXO","iata":"TFN","name":"Tenerife Norte-Ciudad de La Laguna Airport","country":"ES","continent":"AF","rank":446,"status":"partial","dailyProxy":42,"capturedFlights":29,"estDaily":42}},{"type":"Feature","geometry":{"type":"Point","coordinates":[-2.95626,35.2798]},"properties":{"icao":"GEML","iata":"MLN","name":"Melilla Airport","country":"ES","continent":"AF","rank":null,"status":"partial","dailyProxy":6,"capturedFlights":6,"estDaily":null}},{"type":"Feature","geometry":{"type":"Point","coordinates":[-10.3623,6.23379]},"properties":{"icao":"GLRB","iata":"ROB","name":"Roberts International Airport","country":"LR","continent":"AF","rank":183,"status":"partial","dailyProxy":80,"capturedFlights":1,"estDaily":80}},{"type":"Feature","geometry":{"type":"Point","coordinates":[-9.412003,30.322478]},"properties":{"icao":"GMAD","iata":"AGA","name":"Al Massira Airport","country":"MA","continent":"AF","rank":670,"status":"partial","dailyProxy":24,"capturedFlights":21,"estDaily":24}},{"type":"Feature","geometry":{"type":"Point","coordinates":[-4.97796,33.927299]},"properties":{"icao":"GMFF","iata":"FEZ","name":"Fes Saïss International Airport","country":"MA","continent":"AF","rank":749,"status":"partial","dailyProxy":21,"capturedFlights":3,"estDaily":21}},{"type":"Feature","geometry":{"type":"Point","coordinates":[-1.926041,34.789558]},"properties":{"icao":"GMFO","iata":"OUD","name":"Oujda Angads Airport","country":"MA","continent":"AF","rank":750,"status":"partial","dailyProxy":21,"capturedFlights":4,"estDaily":21}},{"type":"Feature","geometry":{"type":"Point","coordinates":[-6.75152,34.051498]},"properties":{"icao":"GMME","iata":"RBA","name":"Rabat-Salé Airport","country":"MA","continent":"AF","rank":574,"status":"partial","dailyProxy":32,"capturedFlights":24,"estDaily":32}},{"type":"Feature","geometry":{"type":"Point","coordinates":[-15.932,23.7183]},"properties":{"icao":"GMMH","iata":"VIL","name":"Dakhla Airport","country":"EH","continent":"AF","rank":184,"status":"partial","dailyProxy":80,"capturedFlights":1,"estDaily":80}},{"type":"Feature","geometry":{"type":"Point","coordinates":[-9.68167,31.397499]},"properties":{"icao":"GMMI","iata":"ESU","name":"Essaouira-Mogador Airport","country":"MA","continent":"AF","rank":null,"status":"partial","dailyProxy":1,"capturedFlights":1,"estDaily":null}},{"type":"Feature","geometry":{"type":"Point","coordinates":[-7.58997,33.3675]},"properties":{"icao":"GMMN","iata":"CMN","name":"Mohammed V International Airport","country":"MA","continent":"AF","rank":124,"status":"partial","dailyProxy":87,"capturedFlights":81,"estDaily":87}},{"type":"Feature","geometry":{"type":"Point","coordinates":[-8.035788,31.604807]},"properties":{"icao":"GMMX","iata":"RAK","name":"Marrakesh Menara Airport","country":"MA","continent":"AF","rank":262,"status":"partial","dailyProxy":75,"capturedFlights":70,"estDaily":75}},{"type":"Feature","geometry":{"type":"Point","coordinates":[-5.921459,35.731741]},"properties":{"icao":"GMTT","iata":"TNG","name":"Tangier Ibn Battuta Airport","country":"MA","continent":"AF","rank":null,"status":"partial","dailyProxy":10,"capturedFlights":10,"estDaily":null}},{"type":"Feature","geometry":{"type":"Point","coordinates":[-17.072829,14.670878]},"properties":{"icao":"GOBD","iata":"DSS","name":"Blaise Diagne International Airport","country":"SN","continent":"AF","rank":755,"status":"partial","dailyProxy":21,"capturedFlights":14,"estDaily":21}},{"type":"Feature","geometry":{"type":"Point","coordinates":[-16.748,12.39533]},"properties":{"icao":"GOGS","iata":"CSK","name":"Cap Skirring Airport","country":"SN","continent":"AF","rank":null,"status":"partial","dailyProxy":1,"capturedFlights":1,"estDaily":null}},{"type":"Feature","geometry":{"type":"Point","coordinates":[-15.969722,18.31]},"properties":{"icao":"GQNO","iata":"NKC","name":"Nouakchott–Oumtounsy International Airport","country":"MR","continent":"AF","rank":186,"status":"partial","dailyProxy":80,"capturedFlights":1,"estDaily":80}},{"type":"Feature","geometry":{"type":"Point","coordinates":[-13.612,9.57689]},"properties":{"icao":"GUCY","iata":"CKY","name":"Ahmed Sékou Touré International Airport","country":"GN","continent":"AF","rank":188,"status":"partial","dailyProxy":80,"capturedFlights":3,"estDaily":80}},{"type":"Feature","geometry":{"type":"Point","coordinates":[-22.9494,16.7414]},"properties":{"icao":"GVAC","iata":"SID","name":"Amílcar Cabral International Airport","country":"CV","continent":"AF","rank":null,"status":"partial","dailyProxy":7,"capturedFlights":7,"estDaily":null}},{"type":"Feature","geometry":{"type":"Point","coordinates":[-22.888901,16.136499]},"properties":{"icao":"GVBA","iata":"BVC","name":"Aristides Pereira International Airport","country":"CV","continent":"AF","rank":null,"status":"partial","dailyProxy":1,"capturedFlights":1,"estDaily":null}},{"type":"Feature","geometry":{"type":"Point","coordinates":[-23.484728,14.941126]},"properties":{"icao":"GVNP","iata":"RAI","name":"Nelson Mandela International Airport","country":"CV","continent":"AF","rank":null,"status":"partial","dailyProxy":1,"capturedFlights":1,"estDaily":null}},{"type":"Feature","geometry":{"type":"Point","coordinates":[-25.055308,16.833363]},"properties":{"icao":"GVSV","iata":"VXE","name":"Cesaria Evora International Airport","country":"CV","continent":"AF","rank":null,"status":"partial","dailyProxy":1,"capturedFlights":1,"estDaily":null}},{"type":"Feature","geometry":{"type":"Point","coordinates":[38.799301,8.97789]},"properties":{"icao":"HAAB","iata":"ADD","name":"Addis Ababa Bole International","country":"ET","continent":"AF","rank":null,"status":"complete","dailyProxy":49,"capturedFlights":388,"estDaily":null}},{"type":"Feature","geometry":{"type":"Point","coordinates":[37.5905,6.03939]},"properties":{"icao":"HAAM","iata":"AMH","name":"Arba Minch Airport","country":"ET","continent":"AF","rank":null,"status":"partial","dailyProxy":3,"capturedFlights":3,"estDaily":null}},{"type":"Feature","geometry":{"type":"Point","coordinates":[38.7728,14.1468]},"properties":{"icao":"HAAX","iata":"AXU","name":"Axum Airport","country":"ET","continent":"AF","rank":null,"status":"partial","dailyProxy":2,"capturedFlights":2,"estDaily":null}},{"type":"Feature","geometry":{"type":"Point","coordinates":[37.321602,11.6081]},"properties":{"icao":"HABD","iata":"BJR","name":"Bahir Dar Airport","country":"ET","continent":"AF","rank":572,"status":"partial","dailyProxy":33,"capturedFlights":22,"estDaily":33}},{"type":"Feature","geometry":{"type":"Point","coordinates":[39.725911,11.10975]},"properties":{"icao":"HADC","iata":"DSE","name":"Kombolcha Airport","country":"ET","continent":"AF","rank":null,"status":"partial","dailyProxy":3,"capturedFlights":3,"estDaily":null}},{"type":"Feature","geometry":{"type":"Point","coordinates":[41.855027,9.623549]},"properties":{"icao":"HADR","iata":"DIR","name":"Aba Tenna Dejazmach Yilma International Airport","country":"ET","continent":"AF","rank":null,"status":"partial","dailyProxy":8,"capturedFlights":8,"estDaily":null}},{"type":"Feature","geometry":{"type":"Point","coordinates":[34.563099,8.12876]},"properties":{"icao":"HAGM","iata":"GMB","name":"Gambela Airport","country":"ET","continent":"AF","rank":null,"status":"partial","dailyProxy":3,"capturedFlights":3,"estDaily":null}},{"type":"Feature","geometry":{"type":"Point","coordinates":[37.433998,12.5199]},"properties":{"icao":"HAGN","iata":"GDQ","name":"Gondar Airport","country":"ET","continent":"AF","rank":null,"status":"partial","dailyProxy":5,"capturedFlights":5,"estDaily":null}},{"type":"Feature","geometry":{"type":"Point","coordinates":[42.911811,9.331907]},"properties":{"icao":"HAJJ","iata":"JIJ","name":"Gerad Wilwal International Airport","country":"ET","continent":"AF","rank":null,"status":"partial","dailyProxy":5,"capturedFlights":5,"estDaily":null}},{"type":"Feature","geometry":{"type":"Point","coordinates":[36.81660079956055,7.66609001159668]},"properties":{"icao":"HAJM","iata":"JIM","name":"Jimma Airport","country":"ET","continent":"AF","rank":null,"status":"partial","dailyProxy":7,"capturedFlights":7,"estDaily":null}},{"type":"Feature","geometry":{"type":"Point","coordinates":[38.396455,7.100611]},"properties":{"icao":"HALA","iata":"AWA","name":"Hawassa International Airport","country":"ET","continent":"AF","rank":null,"status":"partial","dailyProxy":2,"capturedFlights":2,"estDaily":null}},{"type":"Feature","geometry":{"type":"Point","coordinates":[38.980198,11.975225]},"properties":{"icao":"HALL","iata":"LLI","name":"Lalibela Airport","country":"ET","continent":"AF","rank":null,"status":"partial","dailyProxy":1,"capturedFlights":1,"estDaily":null}},{"type":"Feature","geometry":{"type":"Point","coordinates":[39.533501,13.4674]},"properties":{"icao":"HAMK","iata":"MQX","name":"Mekele Alula Aba Nega Airport","country":"ET","continent":"AF","rank":null,"status":"partial","dailyProxy":9,"capturedFlights":9,"estDaily":null}},{"type":"Feature","geometry":{"type":"Point","coordinates":[40.9915,11.7875]},"properties":{"icao":"HASM","iata":"SZE","name":"Semera Airport","country":"ET","continent":"AF","rank":null,"status":"partial","dailyProxy":3,"capturedFlights":3,"estDaily":null}},{"type":"Feature","geometry":{"type":"Point","coordinates":[34.586299896240234,10.018500328063965]},"properties":{"icao":"HASO","iata":"ASO","name":"Asosa Airport","country":"ET","continent":"AF","rank":null,"status":"partial","dailyProxy":6,"capturedFlights":6,"estDaily":null}},{"type":"Feature","geometry":{"type":"Point","coordinates":[29.318501,-3.32402]},"properties":{"icao":"HBBA","iata":"BJM","name":"Bujumbura Melchior Ndadaye International Airport","country":"BI","continent":"AF","rank":189,"status":"partial","dailyProxy":80,"capturedFlights":2,"estDaily":80}},{"type":"Feature","geometry":{"type":"Point","coordinates":[44.083469,9.514082]},"properties":{"icao":"HCMH","iata":"HGA","name":"Egal International Airport","country":"SO","continent":"AF","rank":null,"status":"partial","dailyProxy":2,"capturedFlights":6,"estDaily":null}},{"type":"Feature","geometry":{"type":"Point","coordinates":[45.304699,2.01444]},"properties":{"icao":"HCMM","iata":"MGQ","name":"Aden Adde International Airport","country":"SO","continent":"AF","rank":null,"status":"partial","dailyProxy":3,"capturedFlights":3,"estDaily":null}},{"type":"Feature","geometry":{"type":"Point","coordinates":[48.568136,8.458474]},"properties":{"icao":"HCMW","iata":"GGR","name":"Garowe Airport","country":"SO","continent":"AF","rank":null,"status":"partial","dailyProxy":1,"capturedFlights":1,"estDaily":null}},{"type":"Feature","geometry":{"type":"Point","coordinates":[43.1595,11.5473]},"properties":{"icao":"HDAM","iata":"JIB","name":"Djibouti-Ambouli Airport","country":"DJ","continent":"AF","rank":190,"status":"partial","dailyProxy":80,"capturedFlights":6,"estDaily":80}},{"type":"Feature","geometry":{"type":"Point","coordinates":[31.01276,27.045962]},"properties":{"icao":"HEAT","iata":"ATZ","name":"Asyut International Airport","country":"EG","continent":"AF","rank":null,"status":"partial","dailyProxy":5,"capturedFlights":5,"estDaily":null}},{"type":"Feature","geometry":{"type":"Point","coordinates":[29.696437,30.93249]},"properties":{"icao":"HEAX","iata":"HBE","name":"Alexandria International Airport","country":"EG","continent":"AF","rank":null,"status":"partial","dailyProxy":6,"capturedFlights":22,"estDaily":null}},{"type":"Feature","geometry":{"type":"Point","coordinates":[31.396694,30.111534]},"properties":{"icao":"HECA","iata":"CAI","name":"Cairo International Airport","country":"EG","continent":"AF","rank":34,"status":"partial","dailyProxy":185,"capturedFlights":629,"estDaily":185}},{"type":"Feature","geometry":{"type":"Point","coordinates":[33.796692,27.176776]},"properties":{"icao":"HEGN","iata":"HRG","name":"Hurghada International Airport","country":"EG","continent":"AF","rank":671,"status":"partial","dailyProxy":24,"capturedFlights":51,"estDaily":24}},{"type":"Feature","geometry":{"type":"Point","coordinates":[32.706446,25.671018]},"properties":{"icao":"HELX","iata":"LXR","name":"Luxor International Airport","country":"EG","continent":"AF","rank":null,"status":"partial","dailyProxy":6,"capturedFlights":12,"estDaily":null}},{"type":"Feature","geometry":{"type":"Point","coordinates":[34.59245,25.555548]},"properties":{"icao":"HEMA","iata":"RMF","name":"Marsa Alam International Airport","country":"EG","continent":"AF","rank":null,"status":"partial","dailyProxy":3,"capturedFlights":3,"estDaily":null}},{"type":"Feature","geometry":{"type":"Point","coordinates":[31.743017,26.342515]},"properties":{"icao":"HESG","iata":"HMB","name":"Sohag International Airport","country":"EG","continent":"AF","rank":null,"status":"partial","dailyProxy":2,"capturedFlights":2,"estDaily":null}},{"type":"Feature","geometry":{"type":"Point","coordinates":[34.394717,27.977272]},"properties":{"icao":"HESH","iata":"SSH","name":"Sharm El Sheikh International Airport","country":"EG","continent":"AS","rank":692,"status":"partial","dailyProxy":23,"capturedFlights":41,"estDaily":23}},{"type":"Feature","geometry":{"type":"Point","coordinates":[32.820382,23.961075]},"properties":{"icao":"HESN","iata":"ASW","name":"Aswan International Airport","country":"EG","continent":"AF","rank":null,"status":"partial","dailyProxy":21,"capturedFlights":21,"estDaily":null}},{"type":"Feature","geometry":{"type":"Point","coordinates":[30.895728,30.108179]},"properties":{"icao":"HESX","iata":"SPX","name":"Sphinx International Airport","country":"EG","continent":"AF","rank":null,"status":"partial","dailyProxy":4,"capturedFlights":16,"estDaily":null}},{"type":"Feature","geometry":{"type":"Point","coordinates":[38.910702,15.2919]},"properties":{"icao":"HHAS","iata":"ASM","name":"Asmara International Airport","country":"ER","continent":"AF","rank":null,"status":"partial","dailyProxy":2,"capturedFlights":7,"estDaily":null}},{"type":"Feature","geometry":{"type":"Point","coordinates":[31.601101,4.87201]},"properties":{"icao":"HJJJ","iata":"JUB","name":"Juba International Airport","country":"SS","continent":"AF","rank":191,"status":"partial","dailyProxy":80,"capturedFlights":4,"estDaily":80}},{"type":"Feature","geometry":{"type":"Point","coordinates":[36.928233,-1.318886]},"properties":{"icao":"HKJK","iata":"NBO","name":"Jomo Kenyatta International Airport","country":"KE","continent":"AF","rank":263,"status":"partial","dailyProxy":75,"capturedFlights":70,"estDaily":75}},{"type":"Feature","geometry":{"type":"Point","coordinates":[39.5942,-4.03483]},"properties":{"icao":"HKMO","iata":"MBA","name":"Moi International Airport","country":"KE","continent":"AF","rank":null,"status":"partial","dailyProxy":3,"capturedFlights":8,"estDaily":null}},{"type":"Feature","geometry":{"type":"Point","coordinates":[20.269501,32.096802]},"properties":{"icao":"HLLB","iata":"BEN","name":"Benina International Airport","country":"LY","continent":"AF","rank":null,"status":"partial","dailyProxy":7,"capturedFlights":7,"estDaily":null}},{"type":"Feature","geometry":{"type":"Point","coordinates":[13.287878,32.89177]},"properties":{"icao":"HLLM","iata":"MJI","name":"Mitiga International Airport","country":"LY","continent":"AF","rank":null,"status":"partial","dailyProxy":9,"capturedFlights":17,"estDaily":null}},{"type":"Feature","geometry":{"type":"Point","coordinates":[15.061,32.325001]},"properties":{"icao":"HLMS","iata":"MRA","name":"Misrata International Airport","country":"LY","continent":"AF","rank":null,"status":"partial","dailyProxy":2,"capturedFlights":2,"estDaily":null}},{"type":"Feature","geometry":{"type":"Point","coordinates":[30.1395,-1.96863]},"properties":{"icao":"HRYR","iata":"KGL","name":"Kigali International Airport","country":"RW","continent":"AF","rank":null,"status":"partial","dailyProxy":4,"capturedFlights":11,"estDaily":null}},{"type":"Feature","geometry":{"type":"Point","coordinates":[37.234125,19.434558]},"properties":{"icao":"HSPN","iata":"PZU","name":"Port Sudan New International Airport","country":"SD","continent":"AF","rank":null,"status":"partial","dailyProxy":10,"capturedFlights":10,"estDaily":null}},{"type":"Feature","geometry":{"type":"Point","coordinates":[39.207288,-6.873499]},"properties":{"icao":"HTDA","iata":"DAR","name":"Julius Nyerere International Airport","country":"TZ","continent":"AF","rank":756,"status":"partial","dailyProxy":21,"capturedFlights":18,"estDaily":21}},{"type":"Feature","geometry":{"type":"Point","coordinates":[37.07353,-3.427049]},"properties":{"icao":"HTKJ","iata":"JRO","name":"Kilimanjaro International Airport","country":"TZ","continent":"AF","rank":null,"status":"partial","dailyProxy":6,"capturedFlights":6,"estDaily":null}},{"type":"Feature","geometry":{"type":"Point","coordinates":[39.224899,-6.22202]},"properties":{"icao":"HTZA","iata":"ZNZ","name":"Abeid Amani Karume International Airport","country":"TZ","continent":"AF","rank":693,"status":"partial","dailyProxy":23,"capturedFlights":19,"estDaily":23}},{"type":"Feature","geometry":{"type":"Point","coordinates":[32.443501,0.042386]},"properties":{"icao":"HUEN","iata":"EBB","name":"Entebbe International Airport","country":"UG","continent":"AF","rank":575,"status":"partial","dailyProxy":32,"capturedFlights":24,"estDaily":32}},{"type":"Feature","geometry":{"type":"Point","coordinates":[-113.817072,35.985787]},"properties":{"icao":"K1G4","iata":"GCW","name":"Grand Canyon West Airport","country":"US","continent":"NA","rank":null,"status":"partial","dailyProxy":5,"capturedFlights":5,"estDaily":null}},{"type":"Feature","geometry":{"type":"Point","coordinates":[-97.22109985,37.74760056]},"properties":{"icao":"KAAO","iata":"","name":"Colonel James Jabara Airport","country":"US","continent":"NA","rank":null,"status":"partial","dailyProxy":1,"capturedFlights":1,"estDaily":null}},{"type":"Feature","geometry":{"type":"Point","coordinates":[-75.442797,40.651773]},"properties":{"icao":"KABE","iata":"ABE","name":"Lehigh Valley International Airport","country":"US","continent":"NA","rank":null,"status":"partial","dailyProxy":13,"capturedFlights":13,"estDaily":null}},{"type":"Feature","geometry":{"type":"Point","coordinates":[-99.68190002440001,32.4113006592]},"properties":{"icao":"KABI","iata":"ABI","name":"Abilene Regional Airport","country":"US","continent":"NA","rank":null,"status":"partial","dailyProxy":4,"capturedFlights":4,"estDaily":null}},{"type":"Feature","geometry":{"type":"Point","coordinates":[-106.608925,35.039976]},"properties":{"icao":"KABQ","iata":"ABQ","name":"Albuquerque International Sunport","country":"US","continent":"NA","rank":484,"status":"partial","dailyProxy":39,"capturedFlights":103,"estDaily":39}},{"type":"Feature","geometry":{"type":"Point","coordinates":[-84.196215,31.532946]},"properties":{"icao":"KABY","iata":"ABY","name":"Southwest Georgia Regional Airport","country":"US","continent":"NA","rank":null,"status":"partial","dailyProxy":6,"capturedFlights":6,"estDaily":null}},{"type":"Feature","geometry":{"type":"Point","coordinates":[-70.06020355,41.25310135]},"properties":{"icao":"KACK","iata":"ACK","name":"Nantucket Memorial Airport","country":"US","continent":"NA","rank":null,"status":"partial","dailyProxy":6,"capturedFlights":6,"estDaily":null}},{"type":"Feature","geometry":{"type":"Point","coordinates":[-97.23049926757812,31.611299514770508]},"properties":{"icao":"KACT","iata":"ACT","name":"Waco Regional Airport","country":"US","continent":"NA","rank":null,"status":"partial","dailyProxy":2,"capturedFlights":2,"estDaily":null}},{"type":"Feature","geometry":{"type":"Point","coordinates":[-124.109,40.978101]},"properties":{"icao":"KACV","iata":"ACV","name":"California Redwood Coast-Humboldt County Airport","country":"US","continent":"NA","rank":null,"status":"partial","dailyProxy":10,"capturedFlights":10,"estDaily":null}},{"type":"Feature","geometry":{"type":"Point","coordinates":[-74.577511,39.456201]},"properties":{"icao":"KACY","iata":"ACY","name":"Atlantic City International Airport","country":"US","continent":"NA","rank":null,"status":"partial","dailyProxy":6,"capturedFlights":6,"estDaily":null}},{"type":"Feature","geometry":{"type":"Point","coordinates":[-96.8364028931,32.9686012268]},"properties":{"icao":"KADS","iata":"ADS","name":"Addison Airport","country":"US","continent":"NA","rank":null,"status":"partial","dailyProxy":1,"capturedFlights":1,"estDaily":null}},{"type":"Feature","geometry":{"type":"Point","coordinates":[-76.866997,38.810799]},"properties":{"icao":"KADW","iata":"ADW","name":"Joint Base Andrews","country":"US","continent":"NA","rank":null,"status":"complete","dailyProxy":77,"capturedFlights":77,"estDaily":null}},{"type":"Feature","geometry":{"type":"Point","coordinates":[-92.546702,31.325828]},"properties":{"icao":"KAEX","iata":"AEX","name":"Alexandria International Airport","country":"US","continent":"NA","rank":null,"status":"partial","dailyProxy":9,"capturedFlights":9,"estDaily":null}},{"type":"Feature","geometry":{"type":"Point","coordinates":[-97.31947,32.99044]},"properties":{"icao":"KAFW","iata":"AFW","name":"Perot Field/Fort Worth Alliance Airport","country":"US","continent":"NA","rank":null,"status":"partial","dailyProxy":16,"capturedFlights":16,"estDaily":null}},{"type":"Feature","geometry":{"type":"Point","coordinates":[-79.930199,40.354401]},"properties":{"icao":"KAGC","iata":"AGC","name":"Allegheny County Airport","country":"US","continent":"NA","rank":null,"status":"partial","dailyProxy":1,"capturedFlights":1,"estDaily":null}},{"type":"Feature","geometry":{"type":"Point","coordinates":[-81.9645,33.3699]},"properties":{"icao":"KAGS","iata":"AGS","name":"Augusta Regional At Bush Field","country":"US","continent":"NA","rank":770,"status":"partial","dailyProxy":21,"capturedFlights":25,"estDaily":21}},{"type":"Feature","geometry":{"type":"Point","coordinates":[-83.325634,33.948842]},"properties":{"icao":"KAHN","iata":"AHN","name":"Athens Ben Epps Airport","country":"US","continent":"NA","rank":null,"status":"partial","dailyProxy":1,"capturedFlights":1,"estDaily":null}},{"type":"Feature","geometry":{"type":"Point","coordinates":[-102.803965,42.052543]},"properties":{"icao":"KAIA","iata":"AIA","name":"Alliance Municipal Airport","country":"US","continent":"NA","rank":null,"status":"partial","dailyProxy":1,"capturedFlights":1,"estDaily":null}},{"type":"Feature","geometry":{"type":"Point","coordinates":[-73.801697,42.748299]},"properties":{"icao":"KALB","iata":"ALB","name":"Albany International Airport","country":"US","continent":"NA","rank":672,"status":"partial","dailyProxy":24,"capturedFlights":48,"estDaily":24}},{"type":"Feature","geometry":{"type":"Point","coordinates":[-92.40029907226562,42.557098388671875]},"properties":{"icao":"KALO","iata":"ALO","name":"Waterloo Regional Airport","country":"US","continent":"NA","rank":null,"status":"partial","dailyProxy":1,"capturedFlights":1,"estDaily":null}},{"type":"Feature","geometry":{"type":"Point","coordinates":[-105.866997,37.434898]},"properties":{"icao":"KALS","iata":"ALS","name":"San Luis Valley Regional Airport/Bergman Field","country":"US","continent":"NA","rank":null,"status":"partial","dailyProxy":1,"capturedFlights":1,"estDaily":null}},{"type":"Feature","geometry":{"type":"Point","coordinates":[-118.288002,46.09489822]},"properties":{"icao":"KALW","iata":"ALW","name":"Walla Walla Regional Airport","country":"US","continent":"NA","rank":null,"status":"partial","dailyProxy":4,"capturedFlights":4,"estDaily":null}},{"type":"Feature","geometry":{"type":"Point","coordinates":[-101.706444,35.217857]},"properties":{"icao":"KAMA","iata":"AMA","name":"Rick Husband Amarillo International Airport","country":"US","continent":"NA","rank":null,"status":"partial","dailyProxy":11,"capturedFlights":11,"estDaily":null}},{"type":"Feature","geometry":{"type":"Point","coordinates":[-106.049004,38.5383]},"properties":{"icao":"KANK","iata":"SLT","name":"Salida Airport - Harriet Alexander Field","country":"US","continent":"NA","rank":null,"status":"partial","dailyProxy":1,"capturedFlights":1,"estDaily":null}},{"type":"Feature","geometry":{"type":"Point","coordinates":[-76.568398,38.942902]},"properties":{"icao":"KANP","iata":"ANP","name":"Lee Airport","country":"US","continent":"NA","rank":null,"status":"partial","dailyProxy":1,"capturedFlights":1,"estDaily":null}},{"type":"Feature","geometry":{"type":"Point","coordinates":[-78.32,40.296398]},"properties":{"icao":"KAOO","iata":"AOO","name":"Altoona Blair County Airport","country":"US","continent":"NA","rank":null,"status":"partial","dailyProxy":1,"capturedFlights":1,"estDaily":null}},{"type":"Feature","geometry":{"type":"Point","coordinates":[-104.848999,39.57009888]},"properties":{"icao":"KAPA","iata":"APA","name":"Centennial Airport","country":"US","continent":"NA","rank":null,"status":"partial","dailyProxy":6,"capturedFlights":6,"estDaily":null}},{"type":"Feature","geometry":{"type":"Point","coordinates":[-122.280998,38.2132]},"properties":{"icao":"KAPC","iata":"APC","name":"Napa County Airport","country":"US","continent":"NA","rank":null,"status":"partial","dailyProxy":2,"capturedFlights":2,"estDaily":null}},{"type":"Feature","geometry":{"type":"Point","coordinates":[-81.7752990723,26.1525993347]},"properties":{"icao":"KAPF","iata":"APF","name":"Naples Municipal Airport","country":"US","continent":"NA","rank":null,"status":"partial","dailyProxy":13,"capturedFlights":13,"estDaily":null}},{"type":"Feature","geometry":{"type":"Point","coordinates":[-83.56030273,45.0780983]},"properties":{"icao":"KAPN","iata":"APN","name":"Alpena County Regional Airport","country":"US","continent":"NA","rank":null,"status":"partial","dailyProxy":1,"capturedFlights":1,"estDaily":null}},{"type":"Feature","geometry":{"type":"Point","coordinates":[-80.634399,32.412201]},"properties":{"icao":"KARW","iata":"BFT","name":"Beaufort Executive Airport","country":"US","continent":"NA","rank":null,"status":"partial","dailyProxy":1,"capturedFlights":1,"estDaily":null}},{"type":"Feature","geometry":{"type":"Point","coordinates":[-106.869003,39.223202]},"properties":{"icao":"KASE","iata":"ASE","name":"Aspen-Pitkin County Airport (Sardy Field)","country":"US","continent":"NA","rank":null,"status":"partial","dailyProxy":14,"capturedFlights":27,"estDaily":null}},{"type":"Feature","geometry":{"type":"Point","coordinates":[-84.428101,33.6367]},"properties":{"icao":"KATL","iata":"ATL","name":"Hartsfield-Jackson Atlanta Intl","country":"US","continent":"NA","rank":null,"status":"complete","dailyProxy":373,"capturedFlights":1865,"estDaily":null}},{"type":"Feature","geometry":{"type":"Point","coordinates":[-88.519,44.258515]},"properties":{"icao":"KATW","iata":"ATW","name":"Appleton International Airport","country":"US","continent":"NA","rank":null,"status":"partial","dailyProxy":18,"capturedFlights":18,"estDaily":null}},{"type":"Feature","geometry":{"type":"Point","coordinates":[-97.15470123,44.91400146]},"properties":{"icao":"KATY","iata":"ATY","name":"Watertown Regional Airport","country":"US","continent":"NA","rank":null,"status":"partial","dailyProxy":1,"capturedFlights":1,"estDaily":null}},{"type":"Feature","geometry":{"type":"Point","coordinates":[-69.7973022461,44.320598602299995]},"properties":{"icao":"KAUG","iata":"AUG","name":"Augusta State Airport","country":"US","continent":"NA","rank":null,"status":"partial","dailyProxy":3,"capturedFlights":3,"estDaily":null}},{"type":"Feature","geometry":{"type":"Point","coordinates":[-121.0820007,38.95479965]},"properties":{"icao":"KAUN","iata":"AUN","name":"Auburn Municipal Airport","country":"US","continent":"NA","rank":null,"status":"partial","dailyProxy":1,"capturedFlights":1,"estDaily":null}},{"type":"Feature","geometry":{"type":"Point","coordinates":[-97.662015,30.197535]},"properties":{"icao":"KAUS","iata":"AUS","name":"Austin Bergstrom International Airport","country":"US","continent":"NA","rank":68,"status":"partial","dailyProxy":129,"capturedFlights":299,"estDaily":129}},{"type":"Feature","geometry":{"type":"Point","coordinates":[-82.541853,35.435488]},"properties":{"icao":"KAVL","iata":"AVL","name":"Asheville Regional Airport","country":"US","continent":"NA","rank":650,"status":"partial","dailyProxy":27,"capturedFlights":43,"estDaily":27}},{"type":"Feature","geometry":{"type":"Point","coordinates":[-75.724232,41.337064]},"properties":{"icao":"KAVP","iata":"AVP","name":"Wilkes-Barre/Scranton International Airport","country":"US","continent":"NA","rank":null,"status":"partial","dailyProxy":5,"capturedFlights":9,"estDaily":null}},{"type":"Feature","geometry":{"type":"Point","coordinates":[-111.216199,32.409065]},"properties":{"icao":"KAVQ","iata":"AVW","name":"Marana Regional Airport","country":"US","continent":"NA","rank":null,"status":"partial","dailyProxy":1,"capturedFlights":1,"estDaily":null}},{"type":"Feature","geometry":{"type":"Point","coordinates":[-118.416,33.4049]},"properties":{"icao":"KAVX","iata":"AVX","name":"Catalina Airport","country":"US","continent":"NA","rank":null,"status":"partial","dailyProxy":1,"capturedFlights":1,"estDaily":null}},{"type":"Feature","geometry":{"type":"Point","coordinates":[-95.476898,29.5061]},"properties":{"icao":"KAXH","iata":"","name":"Houston Southwest Airport","country":"US","continent":"NA","rank":null,"status":"partial","dailyProxy":1,"capturedFlights":1,"estDaily":null}},{"type":"Feature","geometry":{"type":"Point","coordinates":[-85.549637,42.232105]},"properties":{"icao":"KAZO","iata":"AZO","name":"Kalamazoo/Battle Creek International Airport","country":"US","continent":"NA","rank":null,"status":"partial","dailyProxy":2,"capturedFlights":4,"estDaily":null}},{"type":"Feature","geometry":{"type":"Point","coordinates":[-80.107697,26.3785]},"properties":{"icao":"KBCT","iata":"BCT","name":"Boca Raton Airport","country":"US","continent":"NA","rank":null,"status":"partial","dailyProxy":4,"capturedFlights":4,"estDaily":null}},{"type":"Feature","geometry":{"type":"Point","coordinates":[-72.688016,41.938555]},"properties":{"icao":"KBDL","iata":"BDL","name":"Bradley International Airport","country":"US","continent":"NA","rank":527,"status":"partial","dailyProxy":35,"capturedFlights":80,"estDaily":35}},{"type":"Feature","geometry":{"type":"Point","coordinates":[-121.2009964,44.09479904]},"properties":{"icao":"KBDN","iata":"","name":"Bend Municipal Airport","country":"US","continent":"NA","rank":null,"status":"partial","dailyProxy":2,"capturedFlights":2,"estDaily":null}},{"type":"Feature","geometry":{"type":"Point","coordinates":[-105.226025,40.039101]},"properties":{"icao":"KBDU","iata":"WBU","name":"Boulder Municipal Airport","country":"US","continent":"NA","rank":null,"status":"partial","dailyProxy":1,"capturedFlights":1,"estDaily":null}},{"type":"Feature","geometry":{"type":"Point","coordinates":[-71.289001,42.470001]},"properties":{"icao":"KBED","iata":"BED","name":"Laurence G Hanscom Field","country":"US","continent":"NA","rank":null,"status":"partial","dailyProxy":7,"capturedFlights":7,"estDaily":null}},{"type":"Feature","geometry":{"type":"Point","coordinates":[-103.5960007,41.87400055]},"properties":{"icao":"KBFF","iata":"BFF","name":"Western Neb. Rgnl/William B. Heilig Airport","country":"US","continent":"NA","rank":null,"status":"partial","dailyProxy":2,"capturedFlights":2,"estDaily":null}},{"type":"Feature","geometry":{"type":"Point","coordinates":[-122.29995,47.527042]},"properties":{"icao":"KBFI","iata":"BFI","name":"King County International Airport - Boeing Field","country":"US","continent":"NA","rank":null,"status":"partial","dailyProxy":17,"capturedFlights":17,"estDaily":null}},{"type":"Feature","geometry":{"type":"Point","coordinates":[-119.056999,35.433601]},"properties":{"icao":"KBFL","iata":"BFL","name":"Meadows Field","country":"US","continent":"NA","rank":null,"status":"partial","dailyProxy":6,"capturedFlights":12,"estDaily":null}},{"type":"Feature","geometry":{"type":"Point","coordinates":[-68.826668,44.806364]},"properties":{"icao":"KBGR","iata":"BGR","name":"Bangor International Airport","country":"US","continent":"NA","rank":null,"status":"partial","dailyProxy":14,"capturedFlights":14,"estDaily":null}},{"type":"Feature","geometry":{"type":"Point","coordinates":[-68.3615036,44.45000076]},"properties":{"icao":"KBHB","iata":"BHB","name":"Hancock County-Bar Harbor Airport","country":"US","continent":"NA","rank":null,"status":"partial","dailyProxy":1,"capturedFlights":2,"estDaily":null}},{"type":"Feature","geometry":{"type":"Point","coordinates":[-86.750712,33.562877]},"properties":{"icao":"KBHM","iata":"BHM","name":"Birmingham-Shuttlesworth International Airport","country":"US","continent":"NA","rank":473,"status":"partial","dailyProxy":41,"capturedFlights":84,"estDaily":41}},{"type":"Feature","geometry":{"type":"Point","coordinates":[-118.363998,37.3731]},"properties":{"icao":"KBIH","iata":"BIH","name":"Eastern Sierra Regional Airport","country":"US","continent":"NA","rank":null,"status":"partial","dailyProxy":4,"capturedFlights":4,"estDaily":null}},{"type":"Feature","geometry":{"type":"Point","coordinates":[-108.541242,45.808932]},"properties":{"icao":"KBIL","iata":"BIL","name":"Billings Logan International Airport","country":"US","continent":"NA","rank":null,"status":"partial","dailyProxy":16,"capturedFlights":16,"estDaily":null}},{"type":"Feature","geometry":{"type":"Point","coordinates":[-100.746874,46.772734]},"properties":{"icao":"KBIS","iata":"BIS","name":"Bismarck Municipal Airport","country":"US","continent":"NA","rank":null,"status":"partial","dailyProxy":5,"capturedFlights":5,"estDaily":null}},{"type":"Feature","geometry":{"type":"Point","coordinates":[-105.116997,39.908798]},"properties":{"icao":"KBJC","iata":"BJC","name":"Rocky Mountain Metropolitan Airport","country":"US","continent":"NA","rank":null,"status":"partial","dailyProxy":4,"capturedFlights":4,"estDaily":null}},{"type":"Feature","geometry":{"type":"Point","coordinates":[-81.68329620361328,41.51750183105469]},"properties":{"icao":"KBKL","iata":"BKL","name":"Burke Lakefront Airport","country":"US","continent":"NA","rank":null,"status":"partial","dailyProxy":1,"capturedFlights":1,"estDaily":null}},{"type":"Feature","geometry":{"type":"Point","coordinates":[-82.457114,28.469461]},"properties":{"icao":"KBKV","iata":"","name":"Brooksville–Tampa Bay Regional Airport","country":"US","continent":"NA","rank":null,"status":"partial","dailyProxy":1,"capturedFlights":1,"estDaily":null}},{"type":"Feature","geometry":{"type":"Point","coordinates":[-81.124199,37.7873]},"properties":{"icao":"KBKW","iata":"BKW","name":"Raleigh County Memorial Airport","country":"US","continent":"NA","rank":null,"status":"partial","dailyProxy":1,"capturedFlights":1,"estDaily":null}},{"type":"Feature","geometry":{"type":"Point","coordinates":[-114.717002869,33.6192016602]},"properties":{"icao":"KBLH","iata":"BLH","name":"Blythe Airport","country":"US","continent":"NA","rank":null,"status":"partial","dailyProxy":1,"capturedFlights":1,"estDaily":null}},{"type":"Feature","geometry":{"type":"Point","coordinates":[-122.53800201416016,48.79280090332031]},"properties":{"icao":"KBLI","iata":"BLI","name":"Bellingham International Airport","country":"US","continent":"NA","rank":null,"status":"partial","dailyProxy":9,"capturedFlights":9,"estDaily":null}},{"type":"Feature","geometry":{"type":"Point","coordinates":[-74.12490082,40.18690109]},"properties":{"icao":"KBLM","iata":"BLM","name":"Monmouth Executive Airport","country":"US","continent":"NA","rank":null,"status":"partial","dailyProxy":1,"capturedFlights":1,"estDaily":null}},{"type":"Feature","geometry":{"type":"Point","coordinates":[-89.835197,38.5452]},"properties":{"icao":"KBLV","iata":"BLV","name":"Scott AFB/Midamerica Airport","country":"US","continent":"NA","rank":null,"status":"partial","dailyProxy":2,"capturedFlights":2,"estDaily":null}},{"type":"Feature","geometry":{"type":"Point","coordinates":[-88.915901,40.4771]},"properties":{"icao":"KBMI","iata":"BMI","name":"Central Illinois Regional Airport at Bloomington-Normal","country":"US","continent":"NA","rank":null,"status":"partial","dailyProxy":4,"capturedFlights":7,"estDaily":null}},{"type":"Feature","geometry":{"type":"Point","coordinates":[-86.6782,36.1245]},"properties":{"icao":"KBNA","iata":"BNA","name":"Nashville International Airport","country":"US","continent":"NA","rank":41,"status":"partial","dailyProxy":173,"capturedFlights":304,"estDaily":173}},{"type":"Feature","geometry":{"type":"Point","coordinates":[-116.223,43.5644]},"properties":{"icao":"KBOI","iata":"BOI","name":"Boise Air Terminal/Gowen Field","country":"US","continent":"NA","rank":355,"status":"partial","dailyProxy":57,"capturedFlights":121,"estDaily":57}},{"type":"Feature","geometry":{"type":"Point","coordinates":[-71.0079,42.36197]},"properties":{"icao":"KBOS","iata":"BOS","name":"Boston Logan International Airport","country":"US","continent":"NA","rank":7,"status":"partial","dailyProxy":395,"capturedFlights":946,"estDaily":395}},{"type":"Feature","geometry":{"type":"Point","coordinates":[-94.020699,29.9508]},"properties":{"icao":"KBPT","iata":"BPT","name":"Jack Brooks Regional Airport","country":"US","continent":"NA","rank":null,"status":"partial","dailyProxy":1,"capturedFlights":1,"estDaily":null}},{"type":"Feature","geometry":{"type":"Point","coordinates":[-81.466499,31.258801]},"properties":{"icao":"KBQK","iata":"BQK","name":"Brunswick Golden Isles Airport","country":"US","continent":"NA","rank":null,"status":"partial","dailyProxy":3,"capturedFlights":6,"estDaily":null}},{"type":"Feature","geometry":{"type":"Point","coordinates":[-91.12550354003906,40.783199310302734]},"properties":{"icao":"KBRL","iata":"BRL","name":"Southeast Iowa Regional Airport","country":"US","continent":"NA","rank":null,"status":"partial","dailyProxy":1,"capturedFlights":1,"estDaily":null}},{"type":"Feature","geometry":{"type":"Point","coordinates":[-97.425235,25.907238]},"properties":{"icao":"KBRO","iata":"BRO","name":"Brownsville South Padre Island International Airport","country":"US","continent":"NA","rank":null,"status":"partial","dailyProxy":6,"capturedFlights":6,"estDaily":null}},{"type":"Feature","geometry":{"type":"Point","coordinates":[-112.49700164794922,45.95479965209961]},"properties":{"icao":"KBTM","iata":"BTM","name":"Bert Mooney Airport","country":"US","continent":"NA","rank":null,"status":"partial","dailyProxy":2,"capturedFlights":2,"estDaily":null}},{"type":"Feature","geometry":{"type":"Point","coordinates":[-91.149597,30.533199]},"properties":{"icao":"KBTR","iata":"BTR","name":"Baton Rouge Metropolitan Airport","country":"US","continent":"NA","rank":null,"status":"partial","dailyProxy":22,"capturedFlights":22,"estDaily":null}},{"type":"Feature","geometry":{"type":"Point","coordinates":[-73.153297,44.471901]},"properties":{"icao":"KBTV","iata":"BTV","name":"Patrick Leahy Burlington International Airport","country":"US","continent":"NA","rank":526,"status":"partial","dailyProxy":36,"capturedFlights":40,"estDaily":36}},{"type":"Feature","geometry":{"type":"Point","coordinates":[-78.732201,42.940498]},"properties":{"icao":"KBUF","iata":"BUF","name":"Buffalo Niagara International Airport","country":"US","continent":"NA","rank":360,"status":"partial","dailyProxy":56,"capturedFlights":81,"estDaily":56}},{"type":"Feature","geometry":{"type":"Point","coordinates":[-118.35805,34.202834]},"properties":{"icao":"KBUR","iata":"BUR","name":"Hollywood Burbank (Bob Hope)","country":"US","continent":"NA","rank":null,"status":"complete","dailyProxy":120,"capturedFlights":240,"estDaily":null}},{"type":"Feature","geometry":{"type":"Point","coordinates":[-96.0112,36.762501]},"properties":{"icao":"KBVO","iata":"BVO","name":"Bartlesville Municipal Airport","country":"US","continent":"NA","rank":null,"status":"partial","dailyProxy":1,"capturedFlights":1,"estDaily":null}},{"type":"Feature","geometry":{"type":"Point","coordinates":[-122.420998,48.470901]},"properties":{"icao":"KBVS","iata":"MVW","name":"Skagit Regional Airport","country":"US","continent":"NA","rank":null,"status":"partial","dailyProxy":1,"capturedFlights":1,"estDaily":null}},{"type":"Feature","geometry":{"type":"Point","coordinates":[-76.668297,39.1754]},"properties":{"icao":"KBWI","iata":"BWI","name":"Baltimore/Washington International Thurgood Marshall Airport","country":"US","continent":"NA","rank":323,"status":"partial","dailyProxy":62,"capturedFlights":200,"estDaily":62}},{"type":"Feature","geometry":{"type":"Point","coordinates":[-111.153711,45.778853]},"properties":{"icao":"KBZN","iata":"BZN","name":"Bozeman Yellowstone International Airport","country":"US","continent":"NA","rank":623,"status":"partial","dailyProxy":30,"capturedFlights":68,"estDaily":30}},{"type":"Feature","geometry":{"type":"Point","coordinates":[-81.123022,33.938172]},"properties":{"icao":"KCAE","iata":"CAE","name":"Columbia Metropolitan Airport","country":"US","continent":"NA","rank":434,"status":"partial","dailyProxy":44,"capturedFlights":52,"estDaily":44}},{"type":"Feature","geometry":{"type":"Point","coordinates":[-81.44219970703125,40.916099548339844]},"properties":{"icao":"KCAK","iata":"CAK","name":"Akron Canton Regional Airport","country":"US","continent":"NA","rank":null,"status":"partial","dailyProxy":8,"capturedFlights":8,"estDaily":null}},{"type":"Feature","geometry":{"type":"Point","coordinates":[-113.0989990234375,37.70100021362305]},"properties":{"icao":"KCDC","iata":"CDC","name":"Cedar City Regional Airport","country":"US","continent":"NA","rank":null,"status":"partial","dailyProxy":1,"capturedFlights":1,"estDaily":null}},{"type":"Feature","geometry":{"type":"Point","coordinates":[-103.095001,42.837601]},"properties":{"icao":"KCDR","iata":"CDR","name":"Chadron Municipal Airport","country":"US","continent":"NA","rank":null,"status":"partial","dailyProxy":2,"capturedFlights":2,"estDaily":null}},{"type":"Feature","geometry":{"type":"Point","coordinates":[-108.627998,37.303001]},"properties":{"icao":"KCEZ","iata":"CEZ","name":"Cortez Municipal Airport","country":"US","continent":"NA","rank":null,"status":"partial","dailyProxy":2,"capturedFlights":2,"estDaily":null}},{"type":"Feature","geometry":{"type":"Point","coordinates":[-104.537639,39.784194]},"properties":{"icao":"KCFO","iata":"","name":"Colorado Air and Space Port","country":"US","continent":"NA","rank":null,"status":"partial","dailyProxy":1,"capturedFlights":1,"estDaily":null}},{"type":"Feature","geometry":{"type":"Point","coordinates":[-76.9223022461,38.9805984497]},"properties":{"icao":"KCGS","iata":"CGS","name":"College Park Airport","country":"US","continent":"NA","rank":null,"status":"partial","dailyProxy":1,"capturedFlights":1,"estDaily":null}},{"type":"Feature","geometry":{"type":"Point","coordinates":[-111.766998,32.954899]},"properties":{"icao":"KCGZ","iata":"CGZ","name":"Casa Grande Municipal Airport","country":"US","continent":"NA","rank":null,"status":"partial","dailyProxy":1,"capturedFlights":1,"estDaily":null}},{"type":"Feature","geometry":{"type":"Point","coordinates":[-85.203796,35.035301]},"properties":{"icao":"KCHA","iata":"CHA","name":"Chattanooga Metropolitan Airport (Lovell Field)","country":"US","continent":"NA","rank":663,"status":"partial","dailyProxy":26,"capturedFlights":43,"estDaily":26}},{"type":"Feature","geometry":{"type":"Point","coordinates":[-78.4529037475586,38.13859939575195]},"properties":{"icao":"KCHO","iata":"CHO","name":"Charlottesville Albemarle Airport","country":"US","continent":"NA","rank":null,"status":"partial","dailyProxy":11,"capturedFlights":22,"estDaily":null}},{"type":"Feature","geometry":{"type":"Point","coordinates":[-80.038151,32.896159]},"properties":{"icao":"KCHS","iata":"CHS","name":"Charleston International Airport","country":"US","continent":"NA","rank":130,"status":"partial","dailyProxy":84,"capturedFlights":121,"estDaily":84}},{"type":"Feature","geometry":{"type":"Point","coordinates":[-91.7108,41.884701]},"properties":{"icao":"KCID","iata":"CID","name":"The Eastern Iowa Airport","country":"US","continent":"NA","rank":null,"status":"partial","dailyProxy":10,"capturedFlights":20,"estDaily":null}},{"type":"Feature","geometry":{"type":"Point","coordinates":[-84.462082,46.242038]},"properties":{"icao":"KCIU","iata":"CIU","name":"Chippewa County International Airport","country":"US","continent":"NA","rank":null,"status":"partial","dailyProxy":1,"capturedFlights":1,"estDaily":null}},{"type":"Feature","geometry":{"type":"Point","coordinates":[-81.8498,41.411701]},"properties":{"icao":"KCLE","iata":"CLE","name":"Cleveland Hopkins International Airport","country":"US","continent":"NA","rank":104,"status":"partial","dailyProxy":93,"capturedFlights":172,"estDaily":93}},{"type":"Feature","geometry":{"type":"Point","coordinates":[-96.3638,30.5886]},"properties":{"icao":"KCLL","iata":"CLL","name":"Easterwood Field","country":"US","continent":"NA","rank":null,"status":"partial","dailyProxy":3,"capturedFlights":3,"estDaily":null}},{"type":"Feature","geometry":{"type":"Point","coordinates":[-123.5,48.120201]},"properties":{"icao":"KCLM","iata":"CLM","name":"William R Fairchild International Airport","country":"US","continent":"NA","rank":null,"status":"partial","dailyProxy":1,"capturedFlights":1,"estDaily":null}},{"type":"Feature","geometry":{"type":"Point","coordinates":[-80.94309997558594,35.2140007019043]},"properties":{"icao":"KCLT","iata":"CLT","name":"Charlotte Douglas International Airport","country":"US","continent":"NA","rank":39,"status":"partial","dailyProxy":176,"capturedFlights":1084,"estDaily":176}},{"type":"Feature","geometry":{"type":"Point","coordinates":[-82.891899,39.998001]},"properties":{"icao":"KCMH","iata":"CMH","name":"John Glenn Columbus International Airport","country":"US","continent":"NA","rank":96,"status":"partial","dailyProxy":99,"capturedFlights":195,"estDaily":99}},{"type":"Feature","geometry":{"type":"Point","coordinates":[-88.276249,40.039819]},"properties":{"icao":"KCMI","iata":"CMI","name":"University of Illinois Willard Airport","country":"US","continent":"NA","rank":null,"status":"partial","dailyProxy":5,"capturedFlights":5,"estDaily":null}},{"type":"Feature","geometry":{"type":"Point","coordinates":[-88.48909759521484,47.168399810791016]},"properties":{"icao":"KCMX","iata":"CMX","name":"Houghton County Memorial Airport","country":"US","continent":"NA","rank":null,"status":"partial","dailyProxy":2,"capturedFlights":2,"estDaily":null}},{"type":"Feature","geometry":{"type":"Point","coordinates":[-104.26300048828125,32.337501525878906]},"properties":{"icao":"KCNM","iata":"CNM","name":"Cavern City Air Terminal","country":"US","continent":"NA","rank":null,"status":"partial","dailyProxy":2,"capturedFlights":2,"estDaily":null}},{"type":"Feature","geometry":{"type":"Point","coordinates":[-117.637001,33.97470093]},"properties":{"icao":"KCNO","iata":"CNO","name":"Chino Airport","country":"US","continent":"NA","rank":null,"status":"partial","dailyProxy":4,"capturedFlights":4,"estDaily":null}},{"type":"Feature","geometry":{"type":"Point","coordinates":[-97.073335,31.641129]},"properties":{"icao":"KCNW","iata":"CNW","name":"TSTC Waco Airport","country":"US","continent":"NA","rank":null,"status":"partial","dailyProxy":1,"capturedFlights":1,"estDaily":null}},{"type":"Feature","geometry":{"type":"Point","coordinates":[-109.754997,38.755001]},"properties":{"icao":"KCNY","iata":"CNY","name":"Canyonlands Regional Airport","country":"US","continent":"NA","rank":null,"status":"partial","dailyProxy":5,"capturedFlights":5,"estDaily":null}},{"type":"Feature","geometry":{"type":"Point","coordinates":[-109.024002,44.520199]},"properties":{"icao":"KCOD","iata":"COD","name":"Yellowstone Regional Airport","country":"US","continent":"NA","rank":null,"status":"partial","dailyProxy":2,"capturedFlights":2,"estDaily":null}},{"type":"Feature","geometry":{"type":"Point","coordinates":[-80.6101,28.2349]},"properties":{"icao":"KCOF","iata":"COF","name":"Patrick Space Force Base","country":"US","continent":"NA","rank":null,"status":"partial","dailyProxy":1,"capturedFlights":1,"estDaily":null}},{"type":"Feature","geometry":{"type":"Point","coordinates":[-104.700996,38.805801]},"properties":{"icao":"KCOS","iata":"COS","name":"City of Colorado Springs Municipal Airport","country":"US","continent":"NA","rank":317,"status":"partial","dailyProxy":63,"capturedFlights":55,"estDaily":63}},{"type":"Feature","geometry":{"type":"Point","coordinates":[-92.219597,38.8181]},"properties":{"icao":"KCOU","iata":"COU","name":"Columbia Regional Airport","country":"US","continent":"NA","rank":null,"status":"partial","dailyProxy":8,"capturedFlights":8,"estDaily":null}},{"type":"Feature","geometry":{"type":"Point","coordinates":[-106.461609,42.907381]},"properties":{"icao":"KCPR","iata":"CPR","name":"Casper-Natrona County International Airport","country":"US","continent":"NA","rank":null,"status":"partial","dailyProxy":8,"capturedFlights":8,"estDaily":null}},{"type":"Feature","geometry":{"type":"Point","coordinates":[-81.51439666750001,30.3362998962]},"properties":{"icao":"KCRG","iata":"CRG","name":"Jacksonville Executive at Craig Airport","country":"US","continent":"NA","rank":null,"status":"partial","dailyProxy":2,"capturedFlights":2,"estDaily":null}},{"type":"Feature","geometry":{"type":"Point","coordinates":[-97.501198,27.770399]},"properties":{"icao":"KCRP","iata":"CRP","name":"Corpus Christi International Airport","country":"US","continent":"NA","rank":null,"status":"partial","dailyProxy":12,"capturedFlights":12,"estDaily":null}},{"type":"Feature","geometry":{"type":"Point","coordinates":[-117.279999,33.1283]},"properties":{"icao":"KCRQ","iata":"CLD","name":"McClellan-Palomar Airport","country":"US","continent":"NA","rank":null,"status":"partial","dailyProxy":11,"capturedFlights":11,"estDaily":null}},{"type":"Feature","geometry":{"type":"Point","coordinates":[-81.593201,38.3731]},"properties":{"icao":"KCRW","iata":"CRW","name":"Yeager Airport","country":"US","continent":"NA","rank":null,"status":"partial","dailyProxy":13,"capturedFlights":13,"estDaily":null}},{"type":"Feature","geometry":{"type":"Point","coordinates":[-84.939602,32.516415]},"properties":{"icao":"KCSG","iata":"CSG","name":"Columbus Airport","country":"US","continent":"NA","rank":null,"status":"partial","dailyProxy":6,"capturedFlights":6,"estDaily":null}},{"type":"Feature","geometry":{"type":"Point","coordinates":[-78.3646011353,34.9756011963]},"properties":{"icao":"KCTZ","iata":"CTZ","name":"Sampson County Airport","country":"US","continent":"NA","rank":null,"status":"partial","dailyProxy":1,"capturedFlights":1,"estDaily":null}},{"type":"Feature","geometry":{"type":"Point","coordinates":[-84.667801,39.048801]},"properties":{"icao":"KCVG","iata":"CVG","name":"Cincinnati Northern Kentucky International Airport","country":"US","continent":"NA","rank":63,"status":"partial","dailyProxy":132,"capturedFlights":223,"estDaily":132}},{"type":"Feature","geometry":{"type":"Point","coordinates":[-121.410003662,36.8932991028]},"properties":{"icao":"KCVH","iata":"HLI","name":"Hollister Municipal Airport","country":"US","continent":"NA","rank":null,"status":"partial","dailyProxy":1,"capturedFlights":1,"estDaily":null}},{"type":"Feature","geometry":{"type":"Point","coordinates":[-103.078794,34.426594]},"properties":{"icao":"KCVN","iata":"CVN","name":"Clovis Municipal Airport","country":"US","continent":"NA","rank":null,"status":"partial","dailyProxy":1,"capturedFlights":1,"estDaily":null}},{"type":"Feature","geometry":{"type":"Point","coordinates":[-89.670238,44.777448]},"properties":{"icao":"KCWA","iata":"CWA","name":"Central Wisconsin Airport","country":"US","continent":"NA","rank":null,"status":"partial","dailyProxy":2,"capturedFlights":2,"estDaily":null}},{"type":"Feature","geometry":{"type":"Point","coordinates":[-95.414497,30.351801]},"properties":{"icao":"KCXO","iata":"CXO","name":"Conroe-North Houston Regional Airport","country":"US","continent":"NA","rank":null,"status":"partial","dailyProxy":1,"capturedFlights":1,"estDaily":null}},{"type":"Feature","geometry":{"type":"Point","coordinates":[-104.811997,41.155701]},"properties":{"icao":"KCYS","iata":"CYS","name":"Cheyenne Regional Jerry Olson Field","country":"US","continent":"NA","rank":null,"status":"partial","dailyProxy":2,"capturedFlights":2,"estDaily":null}},{"type":"Feature","geometry":{"type":"Point","coordinates":[-77.1809997559,38.715000152600005]},"properties":{"icao":"KDAA","iata":"DAA","name":"Davison Army Air Field","country":"US","continent":"NA","rank":null,"status":"partial","dailyProxy":5,"capturedFlights":5,"estDaily":null}},{"type":"Feature","geometry":{"type":"Point","coordinates":[-81.059464,29.18255]},"properties":{"icao":"KDAB","iata":"DAB","name":"Daytona Beach International Airport","country":"US","continent":"NA","rank":null,"status":"partial","dailyProxy":8,"capturedFlights":15,"estDaily":null}},{"type":"Feature","geometry":{"type":"Point","coordinates":[-96.847653,32.844776]},"properties":{"icao":"KDAL","iata":"DAL","name":"Dallas Love Field","country":"US","continent":"NA","rank":270,"status":"partial","dailyProxy":74,"capturedFlights":136,"estDaily":74}},{"type":"Feature","geometry":{"type":"Point","coordinates":[-84.219398,39.902401]},"properties":{"icao":"KDAY","iata":"DAY","name":"James M. Cox Dayton International Airport","country":"US","continent":"NA","rank":null,"status":"partial","dailyProxy":14,"capturedFlights":27,"estDaily":null}},{"type":"Feature","geometry":{"type":"Point","coordinates":[-82.985298,32.5644]},"properties":{"icao":"KDBN","iata":"DBN","name":"W H 'Bud' Barron Airport","country":"US","continent":"NA","rank":null,"status":"partial","dailyProxy":1,"capturedFlights":1,"estDaily":null}},{"type":"Feature","geometry":{"type":"Point","coordinates":[-77.037697,38.8521]},"properties":{"icao":"KDCA","iata":"DCA","name":"Ronald Reagan Washington National","country":"US","continent":"NA","rank":null,"status":"complete","dailyProxy":442,"capturedFlights":884,"estDaily":null}},{"type":"Feature","geometry":{"type":"Point","coordinates":[-99.9655990600586,37.76340103149414]},"properties":{"icao":"KDDC","iata":"DDC","name":"Dodge City Regional Airport","country":"US","continent":"NA","rank":null,"status":"partial","dailyProxy":1,"capturedFlights":1,"estDaily":null}},{"type":"Feature","geometry":{"type":"Point","coordinates":[-88.8656997680664,39.834598541259766]},"properties":{"icao":"KDEC","iata":"DEC","name":"Decatur Airport","country":"US","continent":"NA","rank":null,"status":"partial","dailyProxy":2,"capturedFlights":2,"estDaily":null}},{"type":"Feature","geometry":{"type":"Point","coordinates":[-104.673792,39.860027]},"properties":{"icao":"KDEN","iata":"DEN","name":"Denver International Airport","country":"US","continent":"NA","rank":12,"status":"partial","dailyProxy":336,"capturedFlights":1504,"estDaily":336}},{"type":"Feature","geometry":{"type":"Point","coordinates":[-97.038002,32.896801]},"properties":{"icao":"KDFW","iata":"DFW","name":"Dallas Fort Worth International Airport","country":"US","continent":"NA","rank":10,"status":"partial","dailyProxy":371,"capturedFlights":1517,"estDaily":371}},{"type":"Feature","geometry":{"type":"Point","coordinates":[-85.44960021972656,31.321300506591797]},"properties":{"icao":"KDHN","iata":"DHN","name":"Dothan Regional Airport","country":"US","continent":"NA","rank":null,"status":"partial","dailyProxy":5,"capturedFlights":5,"estDaily":null}},{"type":"Feature","geometry":{"type":"Point","coordinates":[-102.801905,46.797533]},"properties":{"icao":"KDIK","iata":"DIK","name":"Dickinson Theodore Roosevelt Regional Airport","country":"US","continent":"NA","rank":null,"status":"partial","dailyProxy":1,"capturedFlights":1,"estDaily":null}},{"type":"Feature","geometry":{"type":"Point","coordinates":[-92.198746,46.841873]},"properties":{"icao":"KDLH","iata":"DLH","name":"Duluth International Airport","country":"US","continent":"NA","rank":null,"status":"partial","dailyProxy":2,"capturedFlights":2,"estDaily":null}},{"type":"Feature","geometry":{"type":"Point","coordinates":[-75.466003,39.129501]},"properties":{"icao":"KDOV","iata":"DOV","name":"Dover Civil Air Terminal/Dover Air Force Base","country":"US","continent":"NA","rank":null,"status":"partial","dailyProxy":1,"capturedFlights":1,"estDaily":null}},{"type":"Feature","geometry":{"type":"Point","coordinates":[-107.753998,37.151501]},"properties":{"icao":"KDRO","iata":"DRO","name":"Durango La Plata County Airport","country":"US","continent":"NA","rank":null,"status":"partial","dailyProxy":11,"capturedFlights":11,"estDaily":null}},{"type":"Feature","geometry":{"type":"Point","coordinates":[-93.656719,41.534027]},"properties":{"icao":"KDSM","iata":"DSM","name":"Des Moines International Airport","country":"US","continent":"NA","rank":673,"status":"partial","dailyProxy":24,"capturedFlights":68,"estDaily":24}},{"type":"Feature","geometry":{"type":"Point","coordinates":[-86.471497,30.400101]},"properties":{"icao":"KDTS","iata":"DSI","name":"Destin Executive Airport","country":"US","continent":"NA","rank":null,"status":"partial","dailyProxy":1,"capturedFlights":1,"estDaily":null}},{"type":"Feature","geometry":{"type":"Point","coordinates":[-83.353786,42.21377]},"properties":{"icao":"KDTW","iata":"DTW","name":"Detroit Metropolitan Wayne County Airport","country":"US","continent":"NA","rank":36,"status":"partial","dailyProxy":179,"capturedFlights":731,"estDaily":179}},{"type":"Feature","geometry":{"type":"Point","coordinates":[-98.908796,48.115454]},"properties":{"icao":"KDVL","iata":"DVL","name":"Devils Lake Regional Airport","country":"US","continent":"NA","rank":null,"status":"partial","dailyProxy":2,"capturedFlights":2,"estDaily":null}},{"type":"Feature","geometry":{"type":"Point","coordinates":[-122.55599975586,38.143600463867]},"properties":{"icao":"KDVO","iata":"NOT","name":"Marin County Airport - Gnoss Field","country":"US","continent":"NA","rank":null,"status":"partial","dailyProxy":3,"capturedFlights":3,"estDaily":null}},{"type":"Feature","geometry":{"type":"Point","coordinates":[-112.083000183,33.6883010864]},"properties":{"icao":"KDVT","iata":"DVT","name":"Phoenix Deer Valley Airport","country":"US","continent":"NA","rank":null,"status":"partial","dailyProxy":6,"capturedFlights":6,"estDaily":null}},{"type":"Feature","geometry":{"type":"Point","coordinates":[-95.55280303960001,30.0618000031]},"properties":{"icao":"KDWH","iata":"DWH","name":"David Wayne Hooks Memorial Airport","country":"US","continent":"NA","rank":null,"status":"partial","dailyProxy":1,"capturedFlights":1,"estDaily":null}},{"type":"Feature","geometry":{"type":"Point","coordinates":[-99.006798,40.727001]},"properties":{"icao":"KEAR","iata":"EAR","name":"Kearney Regional Airport","country":"US","continent":"NA","rank":null,"status":"partial","dailyProxy":1,"capturedFlights":1,"estDaily":null}},{"type":"Feature","geometry":{"type":"Point","coordinates":[-120.207001,47.398899]},"properties":{"icao":"KEAT","iata":"EAT","name":"Pangborn Memorial Airport","country":"US","continent":"NA","rank":null,"status":"partial","dailyProxy":4,"capturedFlights":4,"estDaily":null}},{"type":"Feature","geometry":{"type":"Point","coordinates":[-91.48429870605469,44.86579895019531]},"properties":{"icao":"KEAU","iata":"EAU","name":"Chippewa Valley Regional Airport","country":"US","continent":"NA","rank":null,"status":"partial","dailyProxy":1,"capturedFlights":1,"estDaily":null}},{"type":"Feature","geometry":{"type":"Point","coordinates":[-85.795414,30.357106]},"properties":{"icao":"KECP","iata":"ECP","name":"Northwest Florida Beaches International Airport","country":"US","continent":"NA","rank":664,"status":"partial","dailyProxy":26,"capturedFlights":40,"estDaily":26}},{"type":"Feature","geometry":{"type":"Point","coordinates":[-106.9179993,39.64260101]},"properties":{"icao":"KEGE","iata":"EGE","name":"Eagle County Regional Airport","country":"US","continent":"NA","rank":null,"status":"partial","dailyProxy":14,"capturedFlights":28,"estDaily":null}},{"type":"Feature","geometry":{"type":"Point","coordinates":[-115.79199981689453,40.82490158081055]},"properties":{"icao":"KEKO","iata":"EKO","name":"Elko Regional Airport","country":"US","continent":"NA","rank":null,"status":"partial","dailyProxy":3,"capturedFlights":3,"estDaily":null}},{"type":"Feature","geometry":{"type":"Point","coordinates":[-76.8916015625,42.1599006652832]},"properties":{"icao":"KELM","iata":"ELM","name":"Elmira Corning Regional Airport","country":"US","continent":"NA","rank":null,"status":"partial","dailyProxy":2,"capturedFlights":2,"estDaily":null}},{"type":"Feature","geometry":{"type":"Point","coordinates":[-106.375607,31.809908]},"properties":{"icao":"KELP","iata":"ELP","name":"El Paso International Airport","country":"US","continent":"NA","rank":null,"status":"partial","dailyProxy":20,"capturedFlights":40,"estDaily":null}},{"type":"Feature","geometry":{"type":"Point","coordinates":[-114.8420029,39.29970169]},"properties":{"icao":"KELY","iata":"ELY","name":"Ely Airport Yelland Field","country":"US","continent":"NA","rank":null,"status":"partial","dailyProxy":1,"capturedFlights":1,"estDaily":null}},{"type":"Feature","geometry":{"type":"Point","coordinates":[-80.173867,42.083127]},"properties":{"icao":"KERI","iata":"ERI","name":"Erie International Tom Ridge Field","country":"US","continent":"NA","rank":null,"status":"partial","dailyProxy":3,"capturedFlights":3,"estDaily":null}},{"type":"Feature","geometry":{"type":"Point","coordinates":[-87.088623,45.723199]},"properties":{"icao":"KESC","iata":"ESC","name":"Delta County Airport","country":"US","continent":"NA","rank":null,"status":"partial","dailyProxy":1,"capturedFlights":1,"estDaily":null}},{"type":"Feature","geometry":{"type":"Point","coordinates":[-123.211998,44.124599]},"properties":{"icao":"KEUG","iata":"EUG","name":"Eugene Airport","country":"US","continent":"NA","rank":null,"status":"partial","dailyProxy":32,"capturedFlights":32,"estDaily":null}},{"type":"Feature","geometry":{"type":"Point","coordinates":[-80.948898,29.0557]},"properties":{"icao":"KEVB","iata":"","name":"New Smyrna Beach Municipal Airport","country":"US","continent":"NA","rank":null,"status":"partial","dailyProxy":1,"capturedFlights":1,"estDaily":null}},{"type":"Feature","geometry":{"type":"Point","coordinates":[-87.5324020386,38.0369987488]},"properties":{"icao":"KEVV","iata":"EVV","name":"Evansville Regional Airport","country":"US","continent":"NA","rank":null,"status":"partial","dailyProxy":10,"capturedFlights":10,"estDaily":null}},{"type":"Feature","geometry":{"type":"Point","coordinates":[-77.04290008539999,35.0730018616]},"properties":{"icao":"KEWN","iata":"EWN","name":"Coastal Carolina Regional Airport","country":"US","continent":"NA","rank":null,"status":"partial","dailyProxy":4,"capturedFlights":4,"estDaily":null}},{"type":"Feature","geometry":{"type":"Point","coordinates":[-74.170545,40.6894]},"properties":{"icao":"KEWR","iata":"EWR","name":"Newark Liberty International","country":"US","continent":"NA","rank":null,"status":"complete","dailyProxy":169,"capturedFlights":1016,"estDaily":null}},{"type":"Feature","geometry":{"type":"Point","coordinates":[-81.759579,24.556119]},"properties":{"icao":"KEYW","iata":"EYW","name":"Key West International Airport","country":"US","continent":"NA","rank":665,"status":"partial","dailyProxy":26,"capturedFlights":47,"estDaily":26}},{"type":"Feature","geometry":{"type":"Point","coordinates":[-117.127998,33.5742]},"properties":{"icao":"KF70","iata":"RBK","name":"French Valley Airport","country":"US","continent":"NA","rank":null,"status":"partial","dailyProxy":1,"capturedFlights":1,"estDaily":null}},{"type":"Feature","geometry":{"type":"Point","coordinates":[-96.815804,46.9207]},"properties":{"icao":"KFAR","iata":"FAR","name":"Hector International Airport","country":"US","continent":"NA","rank":null,"status":"partial","dailyProxy":8,"capturedFlights":15,"estDaily":null}},{"type":"Feature","geometry":{"type":"Point","coordinates":[-119.718018,36.775767]},"properties":{"icao":"KFAT","iata":"FAT","name":"Fresno Yosemite International Airport","country":"US","continent":"NA","rank":757,"status":"partial","dailyProxy":21,"capturedFlights":63,"estDaily":21}},{"type":"Feature","geometry":{"type":"Point","coordinates":[-78.880302,34.991199]},"properties":{"icao":"KFAY","iata":"FAY","name":"Fayetteville Regional Airport - Grannis Field","country":"US","continent":"NA","rank":null,"status":"partial","dailyProxy":9,"capturedFlights":9,"estDaily":null}},{"type":"Feature","geometry":{"type":"Point","coordinates":[-77.525002,37.406502]},"properties":{"icao":"KFCI","iata":"","name":"Richmond Executive-Chesterfield County Airport","country":"US","continent":"NA","rank":null,"status":"partial","dailyProxy":1,"capturedFlights":1,"estDaily":null}},{"type":"Feature","geometry":{"type":"Point","coordinates":[-93.45709991460001,44.8272018433]},"properties":{"icao":"KFCM","iata":"FCM","name":"Flying Cloud Airport","country":"US","continent":"NA","rank":null,"status":"partial","dailyProxy":1,"capturedFlights":1,"estDaily":null}},{"type":"Feature","geometry":{"type":"Point","coordinates":[-77.3742980957,39.417598724399994]},"properties":{"icao":"KFDK","iata":"FDK","name":"Frederick Municipal Airport","country":"US","continent":"NA","rank":null,"status":"partial","dailyProxy":5,"capturedFlights":5,"estDaily":null}},{"type":"Feature","geometry":{"type":"Point","coordinates":[-111.727997,33.4608]},"properties":{"icao":"KFFZ","iata":"MSC","name":"Falcon Field","country":"US","continent":"NA","rank":null,"status":"partial","dailyProxy":1,"capturedFlights":1,"estDaily":null}},{"type":"Feature","geometry":{"type":"Point","coordinates":[-110.348225,31.587383]},"properties":{"icao":"KFHU","iata":"FHU","name":"Sierra Vista Municipal Airport / Libby Army Air Field","country":"US","continent":"NA","rank":null,"status":"partial","dailyProxy":1,"capturedFlights":1,"estDaily":null}},{"type":"Feature","geometry":{"type":"Point","coordinates":[-111.669826,35.139757]},"properties":{"icao":"KFLG","iata":"FLG","name":"Flagstaff Pulliam Airport","country":"US","continent":"NA","rank":null,"status":"partial","dailyProxy":5,"capturedFlights":5,"estDaily":null}},{"type":"Feature","geometry":{"type":"Point","coordinates":[-80.152702,26.072599]},"properties":{"icao":"KFLL","iata":"FLL","name":"Fort Lauderdale Hollywood International Airport","country":"US","continent":"NA","rank":25,"status":"partial","dailyProxy":234,"capturedFlights":701,"estDaily":234}},{"type":"Feature","geometry":{"type":"Point","coordinates":[-79.7238998413086,34.18539810180664]},"properties":{"icao":"KFLO","iata":"FLO","name":"Florence Regional Airport","country":"US","continent":"NA","rank":null,"status":"partial","dailyProxy":2,"capturedFlights":2,"estDaily":null}},{"type":"Feature","geometry":{"type":"Point","coordinates":[-118.749000549,39.4990997314]},"properties":{"icao":"KFLX","iata":"FLX","name":"Fallon Municipal Airport","country":"US","continent":"NA","rank":null,"status":"partial","dailyProxy":1,"capturedFlights":1,"estDaily":null}},{"type":"Feature","geometry":{"type":"Point","coordinates":[-108.230003,36.741199]},"properties":{"icao":"KFMN","iata":"FMN","name":"Four Corners Regional Airport","country":"US","continent":"NA","rank":null,"status":"partial","dailyProxy":1,"capturedFlights":1,"estDaily":null}},{"type":"Feature","geometry":{"type":"Point","coordinates":[-81.86329650879999,26.58659935]},"properties":{"icao":"KFMY","iata":"FMY","name":"Page Field","country":"US","continent":"NA","rank":null,"status":"partial","dailyProxy":1,"capturedFlights":1,"estDaily":null}},{"type":"Feature","geometry":{"type":"Point","coordinates":[-105.011272,40.44969]},"properties":{"icao":"KFNL","iata":"FNL","name":"Northern Colorado Regional Airport","country":"US","continent":"NA","rank":null,"status":"partial","dailyProxy":1,"capturedFlights":1,"estDaily":null}},{"type":"Feature","geometry":{"type":"Point","coordinates":[-83.743355,42.969294]},"properties":{"icao":"KFNT","iata":"FNT","name":"Bishop International Airport","country":"US","continent":"NA","rank":null,"status":"partial","dailyProxy":4,"capturedFlights":4,"estDaily":null}},{"type":"Feature","geometry":{"type":"Point","coordinates":[-94.191237,42.552624]},"properties":{"icao":"KFOD","iata":"FOD","name":"Fort Dodge Regional Airport","country":"US","continent":"NA","rank":null,"status":"partial","dailyProxy":1,"capturedFlights":1,"estDaily":null}},{"type":"Feature","geometry":{"type":"Point","coordinates":[-73.414267,40.728576]},"properties":{"icao":"KFRG","iata":"FRG","name":"Republic Airport","country":"US","continent":"NA","rank":null,"status":"partial","dailyProxy":1,"capturedFlights":1,"estDaily":null}},{"type":"Feature","geometry":{"type":"Point","coordinates":[-78.253502,38.9175]},"properties":{"icao":"KFRR","iata":"FRR","name":"Front Royal Warren County Airport","country":"US","continent":"NA","rank":null,"status":"partial","dailyProxy":1,"capturedFlights":1,"estDaily":null}},{"type":"Feature","geometry":{"type":"Point","coordinates":[-96.741152,43.585463]},"properties":{"icao":"KFSD","iata":"FSD","name":"Sioux Falls Regional Airport","country":"US","continent":"NA","rank":null,"status":"partial","dailyProxy":9,"capturedFlights":18,"estDaily":null}},{"type":"Feature","geometry":{"type":"Point","coordinates":[-94.367401,35.336601]},"properties":{"icao":"KFSM","iata":"FSM","name":"Fort Smith Regional Airport","country":"US","continent":"NA","rank":null,"status":"partial","dailyProxy":2,"capturedFlights":2,"estDaily":null}},{"type":"Feature","geometry":{"type":"Point","coordinates":[-91.327763,40.659113]},"properties":{"icao":"KFSW","iata":"FMS","name":"Fort Madison Municipal Airport","country":"US","continent":"NA","rank":null,"status":"partial","dailyProxy":1,"capturedFlights":1,"estDaily":null}},{"type":"Feature","geometry":{"type":"Point","coordinates":[-97.360818,32.819919]},"properties":{"icao":"KFTW","iata":"FTW","name":"Fort Worth Meacham International Airport","country":"US","continent":"NA","rank":null,"status":"partial","dailyProxy":2,"capturedFlights":2,"estDaily":null}},{"type":"Feature","geometry":{"type":"Point","coordinates":[-84.5214004517,33.7790985107]},"properties":{"icao":"KFTY","iata":"FTY","name":"Fulton County Airport Brown Field","country":"US","continent":"NA","rank":null,"status":"partial","dailyProxy":1,"capturedFlights":1,"estDaily":null}},{"type":"Feature","geometry":{"type":"Point","coordinates":[-117.980003357,33.8720016479]},"properties":{"icao":"KFUL","iata":"FUL","name":"Fullerton Municipal Airport","country":"US","continent":"NA","rank":null,"status":"partial","dailyProxy":2,"capturedFlights":2,"estDaily":null}},{"type":"Feature","geometry":{"type":"Point","coordinates":[-85.194465,40.978896]},"properties":{"icao":"KFWA","iata":"FWA","name":"Fort Wayne International Airport","country":"US","continent":"NA","rank":null,"status":"partial","dailyProxy":19,"capturedFlights":19,"estDaily":null}},{"type":"Feature","geometry":{"type":"Point","coordinates":[-80.1707000732,26.1972999573]},"properties":{"icao":"KFXE","iata":"FXE","name":"Fort Lauderdale Executive Airport","country":"US","continent":"NA","rank":null,"status":"partial","dailyProxy":8,"capturedFlights":8,"estDaily":null}},{"type":"Feature","geometry":{"type":"Point","coordinates":[-105.539001,44.3489]},"properties":{"icao":"KGCC","iata":"GCC","name":"Northeast Wyoming Regional Airport","country":"US","continent":"NA","rank":null,"status":"partial","dailyProxy":2,"capturedFlights":2,"estDaily":null}},{"type":"Feature","geometry":{"type":"Point","coordinates":[-100.723999023,37.9275016785]},"properties":{"icao":"KGCK","iata":"GCK","name":"Garden City Regional Airport","country":"US","continent":"NA","rank":null,"status":"partial","dailyProxy":2,"capturedFlights":2,"estDaily":null}},{"type":"Feature","geometry":{"type":"Point","coordinates":[-117.533997,47.6199]},"properties":{"icao":"KGEG","iata":"GEG","name":"Spokane International Airport","country":"US","continent":"NA","rank":637,"status":"partial","dailyProxy":27,"capturedFlights":85,"estDaily":27}},{"type":"Feature","geometry":{"type":"Point","coordinates":[-94.71150207519531,32.38399887084961]},"properties":{"icao":"KGGG","iata":"GGG","name":"East Texas Regional Airport","country":"US","continent":"NA","rank":null,"status":"partial","dailyProxy":3,"capturedFlights":3,"estDaily":null}},{"type":"Feature","geometry":{"type":"Point","coordinates":[-108.529387,39.126663]},"properties":{"icao":"KGJT","iata":"GJT","name":"Grand Junction Regional Airport","country":"US","continent":"NA","rank":null,"status":"partial","dailyProxy":15,"capturedFlights":15,"estDaily":null}},{"type":"Feature","geometry":{"type":"Point","coordinates":[-90.985603,33.482899]},"properties":{"icao":"KGLH","iata":"GLH","name":"Mid Delta Regional Airport","country":"US","continent":"NA","rank":null,"status":"partial","dailyProxy":1,"capturedFlights":1,"estDaily":null}},{"type":"Feature","geometry":{"type":"Point","coordinates":[-82.350217,34.847903]},"properties":{"icao":"KGMU","iata":"GMU","name":"Greenville Downtown Airport","country":"US","continent":"NA","rank":null,"status":"partial","dailyProxy":3,"capturedFlights":3,"estDaily":null}},{"type":"Feature","geometry":{"type":"Point","coordinates":[-114.7649994,42.91719818]},"properties":{"icao":"KGNG","iata":"GNG","name":"Gooding Municipal Airport","country":"US","continent":"NA","rank":null,"status":"partial","dailyProxy":1,"capturedFlights":1,"estDaily":null}},{"type":"Feature","geometry":{"type":"Point","coordinates":[-82.2717971802,29.6900997162]},"properties":{"icao":"KGNV","iata":"GNV","name":"Gainesville Regional Airport","country":"US","continent":"NA","rank":null,"status":"partial","dailyProxy":13,"capturedFlights":13,"estDaily":null}},{"type":"Feature","geometry":{"type":"Point","coordinates":[-114.255997,48.310501]},"properties":{"icao":"KGPI","iata":"FCA","name":"Glacier Park International Airport","country":"US","continent":"NA","rank":null,"status":"partial","dailyProxy":12,"capturedFlights":12,"estDaily":null}},{"type":"Feature","geometry":{"type":"Point","coordinates":[-89.069836,30.405582]},"properties":{"icao":"KGPT","iata":"GPT","name":"Gulfport Biloxi International Airport","country":"US","continent":"NA","rank":null,"status":"partial","dailyProxy":10,"capturedFlights":10,"estDaily":null}},{"type":"Feature","geometry":{"type":"Point","coordinates":[-88.130805,44.483459]},"properties":{"icao":"KGRB","iata":"GRB","name":"Austin Straubel International Airport","country":"US","continent":"NA","rank":null,"status":"partial","dailyProxy":15,"capturedFlights":15,"estDaily":null}},{"type":"Feature","geometry":{"type":"Point","coordinates":[-98.30960083007812,40.967498779296875]},"properties":{"icao":"KGRI","iata":"GRI","name":"Central Nebraska Regional Airport","country":"US","continent":"NA","rank":null,"status":"partial","dailyProxy":1,"capturedFlights":1,"estDaily":null}},{"type":"Feature","geometry":{"type":"Point","coordinates":[-97.828903,31.0672]},"properties":{"icao":"KGRK","iata":"GRK","name":"Killeen Regional Airport / Robert Gray Army Airfield","country":"US","continent":"NA","rank":null,"status":"partial","dailyProxy":4,"capturedFlights":4,"estDaily":null}},{"type":"Feature","geometry":{"type":"Point","coordinates":[-85.522797,42.880798]},"properties":{"icao":"KGRR","iata":"GRR","name":"Gerald R. Ford International Airport","country":"US","continent":"NA","rank":631,"status":"partial","dailyProxy":29,"capturedFlights":83,"estDaily":29}},{"type":"Feature","geometry":{"type":"Point","coordinates":[-79.937262,36.09937]},"properties":{"icao":"KGSO","iata":"GSO","name":"Piedmont Triad International Airport","country":"US","continent":"NA","rank":356,"status":"partial","dailyProxy":57,"capturedFlights":71,"estDaily":57}},{"type":"Feature","geometry":{"type":"Point","coordinates":[-82.218903,34.895699]},"properties":{"icao":"KGSP","iata":"GSP","name":"Greenville-Spartanburg International Airport","country":"US","continent":"NA","rank":412,"status":"partial","dailyProxy":47,"capturedFlights":71,"estDaily":47}},{"type":"Feature","geometry":{"type":"Point","coordinates":[-111.371002,47.481998]},"properties":{"icao":"KGTF","iata":"GTF","name":"Great Falls International Airport","country":"US","continent":"NA","rank":null,"status":"partial","dailyProxy":5,"capturedFlights":5,"estDaily":null}},{"type":"Feature","geometry":{"type":"Point","coordinates":[-88.5914,33.450298]},"properties":{"icao":"KGTR","iata":"GTR","name":"Golden Triangle Regional Airport","country":"US","continent":"NA","rank":null,"status":"partial","dailyProxy":4,"capturedFlights":4,"estDaily":null}},{"type":"Feature","geometry":{"type":"Point","coordinates":[-106.934566,38.534672]},"properties":{"icao":"KGUC","iata":"GUC","name":"Gunnison Crested Butte Regional Airport","country":"US","continent":"NA","rank":null,"status":"partial","dailyProxy":7,"capturedFlights":7,"estDaily":null}},{"type":"Feature","geometry":{"type":"Point","coordinates":[-108.788166,35.511653]},"properties":{"icao":"KGUP","iata":"GUP","name":"Gallup Municipal Airport","country":"US","continent":"NA","rank":null,"status":"partial","dailyProxy":1,"capturedFlights":1,"estDaily":null}},{"type":"Feature","geometry":{"type":"Point","coordinates":[-83.8302002,34.27259827]},"properties":{"icao":"KGVL","iata":"GVL","name":"Lee Gilmer Memorial Airport","country":"US","continent":"NA","rank":null,"status":"partial","dailyProxy":1,"capturedFlights":1,"estDaily":null}},{"type":"Feature","geometry":{"type":"Point","coordinates":[-96.0652999878,33.0677986145]},"properties":{"icao":"KGVT","iata":"GVT","name":"Majors Airport","country":"US","continent":"NA","rank":null,"status":"partial","dailyProxy":1,"capturedFlights":1,"estDaily":null}},{"type":"Feature","geometry":{"type":"Point","coordinates":[-104.633003235,40.4374008179]},"properties":{"icao":"KGXY","iata":"GXY","name":"Greeley–Weld County Airport","country":"US","continent":"NA","rank":null,"status":"partial","dailyProxy":2,"capturedFlights":2,"estDaily":null}},{"type":"Feature","geometry":{"type":"Point","coordinates":[-112.375999451,33.4225006104]},"properties":{"icao":"KGYR","iata":"GYR","name":"Phoenix Goodyear Airport","country":"US","continent":"NA","rank":null,"status":"partial","dailyProxy":6,"capturedFlights":6,"estDaily":null}},{"type":"Feature","geometry":{"type":"Point","coordinates":[-87.413206,41.617087]},"properties":{"icao":"KGYY","iata":"GYY","name":"Gary/Chicago International Airport","country":"US","continent":"NA","rank":null,"status":"partial","dailyProxy":1,"capturedFlights":1,"estDaily":null}},{"type":"Feature","geometry":{"type":"Point","coordinates":[-107.218002,40.481201]},"properties":{"icao":"KHDN","iata":"HDN","name":"Yampa Valley Airport","country":"US","continent":"NA","rank":null,"status":"partial","dailyProxy":8,"capturedFlights":16,"estDaily":null}},{"type":"Feature","geometry":{"type":"Point","coordinates":[-77.515404,38.721401]},"properties":{"icao":"KHEF","iata":"MNZ","name":"Manassas Regional Airport/Harry P. Davis Field","country":"US","continent":"NA","rank":null,"status":"partial","dailyProxy":1,"capturedFlights":1,"estDaily":null}},{"type":"Feature","geometry":{"type":"Point","coordinates":[-118.334999,33.922798]},"properties":{"icao":"KHHR","iata":"HHR","name":"Jack Northrop Field Hawthorne Municipal Airport","country":"US","continent":"NA","rank":null,"status":"partial","dailyProxy":6,"capturedFlights":6,"estDaily":null}},{"type":"Feature","geometry":{"type":"Point","coordinates":[-114.357745,34.570506]},"properties":{"icao":"KHII","iata":"HII","name":"Lake Havasu City Airport","country":"US","continent":"NA","rank":null,"status":"partial","dailyProxy":1,"capturedFlights":2,"estDaily":null}},{"type":"Feature","geometry":{"type":"Point","coordinates":[-122.949997,45.540401]},"properties":{"icao":"KHIO","iata":"HIO","name":"Portland Hillsboro Airport","country":"US","continent":"NA","rank":null,"status":"partial","dailyProxy":1,"capturedFlights":1,"estDaily":null}},{"type":"Feature","geometry":{"type":"Point","coordinates":[-111.983002,46.6068]},"properties":{"icao":"KHLN","iata":"HLN","name":"Helena Regional Airport","country":"US","continent":"NA","rank":null,"status":"partial","dailyProxy":5,"capturedFlights":5,"estDaily":null}},{"type":"Feature","geometry":{"type":"Point","coordinates":[-115.134002686,35.9728012085]},"properties":{"icao":"KHND","iata":"HSH","name":"Henderson Executive Airport","country":"US","continent":"NA","rank":null,"status":"partial","dailyProxy":3,"capturedFlights":3,"estDaily":null}},{"type":"Feature","geometry":{"type":"Point","coordinates":[-103.217003,32.6875]},"properties":{"icao":"KHOB","iata":"HOB","name":"Lea County Regional Airport","country":"US","continent":"NA","rank":null,"status":"partial","dailyProxy":2,"capturedFlights":2,"estDaily":null}},{"type":"Feature","geometry":{"type":"Point","coordinates":[-93.096262,34.4788]},"properties":{"icao":"KHOT","iata":"HOT","name":"Memorial Field Airport","country":"US","continent":"NA","rank":null,"status":"partial","dailyProxy":2,"capturedFlights":2,"estDaily":null}},{"type":"Feature","geometry":{"type":"Point","coordinates":[-95.276812,29.645336]},"properties":{"icao":"KHOU","iata":"HOU","name":"William P. Hobby Airport","country":"US","continent":"NA","rank":338,"status":"partial","dailyProxy":60,"capturedFlights":106,"estDaily":60}},{"type":"Feature","geometry":{"type":"Point","coordinates":[-73.70760345458984,41.06700134277344]},"properties":{"icao":"KHPN","iata":"HPN","name":"Westchester County Airport","country":"US","continent":"NA","rank":666,"status":"partial","dailyProxy":26,"capturedFlights":56,"estDaily":26}},{"type":"Feature","geometry":{"type":"Point","coordinates":[-97.65440368652344,26.228500366210938]},"properties":{"icao":"KHRL","iata":"HRL","name":"Valley International Airport","country":"US","continent":"NA","rank":null,"status":"partial","dailyProxy":5,"capturedFlights":5,"estDaily":null}},{"type":"Feature","geometry":{"type":"Point","coordinates":[-93.15470123291016,36.26150131225586]},"properties":{"icao":"KHRO","iata":"HRO","name":"Boone County Airport","country":"US","continent":"NA","rank":null,"status":"partial","dailyProxy":2,"capturedFlights":2,"estDaily":null}},{"type":"Feature","geometry":{"type":"Point","coordinates":[-86.774378,34.636244]},"properties":{"icao":"KHSV","iata":"HSV","name":"Huntsville International Airport","country":"US","continent":"NA","rank":573,"status":"partial","dailyProxy":33,"capturedFlights":58,"estDaily":33}},{"type":"Feature","geometry":{"type":"Point","coordinates":[-82.557999,38.366699]},"properties":{"icao":"KHTS","iata":"HTS","name":"Tri-State Airport / Milton J. Ferguson Field","country":"US","continent":"NA","rank":null,"status":"partial","dailyProxy":3,"capturedFlights":3,"estDaily":null}},{"type":"Feature","geometry":{"type":"Point","coordinates":[-80.697502,32.2244]},"properties":{"icao":"KHXD","iata":"HHH","name":"Hilton Head Airport","country":"US","continent":"NA","rank":null,"status":"partial","dailyProxy":6,"capturedFlights":6,"estDaily":null}},{"type":"Feature","geometry":{"type":"Point","coordinates":[-70.280403,41.6693]},"properties":{"icao":"KHYA","iata":"HYA","name":"Cape Cod Gateway Airport","country":"US","continent":"NA","rank":null,"status":"partial","dailyProxy":3,"capturedFlights":3,"estDaily":null}},{"type":"Feature","geometry":{"type":"Point","coordinates":[-99.273148,38.844521]},"properties":{"icao":"KHYS","iata":"HYS","name":"Hays Regional Airport","country":"US","continent":"NA","rank":null,"status":"partial","dailyProxy":1,"capturedFlights":1,"estDaily":null}},{"type":"Feature","geometry":{"type":"Point","coordinates":[-97.268204,37.621899]},"properties":{"icao":"KIAB","iata":"IAB","name":"McConnell Air Force Base","country":"US","continent":"NA","rank":null,"status":"partial","dailyProxy":1,"capturedFlights":1,"estDaily":null}},{"type":"Feature","geometry":{"type":"Point","coordinates":[-77.455803,38.9445]},"properties":{"icao":"KIAD","iata":"IAD","name":"Washington Dulles International Airport","country":"US","continent":"NA","rank":45,"status":"partial","dailyProxy":164,"capturedFlights":244,"estDaily":164}},{"type":"Feature","geometry":{"type":"Point","coordinates":[-95.3414,29.9844]},"properties":{"icao":"KIAH","iata":"IAH","name":"George Bush Intercontinental Airport","country":"US","continent":"NA","rank":24,"status":"partial","dailyProxy":248,"capturedFlights":948,"estDaily":248}},{"type":"Feature","geometry":{"type":"Point","coordinates":[-97.428583,37.650314]},"properties":{"icao":"KICT","iata":"ICT","name":"Wichita Dwight D. Eisenhower National Airport","country":"US","continent":"NA","rank":null,"status":"partial","dailyProxy":18,"capturedFlights":35,"estDaily":null}},{"type":"Feature","geometry":{"type":"Point","coordinates":[-112.070999,43.514599]},"properties":{"icao":"KIDA","iata":"IDA","name":"Idaho Falls Regional Airport","country":"US","continent":"NA","rank":null,"status":"partial","dailyProxy":16,"capturedFlights":16,"estDaily":null}},{"type":"Feature","geometry":{"type":"Point","coordinates":[-114.559322,35.154726]},"properties":{"icao":"KIFP","iata":"IFP","name":"Laughlin Bullhead International Airport","country":"US","continent":"NA","rank":null,"status":"partial","dailyProxy":2,"capturedFlights":2,"estDaily":null}},{"type":"Feature","geometry":{"type":"Point","coordinates":[-113.938004,35.259499]},"properties":{"icao":"KIGM","iata":"IGM","name":"Kingman Airport","country":"US","continent":"NA","rank":null,"status":"partial","dailyProxy":1,"capturedFlights":1,"estDaily":null}},{"type":"Feature","geometry":{"type":"Point","coordinates":[-75.606499,39.678699]},"properties":{"icao":"KILG","iata":"ILG","name":"Wilmington Airport","country":"US","continent":"NA","rank":null,"status":"partial","dailyProxy":1,"capturedFlights":1,"estDaily":null}},{"type":"Feature","geometry":{"type":"Point","coordinates":[-77.905117,34.272345]},"properties":{"icao":"KILM","iata":"ILM","name":"Wilmington International Airport","country":"US","continent":"NA","rank":624,"status":"partial","dailyProxy":30,"capturedFlights":48,"estDaily":30}},{"type":"Feature","geometry":{"type":"Point","coordinates":[-83.792098999,39.427898407]},"properties":{"icao":"KILN","iata":"ILN","name":"Wilmington Airpark","country":"US","continent":"NA","rank":null,"status":"partial","dailyProxy":4,"capturedFlights":4,"estDaily":null}},{"type":"Feature","geometry":{"type":"Point","coordinates":[-86.294403,39.7173]},"properties":{"icao":"KIND","iata":"IND","name":"Indianapolis International Airport","country":"US","continent":"NA","rank":49,"status":"partial","dailyProxy":150,"capturedFlights":264,"estDaily":150}},{"type":"Feature","geometry":{"type":"Point","coordinates":[-93.4030990600586,48.566200256347656]},"properties":{"icao":"KINL","iata":"INL","name":"Falls International Airport","country":"US","continent":"NA","rank":null,"status":"partial","dailyProxy":1,"capturedFlights":1,"estDaily":null}},{"type":"Feature","geometry":{"type":"Point","coordinates":[-80.22200012207031,36.13370132446289]},"properties":{"icao":"KINT","iata":"INT","name":"Smith Reynolds Airport","country":"US","continent":"NA","rank":null,"status":"partial","dailyProxy":2,"capturedFlights":2,"estDaily":null}},{"type":"Feature","geometry":{"type":"Point","coordinates":[-91.5465011597,41.639198303200004]},"properties":{"icao":"KIOW","iata":"IOW","name":"Iowa City Municipal Airport","country":"US","continent":"NA","rank":null,"status":"partial","dailyProxy":1,"capturedFlights":1,"estDaily":null}},{"type":"Feature","geometry":{"type":"Point","coordinates":[-115.574026,32.83539]},"properties":{"icao":"KIPL","iata":"IPL","name":"Imperial County Airport","country":"US","continent":"NA","rank":null,"status":"partial","dailyProxy":5,"capturedFlights":5,"estDaily":null}},{"type":"Feature","geometry":{"type":"Point","coordinates":[-92.5448989868164,40.09349822998047]},"properties":{"icao":"KIRK","iata":"IRK","name":"Kirksville Regional Airport","country":"US","continent":"NA","rank":null,"status":"partial","dailyProxy":2,"capturedFlights":2,"estDaily":null}},{"type":"Feature","geometry":{"type":"Point","coordinates":[-81.4371032715,28.2898006439]},"properties":{"icao":"KISM","iata":"ISM","name":"Kissimmee Gateway Airport","country":"US","continent":"NA","rank":null,"status":"partial","dailyProxy":2,"capturedFlights":3,"estDaily":null}},{"type":"Feature","geometry":{"type":"Point","coordinates":[-73.101703,40.796324]},"properties":{"icao":"KISP","iata":"ISP","name":"Long Island MacArthur Airport","country":"US","continent":"NA","rank":null,"status":"partial","dailyProxy":2,"capturedFlights":4,"estDaily":null}},{"type":"Feature","geometry":{"type":"Point","coordinates":[-76.4583969116211,42.49100112915039]},"properties":{"icao":"KITH","iata":"ITH","name":"Ithaca Tompkins Regional Airport","country":"US","continent":"NA","rank":null,"status":"partial","dailyProxy":4,"capturedFlights":4,"estDaily":null}},{"type":"Feature","geometry":{"type":"Point","coordinates":[-111.654999,33.3078]},"properties":{"icao":"KIWA","iata":"AZA","name":"Mesa Gateway Airport","country":"US","continent":"NA","rank":null,"status":"partial","dailyProxy":4,"capturedFlights":4,"estDaily":null}},{"type":"Feature","geometry":{"type":"Point","coordinates":[-90.131578,46.525298]},"properties":{"icao":"KIWD","iata":"IWD","name":"Gogebic Iron County Airport","country":"US","continent":"NA","rank":null,"status":"partial","dailyProxy":1,"capturedFlights":1,"estDaily":null}},{"type":"Feature","geometry":{"type":"Point","coordinates":[-94.890297,38.830898]},"properties":{"icao":"KIXD","iata":"JCI","name":"New Century AirCenter Airport","country":"US","continent":"NA","rank":null,"status":"partial","dailyProxy":2,"capturedFlights":2,"estDaily":null}},{"type":"Feature","geometry":{"type":"Point","coordinates":[-117.8300018,35.65879822]},"properties":{"icao":"KIYK","iata":"IYK","name":"Inyokern Airport","country":"US","continent":"NA","rank":null,"status":"partial","dailyProxy":1,"capturedFlights":1,"estDaily":null}},{"type":"Feature","geometry":{"type":"Point","coordinates":[-110.737999,43.6073]},"properties":{"icao":"KJAC","iata":"JAC","name":"Jackson Hole Airport","country":"US","continent":"NA","rank":null,"status":"partial","dailyProxy":11,"capturedFlights":21,"estDaily":null}},{"type":"Feature","geometry":{"type":"Point","coordinates":[-90.075897,32.311199]},"properties":{"icao":"KJAN","iata":"JAN","name":"Jackson-Medgar Wiley Evers International Airport","country":"US","continent":"NA","rank":722,"status":"partial","dailyProxy":23,"capturedFlights":36,"estDaily":23}},{"type":"Feature","geometry":{"type":"Point","coordinates":[-81.687813,30.492469]},"properties":{"icao":"KJAX","iata":"JAX","name":"Jacksonville International Airport","country":"US","continent":"NA","rank":264,"status":"partial","dailyProxy":75,"capturedFlights":110,"estDaily":75}},{"type":"Feature","geometry":{"type":"Point","coordinates":[-73.779317,40.639447]},"properties":{"icao":"KJFK","iata":"JFK","name":"John F. Kennedy International","country":"US","continent":"NA","rank":null,"status":"complete","dailyProxy":27,"capturedFlights":1368,"estDaily":null}},{"type":"Feature","geometry":{"type":"Point","coordinates":[-94.498299,37.151798]},"properties":{"icao":"KJLN","iata":"JLN","name":"Joplin Regional Airport","country":"US","continent":"NA","rank":null,"status":"partial","dailyProxy":2,"capturedFlights":2,"estDaily":null}},{"type":"Feature","geometry":{"type":"Point","coordinates":[-98.67819977,46.92969894]},"properties":{"icao":"KJMS","iata":"JMS","name":"Jamestown Regional Airport","country":"US","continent":"NA","rank":null,"status":"partial","dailyProxy":1,"capturedFlights":1,"estDaily":null}},{"type":"Feature","geometry":{"type":"Point","coordinates":[-80.709099,35.387798]},"properties":{"icao":"KJQF","iata":"USA","name":"Concord-Padgett Regional Airport","country":"US","continent":"NA","rank":null,"status":"partial","dailyProxy":1,"capturedFlights":1,"estDaily":null}},{"type":"Feature","geometry":{"type":"Point","coordinates":[-78.83390045166016,40.31610107421875]},"properties":{"icao":"KJST","iata":"JST","name":"John Murtha Johnstown Cambria County Airport","country":"US","continent":"NA","rank":null,"status":"partial","dailyProxy":1,"capturedFlights":1,"estDaily":null}},{"type":"Feature","geometry":{"type":"Point","coordinates":[-86.886703,36.1824]},"properties":{"icao":"KJWN","iata":"","name":"John C Tune Airport","country":"US","continent":"NA","rank":null,"status":"partial","dailyProxy":1,"capturedFlights":1,"estDaily":null}},{"type":"Feature","geometry":{"type":"Point","coordinates":[-86.939363,40.412875]},"properties":{"icao":"KLAF","iata":"LAF","name":"Purdue University Airport","country":"US","continent":"NA","rank":null,"status":"partial","dailyProxy":1,"capturedFlights":1,"estDaily":null}},{"type":"Feature","geometry":{"type":"Point","coordinates":[-82.020715,27.989267]},"properties":{"icao":"KLAL","iata":"LAL","name":"Lakeland Linder International Airport","country":"US","continent":"NA","rank":null,"status":"partial","dailyProxy":4,"capturedFlights":4,"estDaily":null}},{"type":"Feature","geometry":{"type":"Point","coordinates":[-84.585721,42.777582]},"properties":{"icao":"KLAN","iata":"LAN","name":"Capital Region International Airport","country":"US","continent":"NA","rank":null,"status":"partial","dailyProxy":12,"capturedFlights":12,"estDaily":null}},{"type":"Feature","geometry":{"type":"Point","coordinates":[-105.67500305175781,41.31209945678711]},"properties":{"icao":"KLAR","iata":"LAR","name":"Laramie Regional Airport","country":"US","continent":"NA","rank":null,"status":"partial","dailyProxy":2,"capturedFlights":2,"estDaily":null}},{"type":"Feature","geometry":{"type":"Point","coordinates":[-115.151817,36.083361]},"properties":{"icao":"KLAS","iata":"LAS","name":"Harry Reid International Airport","country":"US","continent":"NA","rank":8,"status":"partial","dailyProxy":395,"capturedFlights":1052,"estDaily":395}},{"type":"Feature","geometry":{"type":"Point","coordinates":[-98.416603,34.567699]},"properties":{"icao":"KLAW","iata":"LAW","name":"Lawton Fort Sill Regional Airport","country":"US","continent":"NA","rank":null,"status":"partial","dailyProxy":2,"capturedFlights":2,"estDaily":null}},{"type":"Feature","geometry":{"type":"Point","coordinates":[-118.407997,33.942501]},"properties":{"icao":"KLAX","iata":"LAX","name":"Los Angeles International","country":"US","continent":"NA","rank":null,"status":"complete","dailyProxy":40,"capturedFlights":1831,"estDaily":null}},{"type":"Feature","geometry":{"type":"Point","coordinates":[-101.822998,33.663601]},"properties":{"icao":"KLBB","iata":"LBB","name":"Lubbock Preston Smith International Airport","country":"US","continent":"NA","rank":null,"status":"partial","dailyProxy":14,"capturedFlights":14,"estDaily":null}},{"type":"Feature","geometry":{"type":"Point","coordinates":[-79.4048,40.275902]},"properties":{"icao":"KLBE","iata":"LBE","name":"Arnold Palmer Regional Airport","country":"US","continent":"NA","rank":null,"status":"partial","dailyProxy":3,"capturedFlights":3,"estDaily":null}},{"type":"Feature","geometry":{"type":"Point","coordinates":[-100.6839981,41.12620163]},"properties":{"icao":"KLBF","iata":"LBF","name":"North Platte Regional Airport Lee Bird Field","country":"US","continent":"NA","rank":null,"status":"partial","dailyProxy":2,"capturedFlights":2,"estDaily":null}},{"type":"Feature","geometry":{"type":"Point","coordinates":[-100.9599991,37.0442009]},"properties":{"icao":"KLBL","iata":"LBL","name":"Liberal Mid-America Regional Airport","country":"US","continent":"NA","rank":null,"status":"partial","dailyProxy":1,"capturedFlights":1,"estDaily":null}},{"type":"Feature","geometry":{"type":"Point","coordinates":[-93.22329711914062,30.126100540161133]},"properties":{"icao":"KLCH","iata":"LCH","name":"Lake Charles Regional Airport","country":"US","continent":"NA","rank":null,"status":"partial","dailyProxy":4,"capturedFlights":4,"estDaily":null}},{"type":"Feature","geometry":{"type":"Point","coordinates":[-82.927803,39.813801]},"properties":{"icao":"KLCK","iata":"LCK","name":"Rickenbacker International Airport","country":"US","continent":"NA","rank":null,"status":"partial","dailyProxy":3,"capturedFlights":3,"estDaily":null}},{"type":"Feature","geometry":{"type":"Point","coordinates":[-72.30419921880001,43.626098632799994]},"properties":{"icao":"KLEB","iata":"LEB","name":"Lebanon Municipal Airport","country":"US","continent":"NA","rank":null,"status":"partial","dailyProxy":4,"capturedFlights":4,"estDaily":null}},{"type":"Feature","geometry":{"type":"Point","coordinates":[-84.606738,38.035066]},"properties":{"icao":"KLEX","iata":"LEX","name":"Blue Grass Airport","country":"US","continent":"NA","rank":null,"status":"partial","dailyProxy":29,"capturedFlights":29,"estDaily":null}},{"type":"Feature","geometry":{"type":"Point","coordinates":[-76.360497,37.082901]},"properties":{"icao":"KLFI","iata":"LFI","name":"Langley Air Force Base","country":"US","continent":"NA","rank":null,"status":"partial","dailyProxy":1,"capturedFlights":1,"estDaily":null}},{"type":"Feature","geometry":{"type":"Point","coordinates":[-91.987602,30.205299]},"properties":{"icao":"KLFT","iata":"LFT","name":"Lafayette Regional Airport","country":"US","continent":"NA","rank":null,"status":"partial","dailyProxy":17,"capturedFlights":17,"estDaily":null}},{"type":"Feature","geometry":{"type":"Point","coordinates":[-73.872597,40.777199]},"properties":{"icao":"KLGA","iata":"LGA","name":"LaGuardia Airport","country":"US","continent":"NA","rank":null,"status":"complete","dailyProxy":492,"capturedFlights":984,"estDaily":null}},{"type":"Feature","geometry":{"type":"Point","coordinates":[-118.149891,33.816523]},"properties":{"icao":"KLGB","iata":"LGB","name":"Long Beach International Airport","country":"US","continent":"NA","rank":576,"status":"partial","dailyProxy":32,"capturedFlights":55,"estDaily":32}},{"type":"Feature","geometry":{"type":"Point","coordinates":[-92.223591,34.729222]},"properties":{"icao":"KLIT","iata":"LIT","name":"Bill & Hillary Clinton National Airport/Adams Field","country":"US","continent":"NA","rank":null,"status":"partial","dailyProxy":34,"capturedFlights":34,"estDaily":null}},{"type":"Feature","geometry":{"type":"Point","coordinates":[-96.76178,40.844882]},"properties":{"icao":"KLNK","iata":"LNK","name":"Lincoln Airport","country":"US","continent":"NA","rank":null,"status":"partial","dailyProxy":6,"capturedFlights":6,"estDaily":null}},{"type":"Feature","geometry":{"type":"Point","coordinates":[-99.461601,27.5438]},"properties":{"icao":"KLRD","iata":"LRD","name":"Laredo International Airport","country":"US","continent":"NA","rank":null,"status":"partial","dailyProxy":6,"capturedFlights":6,"estDaily":null}},{"type":"Feature","geometry":{"type":"Point","coordinates":[-92.14969635010002,34.916900634799994]},"properties":{"icao":"KLRF","iata":"LRF","name":"Little Rock Air Force Base","country":"US","continent":"NA","rank":null,"status":"partial","dailyProxy":1,"capturedFlights":1,"estDaily":null}},{"type":"Feature","geometry":{"type":"Point","coordinates":[-91.256699,43.879002]},"properties":{"icao":"KLSE","iata":"LSE","name":"La Crosse Regional Airport","country":"US","continent":"NA","rank":null,"status":"partial","dailyProxy":4,"capturedFlights":4,"estDaily":null}},{"type":"Feature","geometry":{"type":"Point","coordinates":[-84.418945,39.102357]},"properties":{"icao":"KLUK","iata":"LUK","name":"Cincinnati Municipal Airport Lunken Field","country":"US","continent":"NA","rank":null,"status":"partial","dailyProxy":1,"capturedFlights":1,"estDaily":null}},{"type":"Feature","geometry":{"type":"Point","coordinates":[-121.819999695,37.6934013367]},"properties":{"icao":"KLVK","iata":"LVK","name":"Livermore Municipal Airport","country":"US","continent":"NA","rank":null,"status":"partial","dailyProxy":1,"capturedFlights":1,"estDaily":null}},{"type":"Feature","geometry":{"type":"Point","coordinates":[-117.01499938964844,46.3745002746582]},"properties":{"icao":"KLWS","iata":"LWS","name":"Lewiston Nez Perce County Airport","country":"US","continent":"NA","rank":null,"status":"partial","dailyProxy":3,"capturedFlights":3,"estDaily":null}},{"type":"Feature","geometry":{"type":"Point","coordinates":[-79.200401,37.326698]},"properties":{"icao":"KLYH","iata":"LYH","name":"Lynchburg Regional Airport - Preston Glenn Field","country":"US","continent":"NA","rank":null,"status":"partial","dailyProxy":5,"capturedFlights":5,"estDaily":null}},{"type":"Feature","geometry":{"type":"Point","coordinates":[-83.96240234,33.97809982]},"properties":{"icao":"KLZU","iata":"LZU","name":"Gwinnett County Briscoe Field","country":"US","continent":"NA","rank":null,"status":"partial","dailyProxy":1,"capturedFlights":1,"estDaily":null}},{"type":"Feature","geometry":{"type":"Point","coordinates":[-102.202003,31.942499]},"properties":{"icao":"KMAF","iata":"MAF","name":"Midland International Air and Space Port","country":"US","continent":"NA","rank":null,"status":"partial","dailyProxy":22,"capturedFlights":22,"estDaily":null}},{"type":"Feature","geometry":{"type":"Point","coordinates":[-86.246495,44.272707]},"properties":{"icao":"KMBL","iata":"MBL","name":"Manistee County Blacker Airport","country":"US","continent":"NA","rank":null,"status":"partial","dailyProxy":1,"capturedFlights":1,"estDaily":null}},{"type":"Feature","geometry":{"type":"Point","coordinates":[-84.083104,43.533181]},"properties":{"icao":"KMBS","iata":"MBS","name":"MBS International Airport","country":"US","continent":"NA","rank":null,"status":"partial","dailyProxy":5,"capturedFlights":5,"estDaily":null}},{"type":"Feature","geometry":{"type":"Point","coordinates":[-121.401001,38.667599]},"properties":{"icao":"KMCC","iata":"MCC","name":"McClellan Airfield","country":"US","continent":"NA","rank":null,"status":"partial","dailyProxy":4,"capturedFlights":4,"estDaily":null}},{"type":"Feature","geometry":{"type":"Point","coordinates":[-120.514,37.284698]},"properties":{"icao":"KMCE","iata":"MCE","name":"Merced Regional Macready Field","country":"US","continent":"NA","rank":null,"status":"partial","dailyProxy":3,"capturedFlights":3,"estDaily":null}},{"type":"Feature","geometry":{"type":"Point","coordinates":[-82.521202,27.8493]},"properties":{"icao":"KMCF","iata":"MCF","name":"MacDill Air Force Base","country":"US","continent":"NA","rank":null,"status":"partial","dailyProxy":1,"capturedFlights":1,"estDaily":null}},{"type":"Feature","geometry":{"type":"Point","coordinates":[-94.713893,39.301699]},"properties":{"icao":"KMCI","iata":"MCI","name":"Kansas City International Airport","country":"US","continent":"NA","rank":285,"status":"partial","dailyProxy":68,"capturedFlights":177,"estDaily":68}},{"type":"Feature","geometry":{"type":"Point","coordinates":[-100.592794,40.207787]},"properties":{"icao":"KMCK","iata":"MCK","name":"McCook Ben Nelson Regional Airport","country":"US","continent":"NA","rank":null,"status":"partial","dailyProxy":4,"capturedFlights":4,"estDaily":null}},{"type":"Feature","geometry":{"type":"Point","coordinates":[-81.30899810791016,28.429399490356445]},"properties":{"icao":"KMCO","iata":"MCO","name":"Orlando International Airport","country":"US","continent":"NA","rank":16,"status":"partial","dailyProxy":308,"capturedFlights":1055,"estDaily":308}},{"type":"Feature","geometry":{"type":"Point","coordinates":[-93.329716,43.159801]},"properties":{"icao":"KMCW","iata":"MCW","name":"Mason City Municipal Airport","country":"US","continent":"NA","rank":null,"status":"partial","dailyProxy":1,"capturedFlights":1,"estDaily":null}},{"type":"Feature","geometry":{"type":"Point","coordinates":[-76.762333,40.192838]},"properties":{"icao":"KMDT","iata":"MDT","name":"Harrisburg International Airport","country":"US","continent":"NA","rank":null,"status":"partial","dailyProxy":21,"capturedFlights":21,"estDaily":null}},{"type":"Feature","geometry":{"type":"Point","coordinates":[-87.752403,41.785999]},"properties":{"icao":"KMDW","iata":"MDW","name":"Chicago Midway International Airport","country":"US","continent":"NA","rank":273,"status":"partial","dailyProxy":72,"capturedFlights":137,"estDaily":72}},{"type":"Feature","geometry":{"type":"Point","coordinates":[-88.7519,32.3326]},"properties":{"icao":"KMEI","iata":"MEI","name":"Key Field / Meridian Regional Airport","country":"US","continent":"NA","rank":null,"status":"partial","dailyProxy":1,"capturedFlights":1,"estDaily":null}},{"type":"Feature","geometry":{"type":"Point","coordinates":[-89.97634,35.043845]},"properties":{"icao":"KMEM","iata":"MEM","name":"Memphis International Airport","country":"US","continent":"NA","rank":60,"status":"partial","dailyProxy":135,"capturedFlights":229,"estDaily":135}},{"type":"Feature","geometry":{"type":"Point","coordinates":[-98.237965,26.176141]},"properties":{"icao":"KMFE","iata":"MFE","name":"McAllen Miller International Airport","country":"US","continent":"NA","rank":null,"status":"partial","dailyProxy":9,"capturedFlights":9,"estDaily":null}},{"type":"Feature","geometry":{"type":"Point","coordinates":[-122.873001,42.374199]},"properties":{"icao":"KMFR","iata":"MFR","name":"Rogue Valley International-Medford Airport","country":"US","continent":"NA","rank":null,"status":"partial","dailyProxy":24,"capturedFlights":24,"estDaily":null}},{"type":"Feature","geometry":{"type":"Point","coordinates":[-86.393997,32.300598]},"properties":{"icao":"KMGM","iata":"MGM","name":"Montgomery Regional (Dannelly Field) Airport","country":"US","continent":"NA","rank":null,"status":"partial","dailyProxy":14,"capturedFlights":14,"estDaily":null}},{"type":"Feature","geometry":{"type":"Point","coordinates":[-79.917598,39.643305]},"properties":{"icao":"KMGW","iata":"MGW","name":"Morgantown Municipal Airport Walter L. (Bill) Hart Field","country":"US","continent":"NA","rank":null,"status":"partial","dailyProxy":1,"capturedFlights":1,"estDaily":null}},{"type":"Feature","geometry":{"type":"Point","coordinates":[-96.6707992553711,39.14099884033203]},"properties":{"icao":"KMHK","iata":"MHK","name":"Manhattan Regional Airport","country":"US","continent":"NA","rank":null,"status":"partial","dailyProxy":3,"capturedFlights":3,"estDaily":null}},{"type":"Feature","geometry":{"type":"Point","coordinates":[-121.297989,38.554744]},"properties":{"icao":"KMHR","iata":"MHR","name":"Sacramento Mather Airport","country":"US","continent":"NA","rank":null,"status":"partial","dailyProxy":3,"capturedFlights":5,"estDaily":null}},{"type":"Feature","geometry":{"type":"Point","coordinates":[-71.435699,42.932598]},"properties":{"icao":"KMHT","iata":"MHT","name":"Manchester-Boston Regional Airport","country":"US","continent":"NA","rank":null,"status":"partial","dailyProxy":9,"capturedFlights":9,"estDaily":null}},{"type":"Feature","geometry":{"type":"Point","coordinates":[-80.289751,25.796011]},"properties":{"icao":"KMIA","iata":"MIA","name":"Miami International Airport","country":"US","continent":"NA","rank":18,"status":"partial","dailyProxy":287,"capturedFlights":1087,"estDaily":287}},{"type":"Feature","geometry":{"type":"Point","coordinates":[-74.29239655,39.92750168]},"properties":{"icao":"KMJX","iata":"MJX","name":"Ocean County Airport","country":"US","continent":"NA","rank":null,"status":"partial","dailyProxy":1,"capturedFlights":1,"estDaily":null}},{"type":"Feature","geometry":{"type":"Point","coordinates":[-94.592796,39.123199]},"properties":{"icao":"KMKC","iata":"MKC","name":"Charles B. Wheeler Downtown Airport","country":"US","continent":"NA","rank":null,"status":"partial","dailyProxy":2,"capturedFlights":2,"estDaily":null}},{"type":"Feature","geometry":{"type":"Point","coordinates":[-87.896599,42.947201]},"properties":{"icao":"KMKE","iata":"MKE","name":"General Mitchell International Airport","country":"US","continent":"NA","rank":474,"status":"partial","dailyProxy":41,"capturedFlights":112,"estDaily":41}},{"type":"Feature","geometry":{"type":"Point","coordinates":[-86.238197,43.169498]},"properties":{"icao":"KMKG","iata":"MKG","name":"Muskegon County Airport","country":"US","continent":"NA","rank":null,"status":"partial","dailyProxy":1,"capturedFlights":1,"estDaily":null}},{"type":"Feature","geometry":{"type":"Point","coordinates":[-80.641088,28.102009]},"properties":{"icao":"KMLB","iata":"MLB","name":"Melbourne Orlando International Airport","country":"US","continent":"NA","rank":null,"status":"partial","dailyProxy":12,"capturedFlights":12,"estDaily":null}},{"type":"Feature","geometry":{"type":"Point","coordinates":[-90.5075,41.448502]},"properties":{"icao":"KMLI","iata":"MLI","name":"Quad City International Airport","country":"US","continent":"NA","rank":null,"status":"partial","dailyProxy":15,"capturedFlights":15,"estDaily":null}},{"type":"Feature","geometry":{"type":"Point","coordinates":[-92.037697,32.510899]},"properties":{"icao":"KMLU","iata":"MLU","name":"Monroe Regional Airport","country":"US","continent":"NA","rank":null,"status":"partial","dailyProxy":7,"capturedFlights":7,"estDaily":null}},{"type":"Feature","geometry":{"type":"Point","coordinates":[-74.414949,40.799062]},"properties":{"icao":"KMMU","iata":"MMU","name":"Morristown Municipal Airport","country":"US","continent":"NA","rank":null,"status":"partial","dailyProxy":2,"capturedFlights":2,"estDaily":null}},{"type":"Feature","geometry":{"type":"Point","coordinates":[-88.242798,30.6912]},"properties":{"icao":"KMOB","iata":"MOB","name":"Mobile Regional Airport","country":"US","continent":"NA","rank":null,"status":"partial","dailyProxy":16,"capturedFlights":16,"estDaily":null}},{"type":"Feature","geometry":{"type":"Point","coordinates":[-120.954002,37.625801]},"properties":{"icao":"KMOD","iata":"MOD","name":"Modesto City Co-Harry Sham Field","country":"US","continent":"NA","rank":null,"status":"partial","dailyProxy":4,"capturedFlights":4,"estDaily":null}},{"type":"Feature","geometry":{"type":"Point","coordinates":[-101.279123,48.25801]},"properties":{"icao":"KMOT","iata":"MOT","name":"Minot International Airport","country":"US","continent":"NA","rank":null,"status":"partial","dailyProxy":2,"capturedFlights":2,"estDaily":null}},{"type":"Feature","geometry":{"type":"Point","coordinates":[-75.8655014,39.97900009]},"properties":{"icao":"KMQS","iata":"CTH","name":"Chester County G O Carlson Airport","country":"US","continent":"NA","rank":null,"status":"partial","dailyProxy":1,"capturedFlights":1,"estDaily":null}},{"type":"Feature","geometry":{"type":"Point","coordinates":[-121.844183,36.586777]},"properties":{"icao":"KMRY","iata":"MRY","name":"Monterey Regional Airport","country":"US","continent":"NA","rank":667,"status":"partial","dailyProxy":26,"capturedFlights":33,"estDaily":26}},{"type":"Feature","geometry":{"type":"Point","coordinates":[-87.612981,34.745123]},"properties":{"icao":"KMSL","iata":"MSL","name":"Northwest Alabama Regional Airport","country":"US","continent":"NA","rank":null,"status":"partial","dailyProxy":1,"capturedFlights":1,"estDaily":null}},{"type":"Feature","geometry":{"type":"Point","coordinates":[-89.337502,43.1399]},"properties":{"icao":"KMSN","iata":"MSN","name":"Dane County Regional Truax Field","country":"US","continent":"NA","rank":625,"status":"partial","dailyProxy":30,"capturedFlights":68,"estDaily":30}},{"type":"Feature","geometry":{"type":"Point","coordinates":[-114.091107,46.915816]},"properties":{"icao":"KMSO","iata":"MSO","name":"Missoula Montana Airport","country":"US","continent":"NA","rank":null,"status":"partial","dailyProxy":8,"capturedFlights":16,"estDaily":null}},{"type":"Feature","geometry":{"type":"Point","coordinates":[-93.221741,44.880081]},"properties":{"icao":"KMSP","iata":"MSP","name":"Minneapolis–Saint Paul International Airport / Wold–Chamberlain Field","country":"US","continent":"NA","rank":66,"status":"partial","dailyProxy":131,"capturedFlights":295,"estDaily":131}},{"type":"Feature","geometry":{"type":"Point","coordinates":[-74.844304,44.936157]},"properties":{"icao":"KMSS","iata":"MSS","name":"Massena International Airport Richards Field","country":"US","continent":"NA","rank":null,"status":"partial","dailyProxy":2,"capturedFlights":3,"estDaily":null}},{"type":"Feature","geometry":{"type":"Point","coordinates":[-90.264673,29.993401]},"properties":{"icao":"KMSY","iata":"MSY","name":"Louis Armstrong New Orleans International Airport","country":"US","continent":"NA","rank":87,"status":"partial","dailyProxy":110,"capturedFlights":225,"estDaily":110}},{"type":"Feature","geometry":{"type":"Point","coordinates":[-81.05138,24.726006]},"properties":{"icao":"KMTH","iata":"MTH","name":"Florida Keys Marathon International Airport","country":"US","continent":"NA","rank":null,"status":"partial","dailyProxy":1,"capturedFlights":1,"estDaily":null}},{"type":"Feature","geometry":{"type":"Point","coordinates":[-107.893997,38.5098]},"properties":{"icao":"KMTJ","iata":"MTJ","name":"Montrose Regional Airport","country":"US","continent":"NA","rank":null,"status":"partial","dailyProxy":9,"capturedFlights":17,"estDaily":null}},{"type":"Feature","geometry":{"type":"Point","coordinates":[-72.613998,44.534599]},"properties":{"icao":"KMVL","iata":"MVL","name":"Morrisville-Stowe State Airport","country":"US","continent":"NA","rank":null,"status":"partial","dailyProxy":1,"capturedFlights":1,"estDaily":null}},{"type":"Feature","geometry":{"type":"Point","coordinates":[-70.6143035889,41.3931007385]},"properties":{"icao":"KMVY","iata":"MVY","name":"Martha's Vineyard Airport","country":"US","continent":"NA","rank":null,"status":"partial","dailyProxy":3,"capturedFlights":3,"estDaily":null}},{"type":"Feature","geometry":{"type":"Point","coordinates":[-89.016568,37.751208]},"properties":{"icao":"KMWA","iata":"MWA","name":"Veterans Airport of Southern Illinois","country":"US","continent":"NA","rank":null,"status":"partial","dailyProxy":1,"capturedFlights":1,"estDaily":null}},{"type":"Feature","geometry":{"type":"Point","coordinates":[-117.139999,32.8157]},"properties":{"icao":"KMYF","iata":"MYF","name":"Montgomery-Gibbs Executive Airport","country":"US","continent":"NA","rank":null,"status":"partial","dailyProxy":3,"capturedFlights":3,"estDaily":null}},{"type":"Feature","geometry":{"type":"Point","coordinates":[-116.101112,44.888837]},"properties":{"icao":"KMYL","iata":"MYL","name":"McCall Municipal Airport","country":"US","continent":"NA","rank":null,"status":"partial","dailyProxy":1,"capturedFlights":1,"estDaily":null}},{"type":"Feature","geometry":{"type":"Point","coordinates":[-78.928299,33.679699]},"properties":{"icao":"KMYR","iata":"MYR","name":"Myrtle Beach International Airport","country":"US","continent":"NA","rank":595,"status":"partial","dailyProxy":30,"capturedFlights":40,"estDaily":30}},{"type":"Feature","geometry":{"type":"Point","coordinates":[-119.121002197,34.120300293]},"properties":{"icao":"KNTD","iata":"NTD","name":"Point Mugu Naval Air Station (Naval Base Ventura Co)","country":"US","continent":"NA","rank":null,"status":"partial","dailyProxy":1,"capturedFlights":1,"estDaily":null}},{"type":"Feature","geometry":{"type":"Point","coordinates":[-114.609375,32.650938]},"properties":{"icao":"KNYL","iata":"YUM","name":"Yuma International Airport / Marine Corps Air Station Yuma","country":"US","continent":"NA","rank":null,"status":"partial","dailyProxy":4,"capturedFlights":8,"estDaily":null}},{"type":"Feature","geometry":{"type":"Point","coordinates":[-117.2149963,32.69919968]},"properties":{"icao":"KNZY","iata":"NZY","name":"North Island Naval Air Station-Halsey Field","country":"US","continent":"NA","rank":null,"status":"partial","dailyProxy":1,"capturedFlights":1,"estDaily":null}},{"type":"Feature","geometry":{"type":"Point","coordinates":[-77.612099,34.829201]},"properties":{"icao":"KOAJ","iata":"OAJ","name":"Albert J Ellis Airport","country":"US","continent":"NA","rank":null,"status":"partial","dailyProxy":8,"capturedFlights":8,"estDaily":null}},{"type":"Feature","geometry":{"type":"Point","coordinates":[-122.221184,37.720085]},"properties":{"icao":"KOAK","iata":"OAK","name":"Oakland International","country":"US","continent":"NA","rank":null,"status":"complete","dailyProxy":163,"capturedFlights":325,"estDaily":null}},{"type":"Feature","geometry":{"type":"Point","coordinates":[-80.859497070312,33.456798553467]},"properties":{"icao":"KOGB","iata":"OGB","name":"Orangeburg Municipal Airport","country":"US","continent":"NA","rank":null,"status":"partial","dailyProxy":1,"capturedFlights":1,"estDaily":null}},{"type":"Feature","geometry":{"type":"Point","coordinates":[-112.0120010376,41.195899963379]},"properties":{"icao":"KOGD","iata":"OGD","name":"Ogden Hinckley Airport","country":"US","continent":"NA","rank":null,"status":"partial","dailyProxy":3,"capturedFlights":3,"estDaily":null}},{"type":"Feature","geometry":{"type":"Point","coordinates":[-97.598248,35.393388]},"properties":{"icao":"KOKC","iata":"OKC","name":"OKC Will Rogers World Airport","country":"US","continent":"NA","rank":485,"status":"partial","dailyProxy":39,"capturedFlights":110,"estDaily":39}},{"type":"Feature","geometry":{"type":"Point","coordinates":[-110.848,31.4177]},"properties":{"icao":"KOLS","iata":"OLS","name":"Nogales International Airport","country":"US","continent":"NA","rank":null,"status":"partial","dailyProxy":1,"capturedFlights":1,"estDaily":null}},{"type":"Feature","geometry":{"type":"Point","coordinates":[-95.894096,41.3032]},"properties":{"icao":"KOMA","iata":"OMA","name":"Eppley Airfield","country":"US","continent":"NA","rank":528,"status":"partial","dailyProxy":35,"capturedFlights":112,"estDaily":35}},{"type":"Feature","geometry":{"type":"Point","coordinates":[-117.600998,34.056]},"properties":{"icao":"KONT","iata":"ONT","name":"Ontario International","country":"US","continent":"NA","rank":null,"status":"complete","dailyProxy":9,"capturedFlights":385,"estDaily":null}},{"type":"Feature","geometry":{"type":"Point","coordinates":[-80.278397,25.907]},"properties":{"icao":"KOPF","iata":"OPF","name":"Miami-Opa Locka Executive Airport","country":"US","continent":"NA","rank":null,"status":"partial","dailyProxy":6,"capturedFlights":6,"estDaily":null}},{"type":"Feature","geometry":{"type":"Point","coordinates":[-87.9048,41.9786]},"properties":{"icao":"KORD","iata":"ORD","name":"Chicago O'Hare International Airport","country":"US","continent":"NA","rank":2,"status":"partial","dailyProxy":485,"capturedFlights":1996,"estDaily":485}},{"type":"Feature","geometry":{"type":"Point","coordinates":[-76.201,36.895341]},"properties":{"icao":"KORF","iata":"ORF","name":"Norfolk International Airport","country":"US","continent":"NA","rank":279,"status":"partial","dailyProxy":69,"capturedFlights":90,"estDaily":69}},{"type":"Feature","geometry":{"type":"Point","coordinates":[-71.875702,42.2673]},"properties":{"icao":"KORH","iata":"ORH","name":"Worcester Regional Airport","country":"US","continent":"NA","rank":null,"status":"partial","dailyProxy":4,"capturedFlights":4,"estDaily":null}},{"type":"Feature","geometry":{"type":"Point","coordinates":[-81.332901,28.5455]},"properties":{"icao":"KORL","iata":"ORL","name":"Orlando Executive Airport","country":"US","continent":"NA","rank":null,"status":"partial","dailyProxy":7,"capturedFlights":7,"estDaily":null}},{"type":"Feature","geometry":{"type":"Point","coordinates":[-87.16680145,37.74010086]},"properties":{"icao":"KOWB","iata":"OWB","name":"Owensboro Daviess County Airport","country":"US","continent":"NA","rank":null,"status":"partial","dailyProxy":1,"capturedFlights":1,"estDaily":null}},{"type":"Feature","geometry":{"type":"Point","coordinates":[-73.135200500488,41.47859954834]},"properties":{"icao":"KOXC","iata":"OXC","name":"Waterbury Oxford Airport","country":"US","continent":"NA","rank":null,"status":"partial","dailyProxy":1,"capturedFlights":1,"estDaily":null}},{"type":"Feature","geometry":{"type":"Point","coordinates":[-122.281998,47.9063]},"properties":{"icao":"KPAE","iata":"PAE","name":"Seattle Paine Field International Airport","country":"US","continent":"NA","rank":null,"status":"partial","dailyProxy":12,"capturedFlights":12,"estDaily":null}},{"type":"Feature","geometry":{"type":"Point","coordinates":[-111.33899688721,34.256801605225]},"properties":{"icao":"KPAN","iata":"PJB","name":"Payson Airport","country":"US","continent":"NA","rank":null,"status":"partial","dailyProxy":1,"capturedFlights":1,"estDaily":null}},{"type":"Feature","geometry":{"type":"Point","coordinates":[-80.095596,26.683201]},"properties":{"icao":"KPBI","iata":"PBI","name":"Palm Beach International Airport","country":"US","continent":"NA","rank":59,"status":"partial","dailyProxy":137,"capturedFlights":160,"estDaily":137}},{"type":"Feature","geometry":{"type":"Point","coordinates":[-84.30213,33.87633]},"properties":{"icao":"KPDK","iata":"PDK","name":"DeKalb Peachtree Airport","country":"US","continent":"NA","rank":null,"status":"partial","dailyProxy":4,"capturedFlights":4,"estDaily":null}},{"type":"Feature","geometry":{"type":"Point","coordinates":[-122.598,45.588699]},"properties":{"icao":"KPDX","iata":"PDX","name":"Portland International Airport","country":"US","continent":"NA","rank":58,"status":"partial","dailyProxy":138,"capturedFlights":236,"estDaily":138}},{"type":"Feature","geometry":{"type":"Point","coordinates":[-111.447716,36.924234]},"properties":{"icao":"KPGA","iata":"PGA","name":"Page Municipal Airport","country":"US","continent":"NA","rank":null,"status":"partial","dailyProxy":2,"capturedFlights":2,"estDaily":null}},{"type":"Feature","geometry":{"type":"Point","coordinates":[-81.990501,26.9202]},"properties":{"icao":"KPGD","iata":"PGD","name":"Punta Gorda Airport","country":"US","continent":"NA","rank":null,"status":"partial","dailyProxy":1,"capturedFlights":1,"estDaily":null}},{"type":"Feature","geometry":{"type":"Point","coordinates":[-77.384262,35.635535]},"properties":{"icao":"KPGV","iata":"PGV","name":"Pitt-Greenville Airport","country":"US","continent":"NA","rank":null,"status":"partial","dailyProxy":4,"capturedFlights":4,"estDaily":null}},{"type":"Feature","geometry":{"type":"Point","coordinates":[-76.492996,37.131901]},"properties":{"icao":"KPHF","iata":"PHF","name":"Newport News Williamsburg International Airport","country":"US","continent":"NA","rank":null,"status":"partial","dailyProxy":4,"capturedFlights":4,"estDaily":null}},{"type":"Feature","geometry":{"type":"Point","coordinates":[-80.69339752,26.78499985]},"properties":{"icao":"KPHK","iata":"PHK","name":"Palm Beach County Glades Airport","country":"US","continent":"NA","rank":null,"status":"partial","dailyProxy":1,"capturedFlights":1,"estDaily":null}},{"type":"Feature","geometry":{"type":"Point","coordinates":[-75.241096,39.871899]},"properties":{"icao":"KPHL","iata":"PHL","name":"Philadelphia International Airport","country":"US","continent":"NA","rank":100,"status":"partial","dailyProxy":95,"capturedFlights":314,"estDaily":95}},{"type":"Feature","geometry":{"type":"Point","coordinates":[-112.005905,33.435302]},"properties":{"icao":"KPHX","iata":"PHX","name":"Phoenix Sky Harbor International Airport","country":"US","continent":"NA","rank":15,"status":"partial","dailyProxy":317,"capturedFlights":1181,"estDaily":317}},{"type":"Feature","geometry":{"type":"Point","coordinates":[-89.692631,40.663841]},"properties":{"icao":"KPIA","iata":"PIA","name":"General Wayne A. Downing Peoria International Airport","country":"US","continent":"NA","rank":null,"status":"partial","dailyProxy":14,"capturedFlights":14,"estDaily":null}},{"type":"Feature","geometry":{"type":"Point","coordinates":[-89.337097,31.4671]},"properties":{"icao":"KPIB","iata":"PIB","name":"Hattiesburg Laurel Regional Airport","country":"US","continent":"NA","rank":null,"status":"partial","dailyProxy":1,"capturedFlights":1,"estDaily":null}},{"type":"Feature","geometry":{"type":"Point","coordinates":[-82.687401,27.9102]},"properties":{"icao":"KPIE","iata":"PIE","name":"St. Petersburg Clearwater International Airport","country":"US","continent":"NA","rank":318,"status":"partial","dailyProxy":63,"capturedFlights":5,"estDaily":63}},{"type":"Feature","geometry":{"type":"Point","coordinates":[-112.59600067138672,42.9098014831543]},"properties":{"icao":"KPIH","iata":"PIH","name":"Pocatello Regional Airport","country":"US","continent":"NA","rank":null,"status":"partial","dailyProxy":4,"capturedFlights":4,"estDaily":null}},{"type":"Feature","geometry":{"type":"Point","coordinates":[-100.2860031,44.38270187]},"properties":{"icao":"KPIR","iata":"PIR","name":"Pierre Regional Airport","country":"US","continent":"NA","rank":null,"status":"partial","dailyProxy":1,"capturedFlights":1,"estDaily":null}},{"type":"Feature","geometry":{"type":"Point","coordinates":[-80.232903,40.491501]},"properties":{"icao":"KPIT","iata":"PIT","name":"Pittsburgh International Airport","country":"US","continent":"NA","rank":101,"status":"partial","dailyProxy":95,"capturedFlights":154,"estDaily":95}},{"type":"Feature","geometry":{"type":"Point","coordinates":[-81.439201,39.3451]},"properties":{"icao":"KPKB","iata":"PKB","name":"Mid Ohio Valley Regional Airport","country":"US","continent":"NA","rank":null,"status":"partial","dailyProxy":1,"capturedFlights":1,"estDaily":null}},{"type":"Feature","geometry":{"type":"Point","coordinates":[-80.111099243164,26.247100830078]},"properties":{"icao":"KPMP","iata":"PPM","name":"Pompano Beach Airpark","country":"US","continent":"NA","rank":null,"status":"partial","dailyProxy":3,"capturedFlights":3,"estDaily":null}},{"type":"Feature","geometry":{"type":"Point","coordinates":[-75.010614,40.082406]},"properties":{"icao":"KPNE","iata":"PNE","name":"Northeast Philadelphia Airport","country":"US","continent":"NA","rank":null,"status":"partial","dailyProxy":2,"capturedFlights":2,"estDaily":null}},{"type":"Feature","geometry":{"type":"Point","coordinates":[-87.186639,30.472718]},"properties":{"icao":"KPNS","iata":"PNS","name":"Pensacola International Airport","country":"US","continent":"NA","rank":638,"status":"partial","dailyProxy":27,"capturedFlights":59,"estDaily":27}},{"type":"Feature","geometry":{"type":"Point","coordinates":[-117.78199768066,34.091598510742]},"properties":{"icao":"KPOC","iata":"POC","name":"Brackett Field","country":"US","continent":"NA","rank":null,"status":"partial","dailyProxy":1,"capturedFlights":1,"estDaily":null}},{"type":"Feature","geometry":{"type":"Point","coordinates":[-68.0448,46.688999]},"properties":{"icao":"KPQI","iata":"PQI","name":"Presque Isle International Airport","country":"US","continent":"NA","rank":null,"status":"partial","dailyProxy":1,"capturedFlights":1,"estDaily":null}},{"type":"Feature","geometry":{"type":"Point","coordinates":[-88.529197692871,30.462799072266]},"properties":{"icao":"KPQL","iata":"PGL","name":"Trent Lott International Airport","country":"US","continent":"NA","rank":null,"status":"partial","dailyProxy":1,"capturedFlights":1,"estDaily":null}},{"type":"Feature","geometry":{"type":"Point","coordinates":[-112.419883,34.653502]},"properties":{"icao":"KPRC","iata":"PRC","name":"Prescott Regional Airport - Ernest A. Love Field","country":"US","continent":"NA","rank":null,"status":"partial","dailyProxy":4,"capturedFlights":4,"estDaily":null}},{"type":"Feature","geometry":{"type":"Point","coordinates":[-119.119003,46.264702]},"properties":{"icao":"KPSC","iata":"PSC","name":"Tri Cities Airport","country":"US","continent":"NA","rank":null,"status":"partial","dailyProxy":29,"capturedFlights":29,"estDaily":null}},{"type":"Feature","geometry":{"type":"Point","coordinates":[-70.823303,43.0779]},"properties":{"icao":"KPSM","iata":"PSM","name":"Portsmouth International Airport at Pease","country":"US","continent":"NA","rank":null,"status":"partial","dailyProxy":3,"capturedFlights":3,"estDaily":null}},{"type":"Feature","geometry":{"type":"Point","coordinates":[-95.706298828125,31.779699325562]},"properties":{"icao":"KPSN","iata":"PSN","name":"Palestine Municipal Airport","country":"US","continent":"NA","rank":null,"status":"partial","dailyProxy":1,"capturedFlights":1,"estDaily":null}},{"type":"Feature","geometry":{"type":"Point","coordinates":[-116.507004,33.8297]},"properties":{"icao":"KPSP","iata":"PSP","name":"Palm Springs International Airport","country":"US","continent":"NA","rank":365,"status":"partial","dailyProxy":54,"capturedFlights":104,"estDaily":54}},{"type":"Feature","geometry":{"type":"Point","coordinates":[-83.420097351074,42.665500640869]},"properties":{"icao":"KPTK","iata":"PTK","name":"Oakland County International Airport","country":"US","continent":"NA","rank":null,"status":"partial","dailyProxy":4,"capturedFlights":4,"estDaily":null}},{"type":"Feature","geometry":{"type":"Point","coordinates":[-104.497002,38.289101]},"properties":{"icao":"KPUB","iata":"PUB","name":"Pueblo Memorial Airport","country":"US","continent":"NA","rank":null,"status":"partial","dailyProxy":3,"capturedFlights":3,"estDaily":null}},{"type":"Feature","geometry":{"type":"Point","coordinates":[-110.751,39.613899]},"properties":{"icao":"KPUC","iata":"PUC","name":"Carbon County Regional Airport / Buck Davis Field","country":"US","continent":"NA","rank":null,"status":"partial","dailyProxy":1,"capturedFlights":1,"estDaily":null}},{"type":"Feature","geometry":{"type":"Point","coordinates":[-117.11163,46.741601]},"properties":{"icao":"KPUW","iata":"PUW","name":"Pullman-Moscow Regional Airport","country":"US","continent":"NA","rank":null,"status":"partial","dailyProxy":6,"capturedFlights":6,"estDaily":null}},{"type":"Feature","geometry":{"type":"Point","coordinates":[-70.2213973999,42.0718994141]},"properties":{"icao":"KPVC","iata":"PVC","name":"Provincetown Municipal Airport","country":"US","continent":"NA","rank":null,"status":"partial","dailyProxy":1,"capturedFlights":1,"estDaily":null}},{"type":"Feature","geometry":{"type":"Point","coordinates":[-71.425668,41.725038]},"properties":{"icao":"KPVD","iata":"PVD","name":"Rhode Island T. F. Green International Airport","country":"US","continent":"NA","rank":562,"status":"partial","dailyProxy":33,"capturedFlights":64,"estDaily":33}},{"type":"Feature","geometry":{"type":"Point","coordinates":[-111.722445,40.218894]},"properties":{"icao":"KPVU","iata":"PVU","name":"Provo Municipal Airport","country":"US","continent":"NA","rank":null,"status":"partial","dailyProxy":7,"capturedFlights":13,"estDaily":null}},{"type":"Feature","geometry":{"type":"Point","coordinates":[-97.64710236,35.53419876]},"properties":{"icao":"KPWA","iata":"PWA","name":"Wiley Post Airport","country":"US","continent":"NA","rank":null,"status":"partial","dailyProxy":1,"capturedFlights":1,"estDaily":null}},{"type":"Feature","geometry":{"type":"Point","coordinates":[-87.901494,42.114222]},"properties":{"icao":"KPWK","iata":"PWK","name":"Chicago Executive Airport","country":"US","continent":"NA","rank":null,"status":"partial","dailyProxy":4,"capturedFlights":4,"estDaily":null}},{"type":"Feature","geometry":{"type":"Point","coordinates":[-70.309303,43.646198]},"properties":{"icao":"KPWM","iata":"PWM","name":"Portland International Jetport","country":"US","continent":"NA","rank":563,"status":"partial","dailyProxy":33,"capturedFlights":34,"estDaily":33}},{"type":"Feature","geometry":{"type":"Point","coordinates":[-122.76499938965,47.490200042725]},"properties":{"icao":"KPWT","iata":"PWT","name":"Bremerton National Airport","country":"US","continent":"NA","rank":null,"status":"partial","dailyProxy":1,"capturedFlights":1,"estDaily":null}},{"type":"Feature","geometry":{"type":"Point","coordinates":[-103.05699920654297,44.0452995300293]},"properties":{"icao":"KRAP","iata":"RAP","name":"Rapid City Regional Airport","country":"US","continent":"NA","rank":null,"status":"partial","dailyProxy":8,"capturedFlights":8,"estDaily":null}},{"type":"Feature","geometry":{"type":"Point","coordinates":[-122.2929993,40.50899887]},"properties":{"icao":"KRDD","iata":"RDD","name":"Redding Municipal Airport","country":"US","continent":"NA","rank":null,"status":"partial","dailyProxy":8,"capturedFlights":8,"estDaily":null}},{"type":"Feature","geometry":{"type":"Point","coordinates":[-121.150002,44.254101]},"properties":{"icao":"KRDM","iata":"RDM","name":"Roberts Field","country":"US","continent":"NA","rank":771,"status":"partial","dailyProxy":21,"capturedFlights":44,"estDaily":21}},{"type":"Feature","geometry":{"type":"Point","coordinates":[-78.7873,35.878659]},"properties":{"icao":"KRDU","iata":"RDU","name":"Raleigh-Durham International Airport","country":"US","continent":"NA","rank":46,"status":"partial","dailyProxy":162,"capturedFlights":235,"estDaily":162}},{"type":"Feature","geometry":{"type":"Point","coordinates":[-89.097198,42.1954]},"properties":{"icao":"KRFD","iata":"RFD","name":"Chicago Rockford International Airport","country":"US","continent":"NA","rank":651,"status":"partial","dailyProxy":27,"capturedFlights":35,"estDaily":27}},{"type":"Feature","geometry":{"type":"Point","coordinates":[-77.319702,37.505199]},"properties":{"icao":"KRIC","iata":"RIC","name":"Richmond International Airport","country":"US","continent":"NA","rank":339,"status":"partial","dailyProxy":60,"capturedFlights":101,"estDaily":60}},{"type":"Feature","geometry":{"type":"Point","coordinates":[-107.726997,39.526299]},"properties":{"icao":"KRIL","iata":"RIL","name":"Garfield County Regional Airport","country":"US","continent":"NA","rank":null,"status":"partial","dailyProxy":11,"capturedFlights":11,"estDaily":null}},{"type":"Feature","geometry":{"type":"Point","coordinates":[-108.459999,43.064201]},"properties":{"icao":"KRIW","iata":"RIW","name":"Central Wyoming Regional Airport","country":"US","continent":"NA","rank":null,"status":"partial","dailyProxy":2,"capturedFlights":2,"estDaily":null}},{"type":"Feature","geometry":{"type":"Point","coordinates":[-69.099197,44.060101]},"properties":{"icao":"KRKD","iata":"RKD","name":"Knox County Regional Airport","country":"US","continent":"NA","rank":null,"status":"partial","dailyProxy":3,"capturedFlights":3,"estDaily":null}},{"type":"Feature","geometry":{"type":"Point","coordinates":[-109.065001,41.5942]},"properties":{"icao":"KRKS","iata":"RKS","name":"Southwest Wyoming Regional Airport","country":"US","continent":"NA","rank":null,"status":"partial","dailyProxy":3,"capturedFlights":3,"estDaily":null}},{"type":"Feature","geometry":{"type":"Point","coordinates":[-77.455498,38.398102]},"properties":{"icao":"KRMN","iata":"","name":"Stafford Regional Airport","country":"US","continent":"NA","rank":null,"status":"partial","dailyProxy":1,"capturedFlights":1,"estDaily":null}},{"type":"Feature","geometry":{"type":"Point","coordinates":[-119.767998,39.4991]},"properties":{"icao":"KRNO","iata":"RNO","name":"Reno Tahoe International Airport","country":"US","continent":"NA","rank":357,"status":"partial","dailyProxy":57,"capturedFlights":115,"estDaily":57}},{"type":"Feature","geometry":{"type":"Point","coordinates":[-122.216003418,47.4930992126]},"properties":{"icao":"KRNT","iata":"RNT","name":"Renton Municipal Airport","country":"US","continent":"NA","rank":null,"status":"partial","dailyProxy":1,"capturedFlights":1,"estDaily":null}},{"type":"Feature","geometry":{"type":"Point","coordinates":[-79.975403,37.3255]},"properties":{"icao":"KROA","iata":"ROA","name":"Roanoke–Blacksburg Regional Airport","country":"US","continent":"NA","rank":null,"status":"partial","dailyProxy":22,"capturedFlights":22,"estDaily":null}},{"type":"Feature","geometry":{"type":"Point","coordinates":[-77.672401,43.1189]},"properties":{"icao":"KROC","iata":"ROC","name":"Frederick Douglass Greater Rochester International Airport","country":"US","continent":"NA","rank":564,"status":"partial","dailyProxy":33,"capturedFlights":50,"estDaily":33}},{"type":"Feature","geometry":{"type":"Point","coordinates":[-104.530998,33.301601]},"properties":{"icao":"KROW","iata":"ROW","name":"Roswell Air Center Airport","country":"US","continent":"NA","rank":null,"status":"partial","dailyProxy":4,"capturedFlights":4,"estDaily":null}},{"type":"Feature","geometry":{"type":"Point","coordinates":[-92.5,43.908298]},"properties":{"icao":"KRST","iata":"RST","name":"Rochester International Airport","country":"US","continent":"NA","rank":null,"status":"partial","dailyProxy":4,"capturedFlights":4,"estDaily":null}},{"type":"Feature","geometry":{"type":"Point","coordinates":[-81.752816,26.534685]},"properties":{"icao":"KRSW","iata":"RSW","name":"Southwest Florida International Airport","country":"US","continent":"NA","rank":280,"status":"partial","dailyProxy":69,"capturedFlights":154,"estDaily":69}},{"type":"Feature","geometry":{"type":"Point","coordinates":[-72.9496,43.5294]},"properties":{"icao":"KRUT","iata":"RUT","name":"Rutland - Southern Vermont Regional Airport","country":"US","continent":"NA","rank":null,"status":"partial","dailyProxy":3,"capturedFlights":3,"estDaily":null}},{"type":"Feature","geometry":{"type":"Point","coordinates":[-84.59721,34.01316]},"properties":{"icao":"KRYY","iata":"","name":"Cobb County International Airport-McCollum Field","country":"US","continent":"NA","rank":null,"status":"partial","dailyProxy":1,"capturedFlights":1,"estDaily":null}},{"type":"Feature","geometry":{"type":"Point","coordinates":[-121.492996216,38.5125007629]},"properties":{"icao":"KSAC","iata":"SAC","name":"Sacramento Executive Airport","country":"US","continent":"NA","rank":null,"status":"partial","dailyProxy":1,"capturedFlights":1,"estDaily":null}},{"type":"Feature","geometry":{"type":"Point","coordinates":[-109.6350021,32.85480118]},"properties":{"icao":"KSAD","iata":"SAD","name":"Safford Regional Airport","country":"US","continent":"NA","rank":null,"status":"partial","dailyProxy":1,"capturedFlights":1,"estDaily":null}},{"type":"Feature","geometry":{"type":"Point","coordinates":[-106.088997,35.6171]},"properties":{"icao":"KSAF","iata":"SAF","name":"Santa Fe Municipal Airport","country":"US","continent":"NA","rank":null,"status":"partial","dailyProxy":10,"capturedFlights":10,"estDaily":null}},{"type":"Feature","geometry":{"type":"Point","coordinates":[-117.190002,32.733601]},"properties":{"icao":"KSAN","iata":"SAN","name":"San Diego International Airport","country":"US","continent":"NA","rank":31,"status":"partial","dailyProxy":201,"capturedFlights":568,"estDaily":201}},{"type":"Feature","geometry":{"type":"Point","coordinates":[-98.469803,29.533701]},"properties":{"icao":"KSAT","iata":"SAT","name":"San Antonio International Airport","country":"US","continent":"NA","rank":378,"status":"partial","dailyProxy":50,"capturedFlights":152,"estDaily":50}},{"type":"Feature","geometry":{"type":"Point","coordinates":[-81.19998,32.126591]},"properties":{"icao":"KSAV","iata":"SAV","name":"Savannah Hilton Head International Airport","country":"US","continent":"NA","rank":340,"status":"partial","dailyProxy":60,"capturedFlights":81,"estDaily":60}},{"type":"Feature","geometry":{"type":"Point","coordinates":[-87.395884,46.351498]},"properties":{"icao":"KSAW","iata":"MQT","name":"Marquette/Sawyer International Airport","country":"US","continent":"NA","rank":null,"status":"partial","dailyProxy":2,"capturedFlights":2,"estDaily":null}},{"type":"Feature","geometry":{"type":"Point","coordinates":[-119.839996,34.426201]},"properties":{"icao":"KSBA","iata":"SBA","name":"Santa Barbara Municipal Airport","country":"US","continent":"NA","rank":494,"status":"partial","dailyProxy":39,"capturedFlights":52,"estDaily":39}},{"type":"Feature","geometry":{"type":"Point","coordinates":[-117.236596,34.096717]},"properties":{"icao":"KSBD","iata":"SBD","name":"San Bernardino International Airport","country":"US","continent":"NA","rank":319,"status":"partial","dailyProxy":63,"capturedFlights":9,"estDaily":63}},{"type":"Feature","geometry":{"type":"Point","coordinates":[-86.316922,41.708304]},"properties":{"icao":"KSBN","iata":"SBN","name":"South Bend International Airport","country":"US","continent":"NA","rank":null,"status":"partial","dailyProxy":11,"capturedFlights":21,"estDaily":null}},{"type":"Feature","geometry":{"type":"Point","coordinates":[-120.641998291,35.236801147499996]},"properties":{"icao":"KSBP","iata":"SBP","name":"San Luis County Regional Airport","country":"US","continent":"NA","rank":723,"status":"partial","dailyProxy":23,"capturedFlights":32,"estDaily":23}},{"type":"Feature","geometry":{"type":"Point","coordinates":[-75.51029968261719,38.34049987792969]},"properties":{"icao":"KSBY","iata":"SBY","name":"Salisbury Ocean City Wicomico Regional Airport","country":"US","continent":"NA","rank":null,"status":"partial","dailyProxy":2,"capturedFlights":2,"estDaily":null}},{"type":"Feature","geometry":{"type":"Point","coordinates":[-121.238079,37.893279]},"properties":{"icao":"KSCK","iata":"SCK","name":"Stockton Metropolitan Airport","country":"US","continent":"NA","rank":null,"status":"partial","dailyProxy":3,"capturedFlights":3,"estDaily":null}},{"type":"Feature","geometry":{"type":"Point","coordinates":[-85.735076,38.1706]},"properties":{"icao":"KSDF","iata":"SDF","name":"Louisville Muhammad Ali International Airport","country":"US","continent":"NA","rank":69,"status":"partial","dailyProxy":129,"capturedFlights":246,"estDaily":129}},{"type":"Feature","geometry":{"type":"Point","coordinates":[-111.91100311279,33.622898101807]},"properties":{"icao":"KSDL","iata":"SCF","name":"Scottsdale Airport","country":"US","continent":"NA","rank":null,"status":"partial","dailyProxy":15,"capturedFlights":29,"estDaily":null}},{"type":"Feature","geometry":{"type":"Point","coordinates":[-116.980019,32.572639]},"properties":{"icao":"KSDM","iata":"SDM","name":"Brown Field Municipal Airport","country":"US","continent":"NA","rank":null,"status":"partial","dailyProxy":4,"capturedFlights":4,"estDaily":null}},{"type":"Feature","geometry":{"type":"Point","coordinates":[-122.310276,47.447943]},"properties":{"icao":"KSEA","iata":"SEA","name":"Seattle–Tacoma International Airport","country":"US","continent":"NA","rank":null,"status":"core-partial","dailyProxy":71,"capturedFlights":1063,"estDaily":null}},{"type":"Feature","geometry":{"type":"Point","coordinates":[-116.97200012207,32.826198577881]},"properties":{"icao":"KSEE","iata":"SEE","name":"Gillespie Field","country":"US","continent":"NA","rank":null,"status":"partial","dailyProxy":1,"capturedFlights":1,"estDaily":null}},{"type":"Feature","geometry":{"type":"Point","coordinates":[-81.234626,28.774277]},"properties":{"icao":"KSFB","iata":"SFB","name":"Orlando Sanford International Airport","country":"US","continent":"NA","rank":320,"status":"partial","dailyProxy":63,"capturedFlights":1,"estDaily":63}},{"type":"Feature","geometry":{"type":"Point","coordinates":[-122.374821,37.619806]},"properties":{"icao":"KSFO","iata":"SFO","name":"San Francisco International","country":"US","continent":"NA","rank":null,"status":"complete","dailyProxy":30,"capturedFlights":1516,"estDaily":null}},{"type":"Feature","geometry":{"type":"Point","coordinates":[-93.388596,37.245047]},"properties":{"icao":"KSGF","iata":"SGF","name":"Springfield Branson National Airport","country":"US","continent":"NA","rank":null,"status":"partial","dailyProxy":23,"capturedFlights":23,"estDaily":null}},{"type":"Feature","geometry":{"type":"Point","coordinates":[-81.339798,29.9592]},"properties":{"icao":"KSGJ","iata":"UST","name":"Northeast Florida Regional Airport","country":"US","continent":"NA","rank":null,"status":"partial","dailyProxy":2,"capturedFlights":2,"estDaily":null}},{"type":"Feature","geometry":{"type":"Point","coordinates":[-95.65650177002,29.622299194336]},"properties":{"icao":"KSGR","iata":"SGR","name":"Sugar Land Regional Airport","country":"US","continent":"NA","rank":null,"status":"partial","dailyProxy":1,"capturedFlights":1,"estDaily":null}},{"type":"Feature","geometry":{"type":"Point","coordinates":[-113.510306,37.036389]},"properties":{"icao":"KSGU","iata":"SGU","name":"St George Regional Airport","country":"US","continent":"NA","rank":null,"status":"partial","dailyProxy":16,"capturedFlights":16,"estDaily":null}},{"type":"Feature","geometry":{"type":"Point","coordinates":[-78.8964,38.263802]},"properties":{"icao":"KSHD","iata":"SHD","name":"Shenandoah Valley Regional Airport","country":"US","continent":"NA","rank":null,"status":"partial","dailyProxy":1,"capturedFlights":1,"estDaily":null}},{"type":"Feature","geometry":{"type":"Point","coordinates":[-106.9800033569336,44.76919937133789]},"properties":{"icao":"KSHR","iata":"SHR","name":"Sheridan County Airport","country":"US","continent":"NA","rank":null,"status":"partial","dailyProxy":2,"capturedFlights":2,"estDaily":null}},{"type":"Feature","geometry":{"type":"Point","coordinates":[-93.8256,32.446602]},"properties":{"icao":"KSHV","iata":"SHV","name":"Shreveport Regional Airport","country":"US","continent":"NA","rank":null,"status":"partial","dailyProxy":19,"capturedFlights":19,"estDaily":null}},{"type":"Feature","geometry":{"type":"Point","coordinates":[-121.929188,37.362452]},"properties":{"icao":"KSJC","iata":"SJC","name":"San Jose Mineta International","country":"US","continent":"NA","rank":null,"status":"complete","dailyProxy":98,"capturedFlights":293,"estDaily":null}},{"type":"Feature","geometry":{"type":"Point","coordinates":[-100.49600219726562,31.35770034790039]},"properties":{"icao":"KSJT","iata":"SJT","name":"San Angelo Regional Mathis Field","country":"US","continent":"NA","rank":null,"status":"partial","dailyProxy":2,"capturedFlights":2,"estDaily":null}},{"type":"Feature","geometry":{"type":"Point","coordinates":[-98.58110046,29.38419914]},"properties":{"icao":"KSKF","iata":"SKF","name":"Lackland Air Force Base","country":"US","continent":"NA","rank":null,"status":"partial","dailyProxy":1,"capturedFlights":1,"estDaily":null}},{"type":"Feature","geometry":{"type":"Point","coordinates":[-111.979866,40.78886]},"properties":{"icao":"KSLC","iata":"SLC","name":"Salt Lake City International Airport","country":"US","continent":"NA","rank":27,"status":"partial","dailyProxy":218,"capturedFlights":756,"estDaily":218}},{"type":"Feature","geometry":{"type":"Point","coordinates":[-74.204629,44.38691]},"properties":{"icao":"KSLK","iata":"SLK","name":"Adirondack Regional Airport","country":"US","continent":"NA","rank":null,"status":"partial","dailyProxy":3,"capturedFlights":3,"estDaily":null}},{"type":"Feature","geometry":{"type":"Point","coordinates":[-97.6521987915039,38.79100036621094]},"properties":{"icao":"KSLN","iata":"SLN","name":"Salina Municipal Airport","country":"US","continent":"NA","rank":null,"status":"partial","dailyProxy":1,"capturedFlights":1,"estDaily":null}},{"type":"Feature","geometry":{"type":"Point","coordinates":[-121.591003,38.6954]},"properties":{"icao":"KSMF","iata":"SMF","name":"Sacramento International Airport","country":"US","continent":"NA","rank":84,"status":"partial","dailyProxy":117,"capturedFlights":215,"estDaily":117}},{"type":"Feature","geometry":{"type":"Point","coordinates":[-118.450996,34.0158]},"properties":{"icao":"KSMO","iata":"SMO","name":"Santa Monica Municipal Airport","country":"US","continent":"NA","rank":null,"status":"partial","dailyProxy":4,"capturedFlights":4,"estDaily":null}},{"type":"Feature","geometry":{"type":"Point","coordinates":[-120.457001,34.898899]},"properties":{"icao":"KSMX","iata":"SMX","name":"Santa Maria Public Airport Captain G Allan Hancock Field","country":"US","continent":"NA","rank":null,"status":"partial","dailyProxy":5,"capturedFlights":10,"estDaily":null}},{"type":"Feature","geometry":{"type":"Point","coordinates":[-117.869281,33.675063]},"properties":{"icao":"KSNA","iata":"SNA","name":"John Wayne (Orange County)","country":"US","continent":"NA","rank":null,"status":"complete","dailyProxy":213,"capturedFlights":426,"estDaily":null}},{"type":"Feature","geometry":{"type":"Point","coordinates":[-110.007091,34.264062]},"properties":{"icao":"KSOW","iata":"SOW","name":"Show Low Regional Airport","country":"US","continent":"NA","rank":null,"status":"partial","dailyProxy":2,"capturedFlights":4,"estDaily":null}},{"type":"Feature","geometry":{"type":"Point","coordinates":[-81.956497192383,34.915699005127]},"properties":{"icao":"KSPA","iata":"SPA","name":"Spartanburg Downtown Memorial Airport","country":"US","continent":"NA","rank":null,"status":"partial","dailyProxy":1,"capturedFlights":1,"estDaily":null}},{"type":"Feature","geometry":{"type":"Point","coordinates":[-89.677902,39.844101]},"properties":{"icao":"KSPI","iata":"SPI","name":"Abraham Lincoln Capital Airport","country":"US","continent":"NA","rank":null,"status":"partial","dailyProxy":2,"capturedFlights":2,"estDaily":null}},{"type":"Feature","geometry":{"type":"Point","coordinates":[-98.491898,33.9888]},"properties":{"icao":"KSPS","iata":"SPS","name":"Wichita Falls Municipal Airport / Sheppard Air Force Base","country":"US","continent":"NA","rank":null,"status":"partial","dailyProxy":1,"capturedFlights":1,"estDaily":null}},{"type":"Feature","geometry":{"type":"Point","coordinates":[-122.250838,37.51313]},"properties":{"icao":"KSQL","iata":"SQL","name":"San Carlos Airport","country":"US","continent":"NA","rank":null,"status":"partial","dailyProxy":1,"capturedFlights":1,"estDaily":null}},{"type":"Feature","geometry":{"type":"Point","coordinates":[-82.554359,27.394631]},"properties":{"icao":"KSRQ","iata":"SRQ","name":"Sarasota Bradenton International Airport","country":"US","continent":"NA","rank":431,"status":"partial","dailyProxy":44,"capturedFlights":73,"estDaily":44}},{"type":"Feature","geometry":{"type":"Point","coordinates":[-90.370003,38.748697]},"properties":{"icao":"KSTL","iata":"STL","name":"St. Louis Lambert International Airport","country":"US","continent":"NA","rank":113,"status":"partial","dailyProxy":89,"capturedFlights":205,"estDaily":89}},{"type":"Feature","geometry":{"type":"Point","coordinates":[-122.8130035,38.50899887]},"properties":{"icao":"KSTS","iata":"STS","name":"Charles M. Schulz Sonoma County Airport","country":"US","continent":"NA","rank":null,"status":"partial","dailyProxy":18,"capturedFlights":18,"estDaily":null}},{"type":"Feature","geometry":{"type":"Point","coordinates":[-80.22109985,27.18169975]},"properties":{"icao":"KSUA","iata":"SUA","name":"Witham Field","country":"US","continent":"NA","rank":null,"status":"partial","dailyProxy":8,"capturedFlights":8,"estDaily":null}},{"type":"Feature","geometry":{"type":"Point","coordinates":[-114.2959976,43.50439835]},"properties":{"icao":"KSUN","iata":"SUN","name":"Friedman Memorial Airport","country":"US","continent":"NA","rank":null,"status":"partial","dailyProxy":18,"capturedFlights":18,"estDaily":null}},{"type":"Feature","geometry":{"type":"Point","coordinates":[-90.652,38.662102]},"properties":{"icao":"KSUS","iata":"SUS","name":"Spirit of St Louis Airport","country":"US","continent":"NA","rank":null,"status":"partial","dailyProxy":1,"capturedFlights":1,"estDaily":null}},{"type":"Feature","geometry":{"type":"Point","coordinates":[-121.927002,38.262699]},"properties":{"icao":"KSUU","iata":"SUU","name":"Travis Air Force Base","country":"US","continent":"NA","rank":null,"status":"partial","dailyProxy":1,"capturedFlights":1,"estDaily":null}},{"type":"Feature","geometry":{"type":"Point","coordinates":[-96.382237,42.397605]},"properties":{"icao":"KSUX","iata":"SUX","name":"Sioux Gateway Airport / Brigadier General Bud Day Field","country":"US","continent":"NA","rank":null,"status":"partial","dailyProxy":2,"capturedFlights":2,"estDaily":null}},{"type":"Feature","geometry":{"type":"Point","coordinates":[-74.108901,41.50421]},"properties":{"icao":"KSWF","iata":"SWF","name":"New York Stewart International Airport","country":"US","continent":"NA","rank":null,"status":"partial","dailyProxy":1,"capturedFlights":1,"estDaily":null}},{"type":"Feature","geometry":{"type":"Point","coordinates":[-97.085581,36.162132]},"properties":{"icao":"KSWO","iata":"SWO","name":"Stillwater Regional Airport","country":"US","continent":"NA","rank":null,"status":"partial","dailyProxy":2,"capturedFlights":2,"estDaily":null}},{"type":"Feature","geometry":{"type":"Point","coordinates":[-76.1063003540039,43.11119842529297]},"properties":{"icao":"KSYR","iata":"SYR","name":"Syracuse Hancock International Airport","country":"US","continent":"NA","rank":486,"status":"partial","dailyProxy":39,"capturedFlights":61,"estDaily":39}},{"type":"Feature","geometry":{"type":"Point","coordinates":[-116.559998,48.2995]},"properties":{"icao":"KSZT","iata":"","name":"Sandpoint Airport","country":"US","continent":"NA","rank":null,"status":"partial","dailyProxy":1,"capturedFlights":1,"estDaily":null}},{"type":"Feature","geometry":{"type":"Point","coordinates":[-104.341003418,37.2593994141]},"properties":{"icao":"KTAD","iata":"TAD","name":"Perry Stokes Airport","country":"US","continent":"NA","rank":null,"status":"partial","dailyProxy":1,"capturedFlights":1,"estDaily":null}},{"type":"Feature","geometry":{"type":"Point","coordinates":[-92.140701,37.7416]},"properties":{"icao":"KTBN","iata":"TBN","name":"Waynesville-St. Robert Regional Airport-Forney Field","country":"US","continent":"NA","rank":null,"status":"partial","dailyProxy":1,"capturedFlights":1,"estDaily":null}},{"type":"Feature","geometry":{"type":"Point","coordinates":[-74.060799,40.850101]},"properties":{"icao":"KTEB","iata":"TEB","name":"Teterboro Airport","country":"US","continent":"NA","rank":686,"status":"partial","dailyProxy":24,"capturedFlights":47,"estDaily":24}},{"type":"Feature","geometry":{"type":"Point","coordinates":[-107.907997,37.9538]},"properties":{"icao":"KTEX","iata":"TEX","name":"Telluride Regional Airport","country":"US","continent":"NA","rank":null,"status":"partial","dailyProxy":1,"capturedFlights":1,"estDaily":null}},{"type":"Feature","geometry":{"type":"Point","coordinates":[-84.35433,30.401209]},"properties":{"icao":"KTLH","iata":"TLH","name":"Tallahassee International Airport","country":"US","continent":"NA","rank":null,"status":"partial","dailyProxy":25,"capturedFlights":25,"estDaily":null}},{"type":"Feature","geometry":{"type":"Point","coordinates":[-80.4328,25.6479]},"properties":{"icao":"KTMB","iata":"TMB","name":"Miami Executive Airport","country":"US","continent":"NA","rank":null,"status":"partial","dailyProxy":4,"capturedFlights":4,"estDaily":null}},{"type":"Feature","geometry":{"type":"Point","coordinates":[-116.78099823,37.7988014221]},"properties":{"icao":"KTNX","iata":"XSD","name":"Tonopah Test Range Airport","country":"US","continent":"NA","rank":null,"status":"partial","dailyProxy":4,"capturedFlights":4,"estDaily":null}},{"type":"Feature","geometry":{"type":"Point","coordinates":[-82.533203,27.9755]},"properties":{"icao":"KTPA","iata":"TPA","name":"Tampa International Airport","country":"US","continent":"NA","rank":51,"status":"partial","dailyProxy":144,"capturedFlights":265,"estDaily":144}},{"type":"Feature","geometry":{"type":"Point","coordinates":[-82.407401,36.475201]},"properties":{"icao":"KTRI","iata":"TRI","name":"Tri-Cities Regional TN/VA Airport","country":"US","continent":"NA","rank":null,"status":"partial","dailyProxy":15,"capturedFlights":15,"estDaily":null}},{"type":"Feature","geometry":{"type":"Point","coordinates":[-116.16000366211,33.62670135498]},"properties":{"icao":"KTRM","iata":"TRM","name":"Jacqueline Cochran Regional Airport","country":"US","continent":"NA","rank":null,"status":"partial","dailyProxy":10,"capturedFlights":10,"estDaily":null}},{"type":"Feature","geometry":{"type":"Point","coordinates":[-74.813499,40.276699]},"properties":{"icao":"KTTN","iata":"TTN","name":"Trenton Mercer Airport","country":"US","continent":"NA","rank":null,"status":"partial","dailyProxy":1,"capturedFlights":1,"estDaily":null}},{"type":"Feature","geometry":{"type":"Point","coordinates":[-95.886225,36.197084]},"properties":{"icao":"KTUL","iata":"TUL","name":"Tulsa International Airport","country":"US","continent":"NA","rank":639,"status":"partial","dailyProxy":27,"capturedFlights":78,"estDaily":27}},{"type":"Feature","geometry":{"type":"Point","coordinates":[-88.7698974609375,34.26810073852539]},"properties":{"icao":"KTUP","iata":"TUP","name":"Tupelo Regional Airport","country":"US","continent":"NA","rank":null,"status":"partial","dailyProxy":1,"capturedFlights":1,"estDaily":null}},{"type":"Feature","geometry":{"type":"Point","coordinates":[-110.938053,32.115004]},"properties":{"icao":"KTUS","iata":"TUS","name":"Tucson International Airport","country":"US","continent":"NA","rank":487,"status":"partial","dailyProxy":39,"capturedFlights":103,"estDaily":39}},{"type":"Feature","geometry":{"type":"Point","coordinates":[-85.582199,44.741402]},"properties":{"icao":"KTVC","iata":"TVC","name":"Cherry Capital Airport","country":"US","continent":"NA","rank":null,"status":"partial","dailyProxy":6,"capturedFlights":11,"estDaily":null}},{"type":"Feature","geometry":{"type":"Point","coordinates":[-83.881301879883,30.901599884033]},"properties":{"icao":"KTVI","iata":"TVI","name":"Thomasville Regional Airport","country":"US","continent":"NA","rank":null,"status":"partial","dailyProxy":1,"capturedFlights":1,"estDaily":null}},{"type":"Feature","geometry":{"type":"Point","coordinates":[-114.487999,42.4818]},"properties":{"icao":"KTWF","iata":"TWF","name":"Joslin Field Magic Valley Regional Airport","country":"US","continent":"NA","rank":null,"status":"partial","dailyProxy":2,"capturedFlights":2,"estDaily":null}},{"type":"Feature","geometry":{"type":"Point","coordinates":[-93.990997,33.453701]},"properties":{"icao":"KTXK","iata":"TXK","name":"Texarkana Regional Airport (Webb Field)","country":"US","continent":"NA","rank":null,"status":"partial","dailyProxy":1,"capturedFlights":2,"estDaily":null}},{"type":"Feature","geometry":{"type":"Point","coordinates":[-95.40239715576172,32.35409927368164]},"properties":{"icao":"KTYR","iata":"TYR","name":"Tyler Pounds Regional Airport","country":"US","continent":"NA","rank":null,"status":"partial","dailyProxy":3,"capturedFlights":3,"estDaily":null}},{"type":"Feature","geometry":{"type":"Point","coordinates":[-83.994003,35.811001]},"properties":{"icao":"KTYS","iata":"TYS","name":"McGhee Tyson Airport","country":"US","continent":"NA","rank":521,"status":"partial","dailyProxy":36,"capturedFlights":72,"estDaily":36}},{"type":"Feature","geometry":{"type":"Point","coordinates":[-122.7699966430664,45.247100830078125]},"properties":{"icao":"KUAO","iata":"","name":"Aurora State Airport","country":"US","continent":"NA","rank":null,"status":"partial","dailyProxy":1,"capturedFlights":1,"estDaily":null}},{"type":"Feature","geometry":{"type":"Point","coordinates":[-88.237098693848,43.041000366211]},"properties":{"icao":"KUES","iata":"UES","name":"Waukesha County Airport","country":"US","continent":"NA","rank":null,"status":"partial","dailyProxy":1,"capturedFlights":1,"estDaily":null}},{"type":"Feature","geometry":{"type":"Point","coordinates":[-87.867897033691,42.422199249268]},"properties":{"icao":"KUGN","iata":"UGN","name":"Waukegan National Airport","country":"US","continent":"NA","rank":null,"status":"partial","dailyProxy":1,"capturedFlights":1,"estDaily":null}},{"type":"Feature","geometry":{"type":"Point","coordinates":[-91.194603,39.942699]},"properties":{"icao":"KUIN","iata":"UIN","name":"Quincy Regional Airport Baldwin Field","country":"US","continent":"NA","rank":null,"status":"partial","dailyProxy":1,"capturedFlights":1,"estDaily":null}},{"type":"Feature","geometry":{"type":"Point","coordinates":[-123.200996,39.125999]},"properties":{"icao":"KUKI","iata":"UKI","name":"Ukiah Municipal Airport","country":"US","continent":"NA","rank":null,"status":"partial","dailyProxy":1,"capturedFlights":1,"estDaily":null}},{"type":"Feature","geometry":{"type":"Point","coordinates":[-77.84852,40.849374]},"properties":{"icao":"KUNV","iata":"SCE","name":"State College Regional Airport","country":"US","continent":"NA","rank":null,"status":"partial","dailyProxy":3,"capturedFlights":3,"estDaily":null}},{"type":"Feature","geometry":{"type":"Point","coordinates":[-89.536796569824,34.384300231934]},"properties":{"icao":"KUOX","iata":"UOX","name":"University Oxford Airport","country":"US","continent":"NA","rank":null,"status":"partial","dailyProxy":2,"capturedFlights":2,"estDaily":null}},{"type":"Feature","geometry":{"type":"Point","coordinates":[-96.91850280761719,28.85260009765625]},"properties":{"icao":"KVCT","iata":"VCT","name":"Victoria Regional Airport","country":"US","continent":"NA","rank":null,"status":"partial","dailyProxy":2,"capturedFlights":2,"estDaily":null}},{"type":"Feature","geometry":{"type":"Point","coordinates":[-117.383003235,34.597499847399995]},"properties":{"icao":"KVCV","iata":"VCV","name":"Southern California Logistics Airport","country":"US","continent":"NA","rank":null,"status":"partial","dailyProxy":1,"capturedFlights":1,"estDaily":null}},{"type":"Feature","geometry":{"type":"Point","coordinates":[-109.511661,40.436214]},"properties":{"icao":"KVEL","iata":"VEL","name":"Vernal Regional Airport","country":"US","continent":"NA","rank":null,"status":"partial","dailyProxy":2,"capturedFlights":2,"estDaily":null}},{"type":"Feature","geometry":{"type":"Point","coordinates":[-119.392998,36.318699]},"properties":{"icao":"KVIS","iata":"VIS","name":"Visalia Municipal Airport","country":"US","continent":"NA","rank":null,"status":"partial","dailyProxy":8,"capturedFlights":8,"estDaily":null}},{"type":"Feature","geometry":{"type":"Point","coordinates":[-83.27670288085938,30.782499313354492]},"properties":{"icao":"KVLD","iata":"VLD","name":"Valdosta Regional Airport","country":"US","continent":"NA","rank":null,"status":"partial","dailyProxy":7,"capturedFlights":7,"estDaily":null}},{"type":"Feature","geometry":{"type":"Point","coordinates":[-118.489998,34.209801]},"properties":{"icao":"KVNY","iata":"VNY","name":"Van Nuys Airport","country":"US","continent":"NA","rank":null,"status":"partial","dailyProxy":12,"capturedFlights":12,"estDaily":null}},{"type":"Feature","geometry":{"type":"Point","coordinates":[-86.515839,30.481315]},"properties":{"icao":"KVPS","iata":"VPS","name":"Destin-Fort Walton Beach Airport","country":"US","continent":"NA","rank":null,"status":"partial","dailyProxy":11,"capturedFlights":21,"estDaily":null}},{"type":"Feature","geometry":{"type":"Point","coordinates":[-81.876701,30.2187]},"properties":{"icao":"KVQQ","iata":"VQQ","name":"Cecil Airport","country":"US","continent":"NA","rank":null,"status":"partial","dailyProxy":1,"capturedFlights":1,"estDaily":null}},{"type":"Feature","geometry":{"type":"Point","coordinates":[-80.417901,27.6556]},"properties":{"icao":"KVRB","iata":"VRB","name":"Vero Beach Regional Airport","country":"US","continent":"NA","rank":null,"status":"partial","dailyProxy":3,"capturedFlights":5,"estDaily":null}},{"type":"Feature","geometry":{"type":"Point","coordinates":[-118.413002,34.2593]},"properties":{"icao":"KWHP","iata":"WHP","name":"Whiteman Airport","country":"US","continent":"NA","rank":null,"status":"partial","dailyProxy":2,"capturedFlights":2,"estDaily":null}},{"type":"Feature","geometry":{"type":"Point","coordinates":[-118.219002,34.7411]},"properties":{"icao":"KWJF","iata":"WJF","name":"General William J Fox Airfield","country":"US","continent":"NA","rank":null,"status":"partial","dailyProxy":1,"capturedFlights":2,"estDaily":null}},{"type":"Feature","geometry":{"type":"Point","coordinates":[-74.59169769,40.0155983]},"properties":{"icao":"KWRI","iata":"WRI","name":"Mc Guire Air Force Base","country":"US","continent":"NA","rank":null,"status":"partial","dailyProxy":1,"capturedFlights":1,"estDaily":null}},{"type":"Feature","geometry":{"type":"Point","coordinates":[-121.790000916,36.9356994629]},"properties":{"icao":"KWVI","iata":"WVI","name":"Watsonville Municipal Airport","country":"US","continent":"NA","rank":null,"status":"partial","dailyProxy":1,"capturedFlights":1,"estDaily":null}},{"type":"Feature","geometry":{"type":"Point","coordinates":[-82.37449646,28.2213001251]},"properties":{"icao":"KX39","iata":"KYO","name":"Tampa North Aero Park Airport","country":"US","continent":"NA","rank":null,"status":"partial","dailyProxy":1,"capturedFlights":1,"estDaily":null}},{"type":"Feature","geometry":{"type":"Point","coordinates":[-94.306801,36.281898]},"properties":{"icao":"KXNA","iata":"XNA","name":"Northwest Arkansas National Airport","country":"US","continent":"NA","rank":582,"status":"partial","dailyProxy":32,"capturedFlights":83,"estDaily":32}},{"type":"Feature","geometry":{"type":"Point","coordinates":[-103.75116,48.260863]},"properties":{"icao":"KXWA","iata":"XWA","name":"Williston Basin International Airport","country":"US","continent":"NA","rank":null,"status":"partial","dailyProxy":3,"capturedFlights":3,"estDaily":null}},{"type":"Feature","geometry":{"type":"Point","coordinates":[-83.530403,42.2379]},"properties":{"icao":"KYIP","iata":"YIP","name":"Willow Run Airport","country":"US","continent":"NA","rank":null,"status":"partial","dailyProxy":1,"capturedFlights":1,"estDaily":null}},{"type":"Feature","geometry":{"type":"Point","coordinates":[-120.5439987,46.56819916]},"properties":{"icao":"KYKM","iata":"YKM","name":"Yakima Air Terminal McAllister Field","country":"US","continent":"NA","rank":null,"status":"partial","dailyProxy":4,"capturedFlights":4,"estDaily":null}},{"type":"Feature","geometry":{"type":"Point","coordinates":[-80.67910004,41.26070023]},"properties":{"icao":"KYNG","iata":"YNG","name":"Youngstown Warren Regional Airport","country":"US","continent":"NA","rank":null,"status":"partial","dailyProxy":1,"capturedFlights":1,"estDaily":null}},{"type":"Feature","geometry":{"type":"Point","coordinates":[19.7206,41.4147]},"properties":{"icao":"LATI","iata":"TIA","name":"Tirana International Airport Mother Teresa","country":"AL","continent":"EU","rank":497,"status":"partial","dailyProxy":38,"capturedFlights":38,"estDaily":38}},{"type":"Feature","geometry":{"type":"Point","coordinates":[24.8508,42.067799]},"properties":{"icao":"LBPD","iata":"PDV","name":"Plovdiv International Airport","country":"BG","continent":"EU","rank":380,"status":"partial","dailyProxy":50,"capturedFlights":4,"estDaily":50}},{"type":"Feature","geometry":{"type":"Point","coordinates":[23.417671,42.696357]},"properties":{"icao":"LBSF","iata":"SOF","name":"Sofia Airport","country":"BG","continent":"EU","rank":265,"status":"partial","dailyProxy":75,"capturedFlights":70,"estDaily":75}},{"type":"Feature","geometry":{"type":"Point","coordinates":[27.8251,43.232101]},"properties":{"icao":"LBWN","iata":"VAR","name":"Varna Airport","country":"BG","continent":"EU","rank":381,"status":"partial","dailyProxy":50,"capturedFlights":2,"estDaily":50}},{"type":"Feature","geometry":{"type":"Point","coordinates":[33.507352,35.153064]},"properties":{"icao":"LCEN","iata":"ECN","name":"Ercan International Airport","country":"CY","continent":"AS","rank":758,"status":"partial","dailyProxy":21,"capturedFlights":14,"estDaily":21}},{"type":"Feature","geometry":{"type":"Point","coordinates":[33.624901,34.875099]},"properties":{"icao":"LCLK","iata":"LCA","name":"Larnaca International Airport","country":"CY","continent":"AS","rank":498,"status":"partial","dailyProxy":38,"capturedFlights":71,"estDaily":38}},{"type":"Feature","geometry":{"type":"Point","coordinates":[32.485699,34.717999]},"properties":{"icao":"LCPH","iata":"PFO","name":"Paphos International Airport","country":"CY","continent":"AS","rank":null,"status":"partial","dailyProxy":9,"capturedFlights":9,"estDaily":null}},{"type":"Feature","geometry":{"type":"Point","coordinates":[18.265543,42.562247]},"properties":{"icao":"LDDU","iata":"DBV","name":"Dubrovnik Ruđer Bošković Airport","country":"HR","continent":"EU","rank":488,"status":"partial","dailyProxy":39,"capturedFlights":1,"estDaily":39}},{"type":"Feature","geometry":{"type":"Point","coordinates":[13.9222,44.893501]},"properties":{"icao":"LDPL","iata":"PUY","name":"Pula Airport","country":"HR","continent":"EU","rank":489,"status":"partial","dailyProxy":39,"capturedFlights":1,"estDaily":39}},{"type":"Feature","geometry":{"type":"Point","coordinates":[14.57085,45.216376]},"properties":{"icao":"LDRI","iata":"RJK","name":"Rijeka Airport","country":"HR","continent":"EU","rank":490,"status":"partial","dailyProxy":39,"capturedFlights":1,"estDaily":39}},{"type":"Feature","geometry":{"type":"Point","coordinates":[16.298,43.538898]},"properties":{"icao":"LDSP","iata":"SPU","name":"Split Saint Jerome Airport","country":"HR","continent":"EU","rank":491,"status":"partial","dailyProxy":39,"capturedFlights":2,"estDaily":39}},{"type":"Feature","geometry":{"type":"Point","coordinates":[16.0688,45.742901]},"properties":{"icao":"LDZA","iata":"ZAG","name":"Zagreb Franjo Tuđman International Airport","country":"HR","continent":"EU","rank":348,"status":"partial","dailyProxy":59,"capturedFlights":46,"estDaily":59}},{"type":"Feature","geometry":{"type":"Point","coordinates":[-0.558156,38.2822]},"properties":{"icao":"LEAL","iata":"ALC","name":"Alicante-Elche Miguel Hernández Airport","country":"ES","continent":"EU","rank":192,"status":"partial","dailyProxy":80,"capturedFlights":67,"estDaily":80}},{"type":"Feature","geometry":{"type":"Point","coordinates":[-2.3701,36.843899]},"properties":{"icao":"LEAM","iata":"LEI","name":"Almería Airport","country":"ES","continent":"EU","rank":null,"status":"partial","dailyProxy":9,"capturedFlights":9,"estDaily":null}},{"type":"Feature","geometry":{"type":"Point","coordinates":[-6.03462,43.563599]},"properties":{"icao":"LEAS","iata":"OVD","name":"Asturias Airport","country":"ES","continent":"EU","rank":null,"status":"partial","dailyProxy":12,"capturedFlights":12,"estDaily":null}},{"type":"Feature","geometry":{"type":"Point","coordinates":[-2.91061,43.301102]},"properties":{"icao":"LEBB","iata":"BIO","name":"Bilbao Airport","country":"ES","continent":"EU","rank":349,"status":"partial","dailyProxy":59,"capturedFlights":39,"estDaily":59}},{"type":"Feature","geometry":{"type":"Point","coordinates":[2.07846,41.2971]},"properties":{"icao":"LEBL","iata":"BCN","name":"Josep Tarradellas Barcelona-El Prat Airport","country":"ES","continent":"EU","rank":null,"status":"core-partial","dailyProxy":49,"capturedFlights":246,"estDaily":null}},{"type":"Feature","geometry":{"type":"Point","coordinates":[-6.82133,38.8913]},"properties":{"icao":"LEBZ","iata":"BJZ","name":"Badajoz Airport","country":"ES","continent":"EU","rank":null,"status":"partial","dailyProxy":5,"capturedFlights":5,"estDaily":null}},{"type":"Feature","geometry":{"type":"Point","coordinates":[-8.37726,43.302101]},"properties":{"icao":"LECO","iata":"LCG","name":"A Coruña Airport","country":"ES","continent":"EU","rank":687,"status":"partial","dailyProxy":24,"capturedFlights":16,"estDaily":24}},{"type":"Feature","geometry":{"type":"Point","coordinates":[0.535023,41.728185]},"properties":{"icao":"LEDA","iata":"ILD","name":"Lleida-Alguaire Airport","country":"ES","continent":"EU","rank":null,"status":"partial","dailyProxy":3,"capturedFlights":3,"estDaily":null}},{"type":"Feature","geometry":{"type":"Point","coordinates":[2.761774,41.904639]},"properties":{"icao":"LEGE","iata":"GRO","name":"Girona-Costa Brava Airport","country":"ES","continent":"EU","rank":447,"status":"partial","dailyProxy":42,"capturedFlights":2,"estDaily":42}},{"type":"Feature","geometry":{"type":"Point","coordinates":[-3.77736,37.188702]},"properties":{"icao":"LEGR","iata":"GRX","name":"F.G.L. Airport Granada-Jaén Airport","country":"ES","continent":"EU","rank":null,"status":"partial","dailyProxy":4,"capturedFlights":4,"estDaily":null}},{"type":"Feature","geometry":{"type":"Point","coordinates":[1.37312,38.872898]},"properties":{"icao":"LEIB","iata":"IBZ","name":"Ibiza Airport","country":"ES","continent":"EU","rank":null,"status":"partial","dailyProxy":11,"capturedFlights":11,"estDaily":null}},{"type":"Feature","geometry":{"type":"Point","coordinates":[-6.06011,36.744598]},"properties":{"icao":"LEJR","iata":"XRY","name":"Jerez Airport","country":"ES","continent":"EU","rank":null,"status":"partial","dailyProxy":4,"capturedFlights":8,"estDaily":null}},{"type":"Feature","geometry":{"type":"Point","coordinates":[-3.572249,40.493407]},"properties":{"icao":"LEMD","iata":"MAD","name":"Madrid Barajas","country":"ES","continent":"EU","rank":null,"status":"complete","dailyProxy":222,"capturedFlights":1112,"estDaily":null}},{"type":"Feature","geometry":{"type":"Point","coordinates":[-4.49911,36.6749]},"properties":{"icao":"LEMG","iata":"AGP","name":"Málaga-Costa del Sol Airport","country":"ES","continent":"EU","rank":70,"status":"partial","dailyProxy":129,"capturedFlights":103,"estDaily":129}},{"type":"Feature","geometry":{"type":"Point","coordinates":[4.21865,39.862598]},"properties":{"icao":"LEMH","iata":"MAH","name":"Menorca Airport","country":"ES","continent":"EU","rank":null,"status":"partial","dailyProxy":6,"capturedFlights":6,"estDaily":null}},{"type":"Feature","geometry":{"type":"Point","coordinates":[-1.124884,37.802852]},"properties":{"icao":"LEMI","iata":"RMU","name":"Region of Murcia International Airport","country":"ES","continent":"EU","rank":448,"status":"partial","dailyProxy":42,"capturedFlights":4,"estDaily":42}},{"type":"Feature","geometry":{"type":"Point","coordinates":[2.73881,39.551701]},"properties":{"icao":"LEPA","iata":"PMI","name":"Palma de Mallorca Airport","country":"ES","continent":"EU","rank":271,"status":"partial","dailyProxy":74,"capturedFlights":58,"estDaily":74}},{"type":"Feature","geometry":{"type":"Point","coordinates":[-1.64633,42.77]},"properties":{"icao":"LEPP","iata":"PNA","name":"Pamplona Airport","country":"ES","continent":"EU","rank":null,"status":"partial","dailyProxy":6,"capturedFlights":6,"estDaily":null}},{"type":"Feature","geometry":{"type":"Point","coordinates":[1.168354,41.147509]},"properties":{"icao":"LERS","iata":"REU","name":"Reus Airport","country":"ES","continent":"EU","rank":449,"status":"partial","dailyProxy":42,"capturedFlights":1,"estDaily":42}},{"type":"Feature","geometry":{"type":"Point","coordinates":[-5.50199,40.952099]},"properties":{"icao":"LESA","iata":"SLM","name":"Salamanca Airport","country":"ES","continent":"EU","rank":null,"status":"partial","dailyProxy":1,"capturedFlights":1,"estDaily":null}},{"type":"Feature","geometry":{"type":"Point","coordinates":[-1.79061,43.356499]},"properties":{"icao":"LESO","iata":"EAS","name":"San Sebastián Airport","country":"ES","continent":"EU","rank":null,"status":"partial","dailyProxy":5,"capturedFlights":5,"estDaily":null}},{"type":"Feature","geometry":{"type":"Point","coordinates":[-8.41514,42.896301]},"properties":{"icao":"LEST","iata":"SCQ","name":"Santiago-Rosalía de Castro Airport","country":"ES","continent":"EU","rank":null,"status":"partial","dailyProxy":5,"capturedFlights":9,"estDaily":null}},{"type":"Feature","geometry":{"type":"Point","coordinates":[-1.217366,40.410269]},"properties":{"icao":"LETL","iata":"TEV","name":"Teruel Airport","country":"ES","continent":"EU","rank":null,"status":"partial","dailyProxy":1,"capturedFlights":1,"estDaily":null}},{"type":"Feature","geometry":{"type":"Point","coordinates":[-3.456808,40.487875]},"properties":{"icao":"LETO","iata":"TOJ","name":"Madrid–Torrejón Airport / Torrejón Air Base","country":"ES","continent":"EU","rank":null,"status":"partial","dailyProxy":1,"capturedFlights":1,"estDaily":null}},{"type":"Feature","geometry":{"type":"Point","coordinates":[-0.480961,39.489162]},"properties":{"icao":"LEVC","iata":"VLC","name":"Valencia Airport","country":"ES","continent":"EU","rank":258,"status":"partial","dailyProxy":77,"capturedFlights":53,"estDaily":77}},{"type":"Feature","geometry":{"type":"Point","coordinates":[-4.85194,41.7061]},"properties":{"icao":"LEVD","iata":"VLL","name":"Valladolid Airport","country":"ES","continent":"EU","rank":null,"status":"partial","dailyProxy":1,"capturedFlights":1,"estDaily":null}},{"type":"Feature","geometry":{"type":"Point","coordinates":[-2.72447,42.882801]},"properties":{"icao":"LEVT","iata":"VIT","name":"Vitoria Airport","country":"ES","continent":"EU","rank":null,"status":"partial","dailyProxy":2,"capturedFlights":2,"estDaily":null}},{"type":"Feature","geometry":{"type":"Point","coordinates":[-8.62677,42.2318]},"properties":{"icao":"LEVX","iata":"VGO","name":"Vigo Airport","country":"ES","continent":"EU","rank":688,"status":"partial","dailyProxy":24,"capturedFlights":16,"estDaily":24}},{"type":"Feature","geometry":{"type":"Point","coordinates":[-3.82001,43.427101]},"properties":{"icao":"LEXJ","iata":"SDR","name":"Seve Ballesteros-Santander Airport","country":"ES","continent":"EU","rank":null,"status":"partial","dailyProxy":6,"capturedFlights":6,"estDaily":null}},{"type":"Feature","geometry":{"type":"Point","coordinates":[-1.04155,41.666199]},"properties":{"icao":"LEZG","iata":"ZAZ","name":"Zaragoza Airport","country":"ES","continent":"EU","rank":null,"status":"partial","dailyProxy":8,"capturedFlights":8,"estDaily":null}},{"type":"Feature","geometry":{"type":"Point","coordinates":[-5.89311,37.417999]},"properties":{"icao":"LEZL","iata":"SVQ","name":"Seville Airport","country":"ES","continent":"EU","rank":312,"status":"partial","dailyProxy":65,"capturedFlights":44,"estDaily":65}},{"type":"Feature","geometry":{"type":"Point","coordinates":[1.621656,50.518284]},"properties":{"icao":"LFAT","iata":"LTQ","name":"Le Touquet-Côte d'Opale Airport","country":"FR","continent":"EU","rank":null,"status":"partial","dailyProxy":2,"capturedFlights":4,"estDaily":null}},{"type":"Feature","geometry":{"type":"Point","coordinates":[-0.715356,44.82865]},"properties":{"icao":"LFBD","iata":"BOD","name":"Bordeaux–Mérignac Airport","country":"FR","continent":"EU","rank":426,"status":"partial","dailyProxy":45,"capturedFlights":33,"estDaily":45}},{"type":"Feature","geometry":{"type":"Point","coordinates":[1.36382,43.629101]},"properties":{"icao":"LFBO","iata":"TLS","name":"Toulouse-Blagnac Airport","country":"FR","continent":"EU","rank":71,"status":"partial","dailyProxy":129,"capturedFlights":93,"estDaily":129}},{"type":"Feature","geometry":{"type":"Point","coordinates":[-0.418611,43.380001]},"properties":{"icao":"LFBP","iata":"PUF","name":"Pau Pyrénées Airport","country":"FR","continent":"EU","rank":null,"status":"partial","dailyProxy":12,"capturedFlights":12,"estDaily":null}},{"type":"Feature","geometry":{"type":"Point","coordinates":[-0.006439,43.178699]},"properties":{"icao":"LFBT","iata":"LDE","name":"Tarbes-Lourdes-Pyrénées Airport","country":"FR","continent":"EU","rank":null,"status":"partial","dailyProxy":6,"capturedFlights":6,"estDaily":null}},{"type":"Feature","geometry":{"type":"Point","coordinates":[-1.523223,43.468372]},"properties":{"icao":"LFBZ","iata":"BIQ","name":"Biarritz Pays Basque airport","country":"FR","continent":"EU","rank":null,"status":"partial","dailyProxy":10,"capturedFlights":10,"estDaily":null}},{"type":"Feature","geometry":{"type":"Point","coordinates":[2.28918,43.556301]},"properties":{"icao":"LFCK","iata":"DCM","name":"Castres Mazamet Airport","country":"FR","continent":"EU","rank":null,"status":"partial","dailyProxy":4,"capturedFlights":4,"estDaily":null}},{"type":"Feature","geometry":{"type":"Point","coordinates":[2.48267,44.407902]},"properties":{"icao":"LFCR","iata":"RDZ","name":"Rodez–Aveyron Airport","country":"FR","continent":"EU","rank":null,"status":"partial","dailyProxy":4,"capturedFlights":4,"estDaily":null}},{"type":"Feature","geometry":{"type":"Point","coordinates":[-0.983056,45.887798]},"properties":{"icao":"LFDN","iata":"RCO","name":"Rochefort-Saint-Agnant (BA 721) Airport","country":"FR","continent":"EU","rank":null,"status":"partial","dailyProxy":1,"capturedFlights":1,"estDaily":null}},{"type":"Feature","geometry":{"type":"Point","coordinates":[3.76289,45.0807]},"properties":{"icao":"LFHP","iata":"LPY","name":"Le Puy-Loudes Airfield","country":"FR","continent":"EU","rank":null,"status":"partial","dailyProxy":2,"capturedFlights":2,"estDaily":null}},{"type":"Feature","geometry":{"type":"Point","coordinates":[9.48373,42.5527]},"properties":{"icao":"LFKB","iata":"BIA","name":"Bastia-Poretta International airport","country":"FR","continent":"EU","rank":null,"status":"partial","dailyProxy":6,"capturedFlights":6,"estDaily":null}},{"type":"Feature","geometry":{"type":"Point","coordinates":[8.792984,42.530422]},"properties":{"icao":"LFKC","iata":"CLY","name":"Calvi Sainte Catherine Airport","country":"FR","continent":"EU","rank":null,"status":"partial","dailyProxy":2,"capturedFlights":2,"estDaily":null}},{"type":"Feature","geometry":{"type":"Point","coordinates":[9.097092,41.50185]},"properties":{"icao":"LFKF","iata":"FSC","name":"Figari Sud-Corse Airport","country":"FR","continent":"EU","rank":361,"status":"partial","dailyProxy":56,"capturedFlights":2,"estDaily":56}},{"type":"Feature","geometry":{"type":"Point","coordinates":[8.80292,41.923599]},"properties":{"icao":"LFKJ","iata":"AJA","name":"Ajaccio Napoléon Bonaparte airport","country":"FR","continent":"EU","rank":null,"status":"partial","dailyProxy":6,"capturedFlights":6,"estDaily":null}},{"type":"Feature","geometry":{"type":"Point","coordinates":[5.88023,45.6381]},"properties":{"icao":"LFLB","iata":"CMF","name":"Chambéry Aix les Bains airport","country":"FR","continent":"EU","rank":null,"status":"partial","dailyProxy":3,"capturedFlights":6,"estDaily":null}},{"type":"Feature","geometry":{"type":"Point","coordinates":[3.16917,45.786701]},"properties":{"icao":"LFLC","iata":"CFE","name":"Clermont-Ferrand Auvergne airport","country":"FR","continent":"EU","rank":null,"status":"partial","dailyProxy":9,"capturedFlights":9,"estDaily":null}},{"type":"Feature","geometry":{"type":"Point","coordinates":[5.090139,45.725996]},"properties":{"icao":"LFLL","iata":"LYS","name":"Lyon Saint-Exupéry Airport","country":"FR","continent":"EU","rank":114,"status":"partial","dailyProxy":89,"capturedFlights":62,"estDaily":89}},{"type":"Feature","geometry":{"type":"Point","coordinates":[6.0987,45.928947]},"properties":{"icao":"LFLP","iata":"NCY","name":"Annecy Meythet airport","country":"FR","continent":"EU","rank":null,"status":"partial","dailyProxy":1,"capturedFlights":1,"estDaily":null}},{"type":"Feature","geometry":{"type":"Point","coordinates":[5.32937,45.3629]},"properties":{"icao":"LFLS","iata":"GNB","name":"Grenoble Alpes Isère Airport","country":"FR","continent":"EU","rank":null,"status":"partial","dailyProxy":1,"capturedFlights":1,"estDaily":null}},{"type":"Feature","geometry":{"type":"Point","coordinates":[2.42194,44.891399]},"properties":{"icao":"LFLW","iata":"AUR","name":"Aurillac airport","country":"FR","continent":"EU","rank":null,"status":"partial","dailyProxy":4,"capturedFlights":4,"estDaily":null}},{"type":"Feature","geometry":{"type":"Point","coordinates":[1.728326,46.860221]},"properties":{"icao":"LFLX","iata":"CHR","name":"Châteauroux Déols airport","country":"FR","continent":"EU","rank":null,"status":"partial","dailyProxy":2,"capturedFlights":2,"estDaily":null}},{"type":"Feature","geometry":{"type":"Point","coordinates":[4.943991,45.727947]},"properties":{"icao":"LFLY","iata":"LYN","name":"Lyon Bron Airport","country":"FR","continent":"EU","rank":null,"status":"partial","dailyProxy":1,"capturedFlights":1,"estDaily":null}},{"type":"Feature","geometry":{"type":"Point","coordinates":[6.955176,43.547998]},"properties":{"icao":"LFMD","iata":"CEQ","name":"Cannes Mandelieu Airport","country":"FR","continent":"EU","rank":null,"status":"partial","dailyProxy":1,"capturedFlights":1,"estDaily":null}},{"type":"Feature","geometry":{"type":"Point","coordinates":[5.2125,43.438088]},"properties":{"icao":"LFML","iata":"MRS","name":"Marseille Provence Airport","country":"FR","continent":"EU","rank":125,"status":"partial","dailyProxy":87,"capturedFlights":60,"estDaily":87}},{"type":"Feature","geometry":{"type":"Point","coordinates":[7.21587,43.658401]},"properties":{"icao":"LFMN","iata":"NCE","name":"Nice-Côte d'Azur Airport","country":"FR","continent":"EU","rank":48,"status":"partial","dailyProxy":155,"capturedFlights":121,"estDaily":155}},{"type":"Feature","geometry":{"type":"Point","coordinates":[2.87067,42.740398]},"properties":{"icao":"LFMP","iata":"PGF","name":"Perpignan-Rivesaltes (Llabanère) Airport","country":"FR","continent":"EU","rank":null,"status":"partial","dailyProxy":4,"capturedFlights":4,"estDaily":null}},{"type":"Feature","geometry":{"type":"Point","coordinates":[5.78519,43.252499]},"properties":{"icao":"LFMQ","iata":"CTT","name":"Le Castellet Airport","country":"FR","continent":"EU","rank":null,"status":"partial","dailyProxy":1,"capturedFlights":1,"estDaily":null}},{"type":"Feature","geometry":{"type":"Point","coordinates":[3.96301,43.576199]},"properties":{"icao":"LFMT","iata":"MPL","name":"Montpellier-Méditerranée Airport","country":"FR","continent":"EU","rank":656,"status":"partial","dailyProxy":26,"capturedFlights":17,"estDaily":26}},{"type":"Feature","geometry":{"type":"Point","coordinates":[2.11278,49.454399]},"properties":{"icao":"LFOB","iata":"BVA","name":"Beauvais–Tillé","country":"FR","continent":"EU","rank":null,"status":"complete","dailyProxy":27,"capturedFlights":53,"estDaily":null}},{"type":"Feature","geometry":{"type":"Point","coordinates":[4.20611,48.77333]},"properties":{"icao":"LFOK","iata":"XCR","name":"Chalons Vatry airport","country":"FR","continent":"EU","rank":null,"status":"partial","dailyProxy":1,"capturedFlights":1,"estDaily":null}},{"type":"Feature","geometry":{"type":"Point","coordinates":[2.164478,47.897758]},"properties":{"icao":"LFOZ","iata":"ORE","name":"Orléans–Saint-Denis-de-l'Hôtel Airport","country":"FR","continent":"EU","rank":null,"status":"partial","dailyProxy":1,"capturedFlights":1,"estDaily":null}},{"type":"Feature","geometry":{"type":"Point","coordinates":[2.436539,48.962276]},"properties":{"icao":"LFPB","iata":"LBG","name":"Paris Le Bourget","country":"FR","continent":"EU","rank":null,"status":"complete","dailyProxy":36,"capturedFlights":107,"estDaily":null}},{"type":"Feature","geometry":{"type":"Point","coordinates":[2.554117,49.00896]},"properties":{"icao":"LFPG","iata":"CDG","name":"Paris Charles de Gaulle","country":"FR","continent":"EU","rank":null,"status":"complete","dailyProxy":30,"capturedFlights":1299,"estDaily":null}},{"type":"Feature","geometry":{"type":"Point","coordinates":[2.358963,48.729499]},"properties":{"icao":"LFPO","iata":"ORY","name":"Paris Orly","country":"FR","continent":"EU","rank":null,"status":"complete","dailyProxy":497,"capturedFlights":497,"estDaily":null}},{"type":"Feature","geometry":{"type":"Point","coordinates":[2.203102,48.774406]},"properties":{"icao":"LFPV","iata":"VIY","name":"Vélizy-Villacoublay Air Base","country":"FR","continent":"EU","rank":null,"status":"partial","dailyProxy":1,"capturedFlights":1,"estDaily":null}},{"type":"Feature","geometry":{"type":"Point","coordinates":[3.102429,50.566564]},"properties":{"icao":"LFQQ","iata":"LIL","name":"Lille Airport","country":"FR","continent":"EU","rank":362,"status":"partial","dailyProxy":56,"capturedFlights":3,"estDaily":56}},{"type":"Feature","geometry":{"type":"Point","coordinates":[-4.41854,48.447899]},"properties":{"icao":"LFRB","iata":"BES","name":"Brest Bretagne airport","country":"FR","continent":"EU","rank":null,"status":"partial","dailyProxy":6,"capturedFlights":6,"estDaily":null}},{"type":"Feature","geometry":{"type":"Point","coordinates":[-2.07996,48.5877]},"properties":{"icao":"LFRD","iata":"DNR","name":"Dinard Pleurtuit Saint-Malo airport","country":"FR","continent":"EU","rank":null,"status":"partial","dailyProxy":2,"capturedFlights":2,"estDaily":null}},{"type":"Feature","geometry":{"type":"Point","coordinates":[0.154481,49.365237]},"properties":{"icao":"LFRG","iata":"DOL","name":"Deauville Normandie airport","country":"FR","continent":"EU","rank":null,"status":"partial","dailyProxy":1,"capturedFlights":1,"estDaily":null}},{"type":"Feature","geometry":{"type":"Point","coordinates":[0.201702,47.948604]},"properties":{"icao":"LFRM","iata":"LME","name":"Le Mans-Arnage Airport","country":"FR","continent":"EU","rank":null,"status":"partial","dailyProxy":1,"capturedFlights":1,"estDaily":null}},{"type":"Feature","geometry":{"type":"Point","coordinates":[-1.73479,48.0695]},"properties":{"icao":"LFRN","iata":"RNS","name":"Rennes-Saint-Jacques Airport","country":"FR","continent":"EU","rank":null,"status":"partial","dailyProxy":6,"capturedFlights":6,"estDaily":null}},{"type":"Feature","geometry":{"type":"Point","coordinates":[-1.61073,47.153198]},"properties":{"icao":"LFRS","iata":"NTE","name":"Nantes Atlantique Airport","country":"FR","continent":"EU","rank":495,"status":"partial","dailyProxy":39,"capturedFlights":30,"estDaily":39}},{"type":"Feature","geometry":{"type":"Point","coordinates":[7.521117,47.60068]},"properties":{"icao":"LFSB","iata":"BSL","name":"EuroAirport Basel–Mulhouse–Freiburg","country":"FR","continent":"EU","rank":341,"status":"partial","dailyProxy":60,"capturedFlights":48,"estDaily":60}},{"type":"Feature","geometry":{"type":"Point","coordinates":[1.485556,45.039722]},"properties":{"icao":"LFSL","iata":"BVE","name":"Brive Souillac airport","country":"FR","continent":"EU","rank":null,"status":"partial","dailyProxy":4,"capturedFlights":4,"estDaily":null}},{"type":"Feature","geometry":{"type":"Point","coordinates":[7.62823,48.5383]},"properties":{"icao":"LFST","iata":"SXB","name":"Strasbourg Airport","country":"FR","continent":"EU","rank":363,"status":"partial","dailyProxy":56,"capturedFlights":3,"estDaily":56}},{"type":"Feature","geometry":{"type":"Point","coordinates":[6.14603,43.097301]},"properties":{"icao":"LFTH","iata":"TLN","name":"Toulon-Hyères Airport","country":"FR","continent":"EU","rank":null,"status":"partial","dailyProxy":4,"capturedFlights":4,"estDaily":null}},{"type":"Feature","geometry":{"type":"Point","coordinates":[4.41635,43.757401]},"properties":{"icao":"LFTW","iata":"FNI","name":"Nîmes-Arles-Camargue Airport","country":"FR","continent":"EU","rank":null,"status":"partial","dailyProxy":1,"capturedFlights":1,"estDaily":null}},{"type":"Feature","geometry":{"type":"Point","coordinates":[6.482,43.205399]},"properties":{"icao":"LFTZ","iata":"LTT","name":"La Môle Airport","country":"FR","continent":"EU","rank":null,"status":"partial","dailyProxy":2,"capturedFlights":2,"estDaily":null}},{"type":"Feature","geometry":{"type":"Point","coordinates":[25.956301,40.8559]},"properties":{"icao":"LGAL","iata":"AXD","name":"Alexandroupoli Democritus Airport","country":"GR","continent":"EU","rank":null,"status":"partial","dailyProxy":5,"capturedFlights":5,"estDaily":null}},{"type":"Feature","geometry":{"type":"Point","coordinates":[23.9445,37.936401]},"properties":{"icao":"LGAV","iata":"ATH","name":"Athens Eleftherios Venizelos International Airport","country":"GR","continent":"EU","rank":37,"status":"partial","dailyProxy":179,"capturedFlights":497,"estDaily":179}},{"type":"Feature","geometry":{"type":"Point","coordinates":[26.140600204467773,38.34320068359375]},"properties":{"icao":"LGHI","iata":"JKH","name":"Chios Island National Airport","country":"GR","continent":"EU","rank":null,"status":"partial","dailyProxy":6,"capturedFlights":6,"estDaily":null}},{"type":"Feature","geometry":{"type":"Point","coordinates":[20.8225,39.6964]},"properties":{"icao":"LGIO","iata":"IOA","name":"Ioannina King Pyrrhus National Airport","country":"GR","continent":"EU","rank":null,"status":"partial","dailyProxy":3,"capturedFlights":3,"estDaily":null}},{"type":"Feature","geometry":{"type":"Point","coordinates":[25.1803,35.339699]},"properties":{"icao":"LGIR","iata":"HER","name":"Heraklion International Nikos Kazantzakis Airport","country":"GR","continent":"EU","rank":292,"status":"partial","dailyProxy":66,"capturedFlights":25,"estDaily":66}},{"type":"Feature","geometry":{"type":"Point","coordinates":[23.016719,36.273978]},"properties":{"icao":"LGKC","iata":"KIT","name":"Kithira Airport","country":"GR","continent":"EU","rank":null,"status":"partial","dailyProxy":1,"capturedFlights":1,"estDaily":null}},{"type":"Feature","geometry":{"type":"Point","coordinates":[20.500499725341797,38.12009811401367]},"properties":{"icao":"LGKF","iata":"EFL","name":"Kefallinia Airport","country":"GR","continent":"EU","rank":null,"status":"partial","dailyProxy":1,"capturedFlights":1,"estDaily":null}},{"type":"Feature","geometry":{"type":"Point","coordinates":[27.09115,36.794523]},"properties":{"icao":"LGKO","iata":"KGS","name":"Kos International Airport Ippokratis","country":"GR","continent":"AS","rank":293,"status":"partial","dailyProxy":66,"capturedFlights":12,"estDaily":66}},{"type":"Feature","geometry":{"type":"Point","coordinates":[19.912179,39.60145]},"properties":{"icao":"LGKR","iata":"CFU","name":"Corfu Ioannis Kapodistrias International Airport","country":"GR","continent":"EU","rank":294,"status":"partial","dailyProxy":66,"capturedFlights":9,"estDaily":66}},{"type":"Feature","geometry":{"type":"Point","coordinates":[24.6192,40.9133]},"properties":{"icao":"LGKV","iata":"KVA","name":"Kavala Alexander the Great International Airport","country":"GR","continent":"EU","rank":295,"status":"partial","dailyProxy":66,"capturedFlights":4,"estDaily":66}},{"type":"Feature","geometry":{"type":"Point","coordinates":[25.236299514799995,39.917098999]},"properties":{"icao":"LGLM","iata":"LXS","name":"Limnos Airport","country":"GR","continent":"EU","rank":null,"status":"partial","dailyProxy":1,"capturedFlights":1,"estDaily":null}},{"type":"Feature","geometry":{"type":"Point","coordinates":[24.4769,36.696899]},"properties":{"icao":"LGML","iata":"MLO","name":"Milos Airport","country":"GR","continent":"EU","rank":null,"status":"partial","dailyProxy":3,"capturedFlights":3,"estDaily":null}},{"type":"Feature","geometry":{"type":"Point","coordinates":[26.598629,39.057406]},"properties":{"icao":"LGMT","iata":"MJT","name":"Mytilene International Airport","country":"GR","continent":"EU","rank":null,"status":"partial","dailyProxy":6,"capturedFlights":6,"estDaily":null}},{"type":"Feature","geometry":{"type":"Point","coordinates":[25.368099,37.0811]},"properties":{"icao":"LGNX","iata":"JNX","name":"Naxos Island National Airport","country":"GR","continent":"EU","rank":null,"status":"partial","dailyProxy":2,"capturedFlights":2,"estDaily":null}},{"type":"Feature","geometry":{"type":"Point","coordinates":[25.113195,37.020495]},"properties":{"icao":"LGPA","iata":"PAS","name":"Paros National Airport","country":"GR","continent":"EU","rank":null,"status":"partial","dailyProxy":3,"capturedFlights":3,"estDaily":null}},{"type":"Feature","geometry":{"type":"Point","coordinates":[24.150673,35.531207]},"properties":{"icao":"LGSA","iata":"CHQ","name":"Chania International Airport","country":"GR","continent":"AS","rank":297,"status":"partial","dailyProxy":66,"capturedFlights":13,"estDaily":66}},{"type":"Feature","geometry":{"type":"Point","coordinates":[23.5037,39.177101]},"properties":{"icao":"LGSK","iata":"JSI","name":"Skiathos Island National Airport","country":"GR","continent":"EU","rank":null,"status":"partial","dailyProxy":1,"capturedFlights":1,"estDaily":null}},{"type":"Feature","geometry":{"type":"Point","coordinates":[26.911699,37.689999]},"properties":{"icao":"LGSM","iata":"SMI","name":"Samos Airport","country":"GR","continent":"EU","rank":null,"status":"partial","dailyProxy":3,"capturedFlights":3,"estDaily":null}},{"type":"Feature","geometry":{"type":"Point","coordinates":[24.950899124099998,37.4227981567]},"properties":{"icao":"LGSO","iata":"JSY","name":"Syros Airport","country":"GR","continent":"EU","rank":null,"status":"partial","dailyProxy":1,"capturedFlights":1,"estDaily":null}},{"type":"Feature","geometry":{"type":"Point","coordinates":[25.478638,36.400045]},"properties":{"icao":"LGSR","iata":"JTR","name":"Santorini International Airport","country":"GR","continent":"EU","rank":298,"status":"partial","dailyProxy":66,"capturedFlights":21,"estDaily":66}},{"type":"Feature","geometry":{"type":"Point","coordinates":[26.101299285888672,35.21609878540039]},"properties":{"icao":"LGST","iata":"JSH","name":"Sitia Airport","country":"GR","continent":"EU","rank":null,"status":"partial","dailyProxy":1,"capturedFlights":1,"estDaily":null}},{"type":"Feature","geometry":{"type":"Point","coordinates":[22.970009,40.51928]},"properties":{"icao":"LGTS","iata":"SKG","name":"Thessaloniki Macedonia International Airport","country":"GR","continent":"EU","rank":776,"status":"partial","dailyProxy":20,"capturedFlights":59,"estDaily":20}},{"type":"Feature","geometry":{"type":"Point","coordinates":[20.8843,37.7509]},"properties":{"icao":"LGZA","iata":"ZTH","name":"Zakynthos International Airport Dionysios Solomos","country":"GR","continent":"EU","rank":null,"status":"partial","dailyProxy":2,"capturedFlights":2,"estDaily":null}},{"type":"Feature","geometry":{"type":"Point","coordinates":[19.262393,47.43018]},"properties":{"icao":"LHBP","iata":"BUD","name":"Budapest Liszt Ferenc International Airport","country":"HU","continent":"EU","rank":62,"status":"partial","dailyProxy":134,"capturedFlights":127,"estDaily":134}},{"type":"Feature","geometry":{"type":"Point","coordinates":[21.616278,47.489469]},"properties":{"icao":"LHDC","iata":"DEB","name":"Debrecen International Airport","country":"HU","continent":"EU","rank":115,"status":"partial","dailyProxy":89,"capturedFlights":2,"estDaily":89}},{"type":"Feature","geometry":{"type":"Point","coordinates":[16.760599,41.138901]},"properties":{"icao":"LIBD","iata":"BRI","name":"Bari Karol Wojtyła International Airport","country":"IT","continent":"EU","rank":694,"status":"partial","dailyProxy":23,"capturedFlights":17,"estDaily":23}},{"type":"Feature","geometry":{"type":"Point","coordinates":[17.947001,40.6576]},"properties":{"icao":"LIBR","iata":"BDS","name":"Brindisi Airport","country":"IT","continent":"EU","rank":727,"status":"partial","dailyProxy":22,"capturedFlights":2,"estDaily":22}},{"type":"Feature","geometry":{"type":"Point","coordinates":[16.246007,38.906214]},"properties":{"icao":"LICA","iata":"SUF","name":"Lamezia Terme Sant'Eufemia International Airport","country":"IT","continent":"EU","rank":728,"status":"partial","dailyProxy":22,"capturedFlights":2,"estDaily":22}},{"type":"Feature","geometry":{"type":"Point","coordinates":[15.0664,37.466801]},"properties":{"icao":"LICC","iata":"CTA","name":"Catania-Fontanarossa Airport","country":"IT","continent":"EU","rank":null,"status":"partial","dailyProxy":5,"capturedFlights":10,"estDaily":null}},{"type":"Feature","geometry":{"type":"Point","coordinates":[13.091,38.175999]},"properties":{"icao":"LICJ","iata":"PMO","name":"Falcone–Borsellino Airport","country":"IT","continent":"EU","rank":null,"status":"partial","dailyProxy":3,"capturedFlights":6,"estDaily":null}},{"type":"Feature","geometry":{"type":"Point","coordinates":[15.6516,38.071201]},"properties":{"icao":"LICR","iata":"REG","name":"Reggio Calabria Airport","country":"IT","continent":"EU","rank":null,"status":"partial","dailyProxy":2,"capturedFlights":2,"estDaily":null}},{"type":"Feature","geometry":{"type":"Point","coordinates":[8.72811,45.6306]},"properties":{"icao":"LIMC","iata":"MXP","name":"Milan Malpensa International Airport","country":"IT","continent":"EU","rank":null,"status":"core-partial","dailyProxy":14,"capturedFlights":205,"estDaily":null}},{"type":"Feature","geometry":{"type":"Point","coordinates":[9.708851,45.669362]},"properties":{"icao":"LIME","iata":"BGY","name":"Il Caravaggio International Airport","country":"IT","continent":"EU","rank":null,"status":"core-partial","dailyProxy":8,"capturedFlights":30,"estDaily":null}},{"type":"Feature","geometry":{"type":"Point","coordinates":[7.64963,45.200802]},"properties":{"icao":"LIMF","iata":"TRN","name":"Turin Airport","country":"IT","continent":"EU","rank":596,"status":"partial","dailyProxy":30,"capturedFlights":20,"estDaily":30}},{"type":"Feature","geometry":{"type":"Point","coordinates":[8.840732,44.412039]},"properties":{"icao":"LIMJ","iata":"GOA","name":"Genoa Cristoforo Colombo Airport","country":"IT","continent":"EU","rank":731,"status":"partial","dailyProxy":22,"capturedFlights":3,"estDaily":22}},{"type":"Feature","geometry":{"type":"Point","coordinates":[9.27674,45.445099]},"properties":{"icao":"LIML","iata":"LIN","name":"Milano Linate Airport","country":"IT","continent":"EU","rank":null,"status":"core-partial","dailyProxy":43,"capturedFlights":128,"estDaily":null}},{"type":"Feature","geometry":{"type":"Point","coordinates":[11.326125,46.459245]},"properties":{"icao":"LIPB","iata":"BZO","name":"Bolzano Airport","country":"IT","continent":"EU","rank":null,"status":"partial","dailyProxy":2,"capturedFlights":2,"estDaily":null}},{"type":"Feature","geometry":{"type":"Point","coordinates":[11.2887,44.5354]},"properties":{"icao":"LIPE","iata":"BLQ","name":"Bologna Guglielmo Marconi Airport","country":"IT","continent":"EU","rank":266,"status":"partial","dailyProxy":75,"capturedFlights":56,"estDaily":75}},{"type":"Feature","geometry":{"type":"Point","coordinates":[12.1944,45.648399]},"properties":{"icao":"LIPH","iata":"TSF","name":"Treviso Airport","country":"IT","continent":"EU","rank":732,"status":"partial","dailyProxy":22,"capturedFlights":3,"estDaily":22}},{"type":"Feature","geometry":{"type":"Point","coordinates":[10.887303,45.394955]},"properties":{"icao":"LIPX","iata":"VRN","name":"Verona Villafranca Valerio Catullo Airport","country":"IT","continent":"EU","rank":565,"status":"partial","dailyProxy":33,"capturedFlights":26,"estDaily":33}},{"type":"Feature","geometry":{"type":"Point","coordinates":[13.3623,43.616299]},"properties":{"icao":"LIPY","iata":"AOI","name":"Marche Airport","country":"IT","continent":"EU","rank":null,"status":"partial","dailyProxy":4,"capturedFlights":4,"estDaily":null}},{"type":"Feature","geometry":{"type":"Point","coordinates":[12.3519,45.505299]},"properties":{"icao":"LIPZ","iata":"VCE","name":"Venice Marco Polo Airport","country":"IT","continent":"EU","rank":91,"status":"partial","dailyProxy":108,"capturedFlights":82,"estDaily":108}},{"type":"Feature","geometry":{"type":"Point","coordinates":[12.595331,41.798769]},"properties":{"icao":"LIRA","iata":"CIA","name":"Ciampino–G. B. Pastine International Airport","country":"IT","continent":"EU","rank":657,"status":"partial","dailyProxy":26,"capturedFlights":22,"estDaily":26}},{"type":"Feature","geometry":{"type":"Point","coordinates":[12.251998,41.804532]},"properties":{"icao":"LIRF","iata":"FCO","name":"Rome–Fiumicino Leonardo da Vinci International Airport","country":"IT","continent":"EU","rank":null,"status":"core-partial","dailyProxy":35,"capturedFlights":210,"estDaily":null}},{"type":"Feature","geometry":{"type":"Point","coordinates":[14.2908,40.886002]},"properties":{"icao":"LIRN","iata":"NAP","name":"Naples International Airport","country":"IT","continent":"EU","rank":350,"status":"partial","dailyProxy":59,"capturedFlights":46,"estDaily":59}},{"type":"Feature","geometry":{"type":"Point","coordinates":[10.3927,43.683899]},"properties":{"icao":"LIRP","iata":"PSA","name":"Pisa International Airport","country":"IT","continent":"EU","rank":null,"status":"partial","dailyProxy":7,"capturedFlights":13,"estDaily":null}},{"type":"Feature","geometry":{"type":"Point","coordinates":[11.202822,43.808558]},"properties":{"icao":"LIRQ","iata":"FLR","name":"Florence Airport, Peretola","country":"IT","continent":"EU","rank":286,"status":"partial","dailyProxy":68,"capturedFlights":45,"estDaily":68}},{"type":"Feature","geometry":{"type":"Point","coordinates":[12.502231,41.952096]},"properties":{"icao":"LIRU","iata":"","name":"Rome Urbe Airport","country":"IT","continent":"EU","rank":null,"status":"partial","dailyProxy":1,"capturedFlights":1,"estDaily":null}},{"type":"Feature","geometry":{"type":"Point","coordinates":[12.5132,43.095901]},"properties":{"icao":"LIRZ","iata":"PEG","name":"Perugia San Francesco d'Assisi – Umbria International Airport","country":"IT","continent":"EU","rank":735,"status":"partial","dailyProxy":22,"capturedFlights":1,"estDaily":22}},{"type":"Feature","geometry":{"type":"Point","coordinates":[14.4576,46.223701]},"properties":{"icao":"LJLJ","iata":"LJU","name":"Ljubljana Jože Pučnik Airport","country":"SI","continent":"EU","rank":695,"status":"partial","dailyProxy":23,"capturedFlights":20,"estDaily":23}},{"type":"Feature","geometry":{"type":"Point","coordinates":[18.111099,49.696301]},"properties":{"icao":"LKMT","iata":"OSR","name":"Leoš Janáček Airport Ostrava","country":"CZ","continent":"EU","rank":122,"status":"partial","dailyProxy":88,"capturedFlights":1,"estDaily":88}},{"type":"Feature","geometry":{"type":"Point","coordinates":[14.259911,50.100874]},"properties":{"icao":"LKPR","iata":"PRG","name":"Václav Havel Airport Prague","country":"CZ","continent":"EU","rank":64,"status":"partial","dailyProxy":132,"capturedFlights":121,"estDaily":132}},{"type":"Feature","geometry":{"type":"Point","coordinates":[16.693972,49.151276]},"properties":{"icao":"LKTB","iata":"BRQ","name":"Brno-Tuřany Airport","country":"CZ","continent":"EU","rank":null,"status":"partial","dailyProxy":1,"capturedFlights":1,"estDaily":null}},{"type":"Feature","geometry":{"type":"Point","coordinates":[34.8867,32.011398]},"properties":{"icao":"LLBG","iata":"TLV","name":"Ben Gurion International Airport","country":"IL","continent":"AS","rank":30,"status":"partial","dailyProxy":210,"capturedFlights":370,"estDaily":210}},{"type":"Feature","geometry":{"type":"Point","coordinates":[35.014116,29.727009]},"properties":{"icao":"LLER","iata":"ETM","name":"Ramon International Airport","country":"IL","continent":"AS","rank":56,"status":"partial","dailyProxy":140,"capturedFlights":22,"estDaily":140}},{"type":"Feature","geometry":{"type":"Point","coordinates":[35.043719,32.810219]},"properties":{"icao":"LLHA","iata":"HFA","name":"Uri Michaeli Haifa International Airport","country":"IL","continent":"AS","rank":null,"status":"partial","dailyProxy":1,"capturedFlights":1,"estDaily":null}},{"type":"Feature","geometry":{"type":"Point","coordinates":[14.491546,35.845932]},"properties":{"icao":"LMML","iata":"MLA","name":"Malta International Airport","country":"MT","continent":"EU","rank":351,"status":"partial","dailyProxy":59,"capturedFlights":51,"estDaily":59}},{"type":"Feature","geometry":{"type":"Point","coordinates":[15.4396,46.9911]},"properties":{"icao":"LOWG","iata":"GRZ","name":"Graz Airport","country":"AT","continent":"EU","rank":null,"status":"partial","dailyProxy":10,"capturedFlights":10,"estDaily":null}},{"type":"Feature","geometry":{"type":"Point","coordinates":[11.344,47.260201]},"properties":{"icao":"LOWI","iata":"INN","name":"Innsbruck Airport","country":"AT","continent":"EU","rank":674,"status":"partial","dailyProxy":24,"capturedFlights":20,"estDaily":24}},{"type":"Feature","geometry":{"type":"Point","coordinates":[13.0043,47.793301]},"properties":{"icao":"LOWS","iata":"SZG","name":"Salzburg Airport","country":"AT","continent":"EU","rank":696,"status":"partial","dailyProxy":23,"capturedFlights":15,"estDaily":23}},{"type":"Feature","geometry":{"type":"Point","coordinates":[16.5697,48.110298]},"properties":{"icao":"LOWW","iata":"VIE","name":"Vienna International Airport","country":"AT","continent":"EU","rank":null,"status":"core-partial","dailyProxy":13,"capturedFlights":174,"estDaily":null}},{"type":"Feature","geometry":{"type":"Point","coordinates":[-7.970939,37.015909]},"properties":{"icao":"LPFR","iata":"FAO","name":"Faro - Gago Coutinho International Airport","country":"PT","continent":"EU","rank":566,"status":"partial","dailyProxy":33,"capturedFlights":29,"estDaily":33}},{"type":"Feature","geometry":{"type":"Point","coordinates":[-16.774613,32.697812]},"properties":{"icao":"LPMA","iata":"FNC","name":"Aeroporto da Madeira","country":"PT","continent":"EU","rank":null,"status":"complete","dailyProxy":26,"capturedFlights":130,"estDaily":null}},{"type":"Feature","geometry":{"type":"Point","coordinates":[-25.6979007721,37.7411994934]},"properties":{"icao":"LPPD","iata":"PDL","name":"João Paulo II Airport","country":"PT","continent":"EU","rank":90,"status":"partial","dailyProxy":109,"capturedFlights":2,"estDaily":109}},{"type":"Feature","geometry":{"type":"Point","coordinates":[-8.68138980865,41.2481002808]},"properties":{"icao":"LPPR","iata":"OPO","name":"Francisco de Sá Carneiro Airport","country":"PT","continent":"EU","rank":65,"status":"partial","dailyProxy":132,"capturedFlights":102,"estDaily":132}},{"type":"Feature","geometry":{"type":"Point","coordinates":[-16.3500003815,33.0733985901]},"properties":{"icao":"LPPS","iata":"PXO","name":"Porto Santo Airport","country":"PT","continent":"EU","rank":null,"status":"partial","dailyProxy":4,"capturedFlights":4,"estDaily":null}},{"type":"Feature","geometry":{"type":"Point","coordinates":[-9.13592,38.7813]},"properties":{"icao":"LPPT","iata":"LIS","name":"Lisbon Humberto Delgado Airport","country":"PT","continent":"EU","rank":null,"status":"core-partial","dailyProxy":34,"capturedFlights":237,"estDaily":null}},{"type":"Feature","geometry":{"type":"Point","coordinates":[17.846101,43.282489]},"properties":{"icao":"LQMO","iata":"OMO","name":"Mostar International Airport","country":"BA","continent":"EU","rank":null,"status":"partial","dailyProxy":1,"capturedFlights":1,"estDaily":null}},{"type":"Feature","geometry":{"type":"Point","coordinates":[18.331499,43.8246]},"properties":{"icao":"LQSA","iata":"SJJ","name":"Sarajevo International Airport","country":"BA","continent":"EU","rank":null,"status":"partial","dailyProxy":3,"capturedFlights":11,"estDaily":null}},{"type":"Feature","geometry":{"type":"Point","coordinates":[26.910299,46.5219]},"properties":{"icao":"LRBC","iata":"BCM","name":"Bacău George Enescu International  Airport","country":"RO","continent":"EU","rank":null,"status":"partial","dailyProxy":3,"capturedFlights":3,"estDaily":null}},{"type":"Feature","geometry":{"type":"Point","coordinates":[26.102944,44.503133]},"properties":{"icao":"LRBS","iata":"BBU","name":"Bucharest Băneasa Aurel Vlaicu International Airport","country":"RO","continent":"EU","rank":null,"status":"partial","dailyProxy":1,"capturedFlights":1,"estDaily":null}},{"type":"Feature","geometry":{"type":"Point","coordinates":[25.522871,45.70558]},"properties":{"icao":"LRBV","iata":"GHV","name":"Brașov-Ghimbav International Airport","country":"RO","continent":"EU","rank":null,"status":"partial","dailyProxy":1,"capturedFlights":1,"estDaily":null}},{"type":"Feature","geometry":{"type":"Point","coordinates":[28.4883,44.362202]},"properties":{"icao":"LRCK","iata":"CND","name":"Mihail Kogălniceanu International Airport","country":"RO","continent":"EU","rank":null,"status":"partial","dailyProxy":1,"capturedFlights":1,"estDaily":null}},{"type":"Feature","geometry":{"type":"Point","coordinates":[23.685733,46.786042]},"properties":{"icao":"LRCL","iata":"CLJ","name":"Avram Iancu Cluj International Airport","country":"RO","continent":"EU","rank":759,"status":"partial","dailyProxy":21,"capturedFlights":18,"estDaily":21}},{"type":"Feature","geometry":{"type":"Point","coordinates":[23.888599,44.3181]},"properties":{"icao":"LRCV","iata":"CRA","name":"Craiova International Airport","country":"RO","continent":"EU","rank":null,"status":"partial","dailyProxy":6,"capturedFlights":6,"estDaily":null}},{"type":"Feature","geometry":{"type":"Point","coordinates":[27.621431,47.179633]},"properties":{"icao":"LRIA","iata":"IAS","name":"Iaşi International Airport","country":"RO","continent":"EU","rank":null,"status":"partial","dailyProxy":10,"capturedFlights":10,"estDaily":null}},{"type":"Feature","geometry":{"type":"Point","coordinates":[21.9025,47.025299]},"properties":{"icao":"LROD","iata":"OMR","name":"Oradea International Airport","country":"RO","continent":"EU","rank":null,"status":"partial","dailyProxy":1,"capturedFlights":1,"estDaily":null}},{"type":"Feature","geometry":{"type":"Point","coordinates":[26.103285,44.571792]},"properties":{"icao":"LROP","iata":"OTP","name":"Bucharest Henri Coandă International Airport","country":"RO","continent":"EU","rank":131,"status":"partial","dailyProxy":84,"capturedFlights":73,"estDaily":84}},{"type":"Feature","geometry":{"type":"Point","coordinates":[24.086666,45.785841]},"properties":{"icao":"LRSB","iata":"SBZ","name":"Sibiu International Airport","country":"RO","continent":"EU","rank":null,"status":"partial","dailyProxy":5,"capturedFlights":5,"estDaily":null}},{"type":"Feature","geometry":{"type":"Point","coordinates":[22.8857,47.7033]},"properties":{"icao":"LRSM","iata":"SUJ","name":"Satu Mare International Airport","country":"RO","continent":"EU","rank":null,"status":"partial","dailyProxy":2,"capturedFlights":2,"estDaily":null}},{"type":"Feature","geometry":{"type":"Point","coordinates":[26.354099,47.6875]},"properties":{"icao":"LRSV","iata":"SCV","name":"Suceava Ștefan cel Mare International Airport","country":"RO","continent":"EU","rank":null,"status":"partial","dailyProxy":5,"capturedFlights":5,"estDaily":null}},{"type":"Feature","geometry":{"type":"Point","coordinates":[21.3379,45.809898]},"properties":{"icao":"LRTR","iata":"TSR","name":"Timișoara Traian Vuia International Airport","country":"RO","continent":"EU","rank":null,"status":"partial","dailyProxy":7,"capturedFlights":7,"estDaily":null}},{"type":"Feature","geometry":{"type":"Point","coordinates":[6.10895,46.238098]},"properties":{"icao":"LSGG","iata":"GVA","name":"Geneva International Airport","country":"CH","continent":"EU","rank":21,"status":"partial","dailyProxy":263,"capturedFlights":384,"estDaily":263}},{"type":"Feature","geometry":{"type":"Point","coordinates":[7.248359,46.486525]},"properties":{"icao":"LSGK","iata":"","name":"Saanen Airfield","country":"CH","continent":"EU","rank":null,"status":"partial","dailyProxy":2,"capturedFlights":2,"estDaily":null}},{"type":"Feature","geometry":{"type":"Point","coordinates":[6.616629,46.54509]},"properties":{"icao":"LSGL","iata":"","name":"Lausanne la Blécherette Airport","country":"CH","continent":"EU","rank":null,"status":"partial","dailyProxy":2,"capturedFlights":2,"estDaily":null}},{"type":"Feature","geometry":{"type":"Point","coordinates":[7.326944,46.219166]},"properties":{"icao":"LSGS","iata":"SIR","name":"Sion Airport","country":"CH","continent":"EU","rank":null,"status":"partial","dailyProxy":4,"capturedFlights":4,"estDaily":null}},{"type":"Feature","geometry":{"type":"Point","coordinates":[7.498819,46.912736]},"properties":{"icao":"LSZB","iata":"BRN","name":"Bern Airport","country":"CH","continent":"EU","rank":null,"status":"partial","dailyProxy":3,"capturedFlights":3,"estDaily":null}},{"type":"Feature","geometry":{"type":"Point","coordinates":[8.548056,47.458056]},"properties":{"icao":"LSZH","iata":"ZRH","name":"Zürich Airport","country":"CH","continent":"EU","rank":null,"status":"core-partial","dailyProxy":41,"capturedFlights":244,"estDaily":null}},{"type":"Feature","geometry":{"type":"Point","coordinates":[9.56077,47.485001]},"properties":{"icao":"LSZR","iata":"ACH","name":"Sankt Gallen Altenrhein Airport","country":"CH","continent":"EU","rank":null,"status":"partial","dailyProxy":2,"capturedFlights":2,"estDaily":null}},{"type":"Feature","geometry":{"type":"Point","coordinates":[9.88411,46.5341]},"properties":{"icao":"LSZS","iata":"SMV","name":"Engadin Airport","country":"CH","continent":"EU","rank":null,"status":"partial","dailyProxy":4,"capturedFlights":4,"estDaily":null}},{"type":"Feature","geometry":{"type":"Point","coordinates":[32.995098,40.128101]},"properties":{"icao":"LTAC","iata":"ESB","name":"Esenboğa International Airport","country":"TR","continent":"AS","rank":324,"status":"partial","dailyProxy":62,"capturedFlights":56,"estDaily":62}},{"type":"Feature","geometry":{"type":"Point","coordinates":[30.800501,36.898701]},"properties":{"icao":"LTAI","iata":"AYT","name":"Antalya International Airport","country":"TR","continent":"AS","rank":281,"status":"partial","dailyProxy":69,"capturedFlights":56,"estDaily":69}},{"type":"Feature","geometry":{"type":"Point","coordinates":[37.478699,36.947201]},"properties":{"icao":"LTAJ","iata":"GZT","name":"Gaziantep Oğuzeli International Airport","country":"TR","continent":"AS","rank":697,"status":"partial","dailyProxy":23,"capturedFlights":20,"estDaily":23}},{"type":"Feature","geometry":{"type":"Point","coordinates":[33.795799,41.314201]},"properties":{"icao":"LTAL","iata":"KFS","name":"Kastamonu Airport","country":"TR","continent":"AS","rank":null,"status":"partial","dailyProxy":2,"capturedFlights":2,"estDaily":null}},{"type":"Feature","geometry":{"type":"Point","coordinates":[32.561901,37.979]},"properties":{"icao":"LTAN","iata":"KYA","name":"Konya Airport","country":"TR","continent":"AS","rank":null,"status":"partial","dailyProxy":12,"capturedFlights":12,"estDaily":null}},{"type":"Feature","geometry":{"type":"Point","coordinates":[35.521999,40.829399]},"properties":{"icao":"LTAP","iata":"MZH","name":"Amasya Merzifon Airport","country":"TR","continent":"AS","rank":null,"status":"partial","dailyProxy":2,"capturedFlights":2,"estDaily":null}},{"type":"Feature","geometry":{"type":"Point","coordinates":[36.9035,39.813801]},"properties":{"icao":"LTAR","iata":"VAS","name":"Sivas Nuri Demirağ Airport","country":"TR","continent":"AS","rank":null,"status":"partial","dailyProxy":2,"capturedFlights":2,"estDaily":null}},{"type":"Feature","geometry":{"type":"Point","coordinates":[32.0886,41.506401]},"properties":{"icao":"LTAS","iata":"ONQ","name":"Zonguldak Çaycuma Airport","country":"TR","continent":"AS","rank":null,"status":"partial","dailyProxy":2,"capturedFlights":2,"estDaily":null}},{"type":"Feature","geometry":{"type":"Point","coordinates":[38.0909996033,38.435298919699996]},"properties":{"icao":"LTAT","iata":"MLX","name":"Malatya Erhaç Airport","country":"TR","continent":"AS","rank":null,"status":"partial","dailyProxy":2,"capturedFlights":3,"estDaily":null}},{"type":"Feature","geometry":{"type":"Point","coordinates":[35.495399,38.770401]},"properties":{"icao":"LTAU","iata":"ASR","name":"Kayseri Erkilet International Airport","country":"TR","continent":"AS","rank":777,"status":"partial","dailyProxy":20,"capturedFlights":15,"estDaily":20}},{"type":"Feature","geometry":{"type":"Point","coordinates":[29.7012996674,37.7855987549]},"properties":{"icao":"LTAY","iata":"DNZ","name":"Çardak Airport","country":"TR","continent":"AS","rank":null,"status":"partial","dailyProxy":3,"capturedFlights":3,"estDaily":null}},{"type":"Feature","geometry":{"type":"Point","coordinates":[34.5345,38.7719]},"properties":{"icao":"LTAZ","iata":"NAV","name":"Nevşehir Kapadokya Airport","country":"TR","continent":"AS","rank":null,"status":"partial","dailyProxy":6,"capturedFlights":6,"estDaily":null}},{"type":"Feature","geometry":{"type":"Point","coordinates":[28.823714,40.971913]},"properties":{"icao":"LTBA","iata":"ISL","name":"İstanbul Atatürk Airport","country":"TR","continent":"EU","rank":null,"status":"partial","dailyProxy":4,"capturedFlights":4,"estDaily":null}},{"type":"Feature","geometry":{"type":"Point","coordinates":[27.157,38.2924]},"properties":{"icao":"LTBJ","iata":"ADB","name":"Adnan Menderes International Airport","country":"TR","continent":"AS","rank":366,"status":"partial","dailyProxy":54,"capturedFlights":44,"estDaily":54}},{"type":"Feature","geometry":{"type":"Point","coordinates":[29.562599,40.255199]},"properties":{"icao":"LTBR","iata":"YEI","name":"Bursa Yenişehir Airport","country":"TR","continent":"AS","rank":null,"status":"partial","dailyProxy":2,"capturedFlights":2,"estDaily":null}},{"type":"Feature","geometry":{"type":"Point","coordinates":[28.7925,36.7131]},"properties":{"icao":"LTBS","iata":"DLM","name":"Dalaman International Airport","country":"TR","continent":"AS","rank":null,"status":"partial","dailyProxy":6,"capturedFlights":6,"estDaily":null}},{"type":"Feature","geometry":{"type":"Point","coordinates":[30.519268,39.811644]},"properties":{"icao":"LTBY","iata":"AOE","name":"Hasan Polatkan Airport","country":"TR","continent":"AS","rank":null,"status":"partial","dailyProxy":2,"capturedFlights":2,"estDaily":null}},{"type":"Feature","geometry":{"type":"Point","coordinates":[30.130405,39.111107]},"properties":{"icao":"LTBZ","iata":"KZR","name":"Zafer Airport","country":"TR","continent":"AS","rank":null,"status":"partial","dailyProxy":2,"capturedFlights":2,"estDaily":null}},{"type":"Feature","geometry":{"type":"Point","coordinates":[39.28348,38.597974]},"properties":{"icao":"LTCA","iata":"EZS","name":"Elazığ Airport","country":"TR","continent":"AS","rank":null,"status":"partial","dailyProxy":2,"capturedFlights":4,"estDaily":null}},{"type":"Feature","geometry":{"type":"Point","coordinates":[38.085995,40.966872]},"properties":{"icao":"LTCB","iata":"OGU","name":"Ordu–Giresun Airport","country":"TR","continent":"AS","rank":null,"status":"partial","dailyProxy":2,"capturedFlights":4,"estDaily":null}},{"type":"Feature","geometry":{"type":"Point","coordinates":[40.201,37.893902]},"properties":{"icao":"LTCC","iata":"DIY","name":"Diyarbakır Airport","country":"TR","continent":"AS","rank":null,"status":"partial","dailyProxy":12,"capturedFlights":12,"estDaily":null}},{"type":"Feature","geometry":{"type":"Point","coordinates":[39.527000427199994,39.7102012634]},"properties":{"icao":"LTCD","iata":"ERC","name":"Erzincan Airport","country":"TR","continent":"AS","rank":null,"status":"partial","dailyProxy":1,"capturedFlights":1,"estDaily":null}},{"type":"Feature","geometry":{"type":"Point","coordinates":[41.1702,39.956501]},"properties":{"icao":"LTCE","iata":"ERZ","name":"Erzurum International Airport","country":"TR","continent":"AS","rank":null,"status":"partial","dailyProxy":9,"capturedFlights":9,"estDaily":null}},{"type":"Feature","geometry":{"type":"Point","coordinates":[43.1150016784668,40.562198638916016]},"properties":{"icao":"LTCF","iata":"KSY","name":"Kars Airport","country":"TR","continent":"AS","rank":null,"status":"partial","dailyProxy":4,"capturedFlights":4,"estDaily":null}},{"type":"Feature","geometry":{"type":"Point","coordinates":[39.7897,40.995098]},"properties":{"icao":"LTCG","iata":"TZX","name":"Trabzon International Airport","country":"TR","continent":"AS","rank":null,"status":"partial","dailyProxy":9,"capturedFlights":9,"estDaily":null}},{"type":"Feature","geometry":{"type":"Point","coordinates":[43.332298278808594,38.46820068359375]},"properties":{"icao":"LTCI","iata":"VAN","name":"Van Ferit Melen Airport","country":"TR","continent":"AS","rank":null,"status":"partial","dailyProxy":3,"capturedFlights":3,"estDaily":null}},{"type":"Feature","geometry":{"type":"Point","coordinates":[41.1166,37.929001]},"properties":{"icao":"LTCJ","iata":"BAL","name":"Batman Airport","country":"TR","continent":"AS","rank":null,"status":"partial","dailyProxy":4,"capturedFlights":4,"estDaily":null}},{"type":"Feature","geometry":{"type":"Point","coordinates":[41.66120147705078,38.747798919677734]},"properties":{"icao":"LTCK","iata":"MSR","name":"Muş Airport","country":"TR","continent":"AS","rank":null,"status":"partial","dailyProxy":2,"capturedFlights":2,"estDaily":null}},{"type":"Feature","geometry":{"type":"Point","coordinates":[35.071774,42.018313]},"properties":{"icao":"LTCM","iata":"NOP","name":"Sinop Airport","country":"TR","continent":"AS","rank":null,"status":"partial","dailyProxy":2,"capturedFlights":2,"estDaily":null}},{"type":"Feature","geometry":{"type":"Point","coordinates":[43.025742,39.655642]},"properties":{"icao":"LTCO","iata":"AJI","name":"Ağrı Airport","country":"TR","continent":"AS","rank":null,"status":"partial","dailyProxy":2,"capturedFlights":2,"estDaily":null}},{"type":"Feature","geometry":{"type":"Point","coordinates":[38.468899,37.7314]},"properties":{"icao":"LTCP","iata":"ADF","name":"Adıyaman Airport","country":"TR","continent":"AS","rank":null,"status":"partial","dailyProxy":2,"capturedFlights":2,"estDaily":null}},{"type":"Feature","geometry":{"type":"Point","coordinates":[40.6316986084,37.223300933800004]},"properties":{"icao":"LTCR","iata":"MQM","name":"Mardin Airport","country":"TR","continent":"AS","rank":null,"status":"partial","dailyProxy":4,"capturedFlights":4,"estDaily":null}},{"type":"Feature","geometry":{"type":"Point","coordinates":[38.895592,37.445663]},"properties":{"icao":"LTCS","iata":"GNY","name":"Şanlıurfa GAP Airport","country":"TR","continent":"AS","rank":null,"status":"partial","dailyProxy":4,"capturedFlights":7,"estDaily":null}},{"type":"Feature","geometry":{"type":"Point","coordinates":[43.876648,39.976627]},"properties":{"icao":"LTCT","iata":"IGD","name":"Iğdır Airport","country":"TR","continent":"AS","rank":null,"status":"partial","dailyProxy":2,"capturedFlights":2,"estDaily":null}},{"type":"Feature","geometry":{"type":"Point","coordinates":[40.594489,38.860131]},"properties":{"icao":"LTCU","iata":"BGG","name":"Bingöl Airport","country":"TR","continent":"AS","rank":null,"status":"partial","dailyProxy":2,"capturedFlights":2,"estDaily":null}},{"type":"Feature","geometry":{"type":"Point","coordinates":[42.0582,37.3647]},"properties":{"icao":"LTCV","iata":"NKT","name":"Şırnak Şerafettin Elçi Airport","country":"TR","continent":"AS","rank":null,"status":"partial","dailyProxy":2,"capturedFlights":2,"estDaily":null}},{"type":"Feature","geometry":{"type":"Point","coordinates":[44.2381,37.5497]},"properties":{"icao":"LTCW","iata":"YKO","name":"Hakkari Yüksekova Airport","country":"TR","continent":"AS","rank":null,"status":"partial","dailyProxy":2,"capturedFlights":2,"estDaily":null}},{"type":"Feature","geometry":{"type":"Point","coordinates":[36.285589,36.36079]},"properties":{"icao":"LTDA","iata":"HTY","name":"Hatay Airport","country":"TR","continent":"AS","rank":null,"status":"partial","dailyProxy":3,"capturedFlights":3,"estDaily":null}},{"type":"Feature","geometry":{"type":"Point","coordinates":[35.071235,36.891478]},"properties":{"icao":"LTDB","iata":"COV","name":"Çukurova International Airport","country":"TR","continent":"AS","rank":597,"status":"partial","dailyProxy":30,"capturedFlights":22,"estDaily":30}},{"type":"Feature","geometry":{"type":"Point","coordinates":[30.368401,37.8554]},"properties":{"icao":"LTFC","iata":"ISE","name":"Süleyman Demirel International Airport","country":"TR","continent":"AS","rank":null,"status":"partial","dailyProxy":1,"capturedFlights":1,"estDaily":null}},{"type":"Feature","geometry":{"type":"Point","coordinates":[27.010192,39.552533]},"properties":{"icao":"LTFD","iata":"EDO","name":"Balıkesir Koca Seyit Airport","country":"TR","continent":"AS","rank":null,"status":"partial","dailyProxy":2,"capturedFlights":2,"estDaily":null}},{"type":"Feature","geometry":{"type":"Point","coordinates":[27.66401,37.249314]},"properties":{"icao":"LTFE","iata":"BJV","name":"Milas Bodrum International Airport","country":"TR","continent":"AS","rank":null,"status":"partial","dailyProxy":9,"capturedFlights":9,"estDaily":null}},{"type":"Feature","geometry":{"type":"Point","coordinates":[32.297017,36.298832]},"properties":{"icao":"LTFG","iata":"GZP","name":"Gazipaşa-Alanya Airport","country":"TR","continent":"AS","rank":null,"status":"partial","dailyProxy":1,"capturedFlights":1,"estDaily":null}},{"type":"Feature","geometry":{"type":"Point","coordinates":[36.567546,41.253988]},"properties":{"icao":"LTFH","iata":"SZF","name":"Samsun-Çarşamba Airport","country":"TR","continent":"AS","rank":null,"status":"partial","dailyProxy":5,"capturedFlights":5,"estDaily":null}},{"type":"Feature","geometry":{"type":"Point","coordinates":[29.3092,40.898602]},"properties":{"icao":"LTFJ","iata":"SAW","name":"Istanbul Sabiha Gökçen International Airport","country":"TR","continent":"AS","rank":95,"status":"partial","dailyProxy":101,"capturedFlights":115,"estDaily":101}},{"type":"Feature","geometry":{"type":"Point","coordinates":[28.732136,41.274874]},"properties":{"icao":"LTFM","iata":"IST","name":"Istanbul","country":"TR","continent":"EU","rank":null,"status":"complete","dailyProxy":33,"capturedFlights":1400,"estDaily":null}},{"type":"Feature","geometry":{"type":"Point","coordinates":[40.848802,41.179766]},"properties":{"icao":"LTFO","iata":"RZV","name":"Rize–Artvin Airport","country":"TR","continent":"AS","rank":null,"status":"partial","dailyProxy":8,"capturedFlights":8,"estDaily":null}},{"type":"Feature","geometry":{"type":"Point","coordinates":[28.931704,46.92774]},"properties":{"icao":"LUKK","iata":"RMO","name":"Chişinău International Airport","country":"MD","continent":"EU","rank":499,"status":"partial","dailyProxy":38,"capturedFlights":36,"estDaily":38}},{"type":"Feature","geometry":{"type":"Point","coordinates":[21.622581,41.958087]},"properties":{"icao":"LWSK","iata":"SKP","name":"Skopje International Airport","country":"MK","continent":"EU","rank":null,"status":"partial","dailyProxy":12,"capturedFlights":12,"estDaily":null}},{"type":"Feature","geometry":{"type":"Point","coordinates":[-5.34978,36.151679]},"properties":{"icao":"LXGB","iata":"GIB","name":"Gibraltar Airport","country":"GI","continent":"EU","rank":null,"status":"partial","dailyProxy":7,"capturedFlights":7,"estDaily":null}},{"type":"Feature","geometry":{"type":"Point","coordinates":[20.309099,44.818401]},"properties":{"icao":"LYBE","iata":"BEG","name":"Belgrade Nikola Tesla Airport","country":"RS","continent":"EU","rank":325,"status":"partial","dailyProxy":62,"capturedFlights":53,"estDaily":62}},{"type":"Feature","geometry":{"type":"Point","coordinates":[20.586662,43.817519]},"properties":{"icao":"LYKV","iata":"KVO","name":"Morava Airport","country":"RS","continent":"EU","rank":null,"status":"partial","dailyProxy":2,"capturedFlights":2,"estDaily":null}},{"type":"Feature","geometry":{"type":"Point","coordinates":[19.2519,42.359402]},"properties":{"icao":"LYPG","iata":"TGD","name":"Podgorica Airport / Podgorica Golubovci Airbase","country":"ME","continent":"EU","rank":null,"status":"partial","dailyProxy":8,"capturedFlights":8,"estDaily":null}},{"type":"Feature","geometry":{"type":"Point","coordinates":[18.723301,42.404701]},"properties":{"icao":"LYTV","iata":"TIV","name":"Tivat Airport","country":"ME","continent":"EU","rank":null,"status":"partial","dailyProxy":2,"capturedFlights":2,"estDaily":null}},{"type":"Feature","geometry":{"type":"Point","coordinates":[17.2127,48.1702]},"properties":{"icao":"LZIB","iata":"BTS","name":"M. R. Štefánik Airport","country":"SK","continent":"EU","rank":193,"status":"partial","dailyProxy":80,"capturedFlights":3,"estDaily":80}},{"type":"Feature","geometry":{"type":"Point","coordinates":[-71.142303,21.4445]},"properties":{"icao":"MBGT","iata":"GDT","name":"JAGS McCartney International Airport","country":"TC","continent":"NA","rank":null,"status":"partial","dailyProxy":1,"capturedFlights":1,"estDaily":null}},{"type":"Feature","geometry":{"type":"Point","coordinates":[-72.268321,21.773697]},"properties":{"icao":"MBPV","iata":"PLS","name":"Providenciales International Airport","country":"TC","continent":"NA","rank":null,"status":"partial","dailyProxy":10,"capturedFlights":19,"estDaily":null}},{"type":"Feature","geometry":{"type":"Point","coordinates":[-71.528503,21.515699]},"properties":{"icao":"MBSC","iata":"XSC","name":"South Caicos Airport","country":"TC","continent":"NA","rank":null,"status":"partial","dailyProxy":1,"capturedFlights":1,"estDaily":null}},{"type":"Feature","geometry":{"type":"Point","coordinates":[-68.911111,18.452222]},"properties":{"icao":"MDLR","iata":"LRM","name":"Casa De Campo International Airport","country":"DO","continent":"NA","rank":598,"status":"partial","dailyProxy":30,"capturedFlights":4,"estDaily":30}},{"type":"Feature","geometry":{"type":"Point","coordinates":[-68.364558,18.567093]},"properties":{"icao":"MDPC","iata":"PUJ","name":"Punta Cana International Airport","country":"DO","continent":"NA","rank":367,"status":"partial","dailyProxy":54,"capturedFlights":101,"estDaily":54}},{"type":"Feature","geometry":{"type":"Point","coordinates":[-70.57,19.7579]},"properties":{"icao":"MDPP","iata":"POP","name":"Gregorio Luperon International Airport","country":"DO","continent":"NA","rank":null,"status":"partial","dailyProxy":8,"capturedFlights":8,"estDaily":null}},{"type":"Feature","geometry":{"type":"Point","coordinates":[-69.668899536133,18.42970085144]},"properties":{"icao":"MDSD","iata":"SDQ","name":"Las Américas International Airport","country":"DO","continent":"NA","rank":427,"status":"partial","dailyProxy":45,"capturedFlights":63,"estDaily":45}},{"type":"Feature","geometry":{"type":"Point","coordinates":[-70.604431,19.40406]},"properties":{"icao":"MDST","iata":"STI","name":"Cibao International Airport","country":"DO","continent":"NA","rank":500,"status":"partial","dailyProxy":38,"capturedFlights":38,"estDaily":38}},{"type":"Feature","geometry":{"type":"Point","coordinates":[-90.527515,14.582896]},"properties":{"icao":"MGGT","iata":"GUA","name":"La Aurora International Airport","country":"GT","continent":"NA","rank":698,"status":"partial","dailyProxy":23,"capturedFlights":40,"estDaily":23}},{"type":"Feature","geometry":{"type":"Point","coordinates":[-87.923599,15.4526]},"properties":{"icao":"MHLM","iata":"SAP","name":"Ramón Villeda Morales International Airport","country":"HN","continent":"NA","rank":194,"status":"partial","dailyProxy":80,"capturedFlights":14,"estDaily":80}},{"type":"Feature","geometry":{"type":"Point","coordinates":[-87.621201,14.3824]},"properties":{"icao":"MHPR","iata":"XPL","name":"Palmerola International Airport","country":"HN","continent":"NA","rank":195,"status":"partial","dailyProxy":80,"capturedFlights":6,"estDaily":80}},{"type":"Feature","geometry":{"type":"Point","coordinates":[-86.523003,16.316799]},"properties":{"icao":"MHRO","iata":"RTB","name":"Juan Manuel Gálvez International Airport","country":"HN","continent":"NA","rank":196,"status":"partial","dailyProxy":80,"capturedFlights":5,"estDaily":80}},{"type":"Feature","geometry":{"type":"Point","coordinates":[-76.969754,18.404079]},"properties":{"icao":"MKBS","iata":"OCJ","name":"Ian Fleming International Airport","country":"JM","continent":"NA","rank":null,"status":"partial","dailyProxy":1,"capturedFlights":1,"estDaily":null}},{"type":"Feature","geometry":{"type":"Point","coordinates":[-76.7874984741211,17.935699462890625]},"properties":{"icao":"MKJP","iata":"KIN","name":"Norman Manley International Airport","country":"JM","continent":"NA","rank":null,"status":"partial","dailyProxy":17,"capturedFlights":17,"estDaily":null}},{"type":"Feature","geometry":{"type":"Point","coordinates":[-77.91323,18.50342]},"properties":{"icao":"MKJS","iata":"MBJ","name":"Sangster International Airport","country":"JM","continent":"NA","rank":760,"status":"partial","dailyProxy":21,"capturedFlights":44,"estDaily":21}},{"type":"Feature","geometry":{"type":"Point","coordinates":[-100.237,25.865601]},"properties":{"icao":"MMAN","iata":"NTR","name":"Del Norte International Airport","country":"MX","continent":"NA","rank":null,"status":"partial","dailyProxy":1,"capturedFlights":1,"estDaily":null}},{"type":"Feature","geometry":{"type":"Point","coordinates":[-102.318372,21.699589]},"properties":{"icao":"MMAS","iata":"AGU","name":"Aguascalientes International Airport","country":"MX","continent":"NA","rank":null,"status":"partial","dailyProxy":5,"capturedFlights":5,"estDaily":null}},{"type":"Feature","geometry":{"type":"Point","coordinates":[-96.260456,15.775437]},"properties":{"icao":"MMBT","iata":"HUX","name":"Bahías de Huatulco International Airport","country":"MX","continent":"NA","rank":null,"status":"partial","dailyProxy":2,"capturedFlights":2,"estDaily":null}},{"type":"Feature","geometry":{"type":"Point","coordinates":[-105.963764,28.702649]},"properties":{"icao":"MMCU","iata":"CUU","name":"General Roberto Fierro Villalobos International Airport","country":"MX","continent":"NA","rank":null,"status":"partial","dailyProxy":3,"capturedFlights":3,"estDaily":null}},{"type":"Feature","geometry":{"type":"Point","coordinates":[-86.928538,20.514922]},"properties":{"icao":"MMCZ","iata":"CZM","name":"Cozumel International Airport","country":"MX","continent":"NA","rank":null,"status":"partial","dailyProxy":3,"capturedFlights":6,"estDaily":null}},{"type":"Feature","geometry":{"type":"Point","coordinates":[-104.527938,24.125468]},"properties":{"icao":"MMDO","iata":"DGO","name":"General Guadalupe Victoria International Airport","country":"MX","continent":"NA","rank":null,"status":"partial","dailyProxy":1,"capturedFlights":1,"estDaily":null}},{"type":"Feature","geometry":{"type":"Point","coordinates":[-103.310108,20.523342]},"properties":{"icao":"MMGL","iata":"GDL","name":"Guadalajara International Airport","country":"MX","continent":"NA","rank":368,"status":"partial","dailyProxy":54,"capturedFlights":73,"estDaily":54}},{"type":"Feature","geometry":{"type":"Point","coordinates":[-111.053015,29.092811]},"properties":{"icao":"MMHO","iata":"HMO","name":"General Ignacio L. Pesqueira International Airport","country":"MX","continent":"NA","rank":null,"status":"partial","dailyProxy":2,"capturedFlights":2,"estDaily":null}},{"type":"Feature","geometry":{"type":"Point","coordinates":[-101.480284,20.992695]},"properties":{"icao":"MMLO","iata":"BJX","name":"Guanajuato International Airport","country":"MX","continent":"NA","rank":null,"status":"partial","dailyProxy":9,"capturedFlights":9,"estDaily":null}},{"type":"Feature","geometry":{"type":"Point","coordinates":[-110.362662,24.072331]},"properties":{"icao":"MMLP","iata":"LAP","name":"Manuel Márquez de León International Airport","country":"MX","continent":"NA","rank":null,"status":"partial","dailyProxy":2,"capturedFlights":2,"estDaily":null}},{"type":"Feature","geometry":{"type":"Point","coordinates":[-111.348408,25.989549]},"properties":{"icao":"MMLT","iata":"LTO","name":"Loreto International Airport","country":"MX","continent":"NA","rank":null,"status":"partial","dailyProxy":3,"capturedFlights":3,"estDaily":null}},{"type":"Feature","geometry":{"type":"Point","coordinates":[-89.645462,20.930485]},"properties":{"icao":"MMMD","iata":"MID","name":"Manuel Crescencio Rejón International Airport","country":"MX","continent":"NA","rank":null,"status":"partial","dailyProxy":6,"capturedFlights":6,"estDaily":null}},{"type":"Feature","geometry":{"type":"Point","coordinates":[-101.025002,19.849899]},"properties":{"icao":"MMMM","iata":"MLM","name":"General Francisco J. Mujica International Airport","country":"MX","continent":"NA","rank":null,"status":"partial","dailyProxy":6,"capturedFlights":11,"estDaily":null}},{"type":"Feature","geometry":{"type":"Point","coordinates":[-99.07033,19.435822]},"properties":{"icao":"MMMX","iata":"MEX","name":"Mexico City Benito Juárez International Airport","country":"MX","continent":"NA","rank":85,"status":"partial","dailyProxy":117,"capturedFlights":174,"estDaily":117}},{"type":"Feature","geometry":{"type":"Point","coordinates":[-100.106989,25.778521]},"properties":{"icao":"MMMY","iata":"MTY","name":"Monterrey International Airport","country":"MX","continent":"NA","rank":null,"status":"partial","dailyProxy":21,"capturedFlights":21,"estDaily":null}},{"type":"Feature","geometry":{"type":"Point","coordinates":[-106.264517,23.162823]},"properties":{"icao":"MMMZ","iata":"MZT","name":"General Rafael Buelna International Airport","country":"MX","continent":"NA","rank":null,"status":"partial","dailyProxy":3,"capturedFlights":3,"estDaily":null}},{"type":"Feature","geometry":{"type":"Point","coordinates":[-96.726092,16.998773]},"properties":{"icao":"MMOX","iata":"OAX","name":"Xoxocotlán International Airport","country":"MX","continent":"NA","rank":null,"status":"partial","dailyProxy":2,"capturedFlights":3,"estDaily":null}},{"type":"Feature","geometry":{"type":"Point","coordinates":[-98.371582,19.158465]},"properties":{"icao":"MMPB","iata":"PBC","name":"Hermanos Serdán International Airport","country":"MX","continent":"NA","rank":null,"status":"partial","dailyProxy":1,"capturedFlights":1,"estDaily":null}},{"type":"Feature","geometry":{"type":"Point","coordinates":[-105.254391,20.679913]},"properties":{"icao":"MMPR","iata":"PVR","name":"Puerto Vallarta International Airport","country":"MX","continent":"NA","rank":632,"status":"partial","dailyProxy":29,"capturedFlights":62,"estDaily":29}},{"type":"Feature","geometry":{"type":"Point","coordinates":[-97.0891,15.876808]},"properties":{"icao":"MMPS","iata":"PXM","name":"Puerto Escondido International Airport","country":"MX","continent":"NA","rank":null,"status":"partial","dailyProxy":1,"capturedFlights":1,"estDaily":null}},{"type":"Feature","geometry":{"type":"Point","coordinates":[-100.186449,20.618779]},"properties":{"icao":"MMQT","iata":"QRO","name":"Querétaro Intercontinental Airport","country":"MX","continent":"NA","rank":null,"status":"partial","dailyProxy":6,"capturedFlights":11,"estDaily":null}},{"type":"Feature","geometry":{"type":"Point","coordinates":[-109.720731,23.151919]},"properties":{"icao":"MMSD","iata":"SJD","name":"Los Cabos International Airport","country":"MX","continent":"NA","rank":501,"status":"partial","dailyProxy":38,"capturedFlights":71,"estDaily":38}},{"type":"Feature","geometry":{"type":"Point","coordinates":[-109.939479,22.949072]},"properties":{"icao":"MMSL","iata":"CSW","name":"Cabo San Lucas International Airport","country":"MX","continent":"NA","rank":null,"status":"partial","dailyProxy":3,"capturedFlights":5,"estDaily":null}},{"type":"Feature","geometry":{"type":"Point","coordinates":[-99.01507,19.743824]},"properties":{"icao":"MMSM","iata":"NLU","name":"Felipe Ángeles International Airport","country":"MX","continent":"NA","rank":null,"status":"partial","dailyProxy":6,"capturedFlights":6,"estDaily":null}},{"type":"Feature","geometry":{"type":"Point","coordinates":[-100.935692,22.262026]},"properties":{"icao":"MMSP","iata":"SLP","name":"Ponciano Arriaga International Airport","country":"MX","continent":"NA","rank":null,"status":"partial","dailyProxy":2,"capturedFlights":3,"estDaily":null}},{"type":"Feature","geometry":{"type":"Point","coordinates":[-103.404608,25.562265]},"properties":{"icao":"MMTC","iata":"TRC","name":"Francisco Sarabia Tinoco International Airport","country":"MX","continent":"NA","rank":null,"status":"partial","dailyProxy":1,"capturedFlights":1,"estDaily":null}},{"type":"Feature","geometry":{"type":"Point","coordinates":[-116.969976,32.541043]},"properties":{"icao":"MMTJ","iata":"TIJ","name":"General Abelardo L. Rodriguez International Airport","country":"MX","continent":"NA","rank":null,"status":"partial","dailyProxy":3,"capturedFlights":3,"estDaily":null}},{"type":"Feature","geometry":{"type":"Point","coordinates":[-87.660272,20.172098]},"properties":{"icao":"MMTL","iata":"TQO","name":"Felipe Carrillo Puerto International Airport Tulum","country":"MX","continent":"NA","rank":null,"status":"partial","dailyProxy":4,"capturedFlights":4,"estDaily":null}},{"type":"Feature","geometry":{"type":"Point","coordinates":[-97.867058,22.292622]},"properties":{"icao":"MMTM","iata":"TAM","name":"General Francisco Javier Mina International Airport","country":"MX","continent":"NA","rank":null,"status":"partial","dailyProxy":1,"capturedFlights":1,"estDaily":null}},{"type":"Feature","geometry":{"type":"Point","coordinates":[-99.56583,19.3369]},"properties":{"icao":"MMTO","iata":"TLC","name":"Adolfo López Mateos International Airport","country":"MX","continent":"NA","rank":null,"status":"partial","dailyProxy":2,"capturedFlights":2,"estDaily":null}},{"type":"Feature","geometry":{"type":"Point","coordinates":[-86.87347,21.040817]},"properties":{"icao":"MMUN","iata":"CUN","name":"Cancún International Airport","country":"MX","continent":"NA","rank":98,"status":"partial","dailyProxy":98,"capturedFlights":200,"estDaily":98}},{"type":"Feature","geometry":{"type":"Point","coordinates":[-96.188602,19.139589]},"properties":{"icao":"MMVR","iata":"VER","name":"General Heriberto Jara International Airport","country":"MX","continent":"NA","rank":null,"status":"partial","dailyProxy":2,"capturedFlights":2,"estDaily":null}},{"type":"Feature","geometry":{"type":"Point","coordinates":[-102.687154,22.894942]},"properties":{"icao":"MMZC","iata":"ZCL","name":"General Leobardo C. Ruiz International Airport","country":"MX","continent":"NA","rank":null,"status":"partial","dailyProxy":3,"capturedFlights":3,"estDaily":null}},{"type":"Feature","geometry":{"type":"Point","coordinates":[-101.460629,17.601771]},"properties":{"icao":"MMZH","iata":"ZIH","name":"Ixtapa-Zihuatanejo International Airport","country":"MX","continent":"NA","rank":null,"status":"partial","dailyProxy":4,"capturedFlights":4,"estDaily":null}},{"type":"Feature","geometry":{"type":"Point","coordinates":[-104.558998,19.1448]},"properties":{"icao":"MMZO","iata":"ZLO","name":"Playa de Oro International Airport","country":"MX","continent":"NA","rank":null,"status":"partial","dailyProxy":2,"capturedFlights":2,"estDaily":null}},{"type":"Feature","geometry":{"type":"Point","coordinates":[-86.168198,12.1415]},"properties":{"icao":"MNMG","iata":"MGA","name":"Augusto C. Sandino (Managua) International Airport","country":"NI","continent":"NA","rank":197,"status":"partial","dailyProxy":80,"capturedFlights":8,"estDaily":80}},{"type":"Feature","geometry":{"type":"Point","coordinates":[-80.127899169922,8.375880241394]},"properties":{"icao":"MPSM","iata":"RIH","name":"Scarlett Martinez International Airport","country":"PA","continent":"NA","rank":null,"status":"partial","dailyProxy":1,"capturedFlights":1,"estDaily":null}},{"type":"Feature","geometry":{"type":"Point","coordinates":[-79.383499,9.07136]},"properties":{"icao":"MPTO","iata":"PTY","name":"Tocumen International Airport","country":"PA","continent":"NA","rank":382,"status":"partial","dailyProxy":50,"capturedFlights":89,"estDaily":50}},{"type":"Feature","geometry":{"type":"Point","coordinates":[-85.544403,10.5933]},"properties":{"icao":"MRLB","iata":"LIR","name":"Daniel Oduber Quirós International Airport","country":"CR","continent":"NA","rank":null,"status":"partial","dailyProxy":11,"capturedFlights":21,"estDaily":null}},{"type":"Feature","geometry":{"type":"Point","coordinates":[-84.208801,9.99386]},"properties":{"icao":"MROC","iata":"SJO","name":"Juan Santamaría International Airport","country":"CR","continent":"NA","rank":522,"status":"partial","dailyProxy":36,"capturedFlights":61,"estDaily":36}},{"type":"Feature","geometry":{"type":"Point","coordinates":[-89.055784,13.44447]},"properties":{"icao":"MSLP","iata":"SAL","name":"El Salvador International Airport Saint Óscar Arnulfo Romero y Galdámez","country":"SV","continent":"NA","rank":523,"status":"partial","dailyProxy":36,"capturedFlights":52,"estDaily":36}},{"type":"Feature","geometry":{"type":"Point","coordinates":[-73.7883,18.271099]},"properties":{"icao":"MTCA","iata":"CYA","name":"Antoine-Simon International Airport","country":"HT","continent":"NA","rank":null,"status":"partial","dailyProxy":1,"capturedFlights":1,"estDaily":null}},{"type":"Feature","geometry":{"type":"Point","coordinates":[-72.20071,19.725547]},"properties":{"icao":"MTCH","iata":"CAP","name":"Cap Haitien International Airport","country":"HT","continent":"NA","rank":198,"status":"partial","dailyProxy":80,"capturedFlights":3,"estDaily":80}},{"type":"Feature","geometry":{"type":"Point","coordinates":[-72.292596,18.580023]},"properties":{"icao":"MTPP","iata":"PAP","name":"Toussaint Louverture International Airport","country":"HT","continent":"NA","rank":199,"status":"partial","dailyProxy":80,"capturedFlights":1,"estDaily":80}},{"type":"Feature","geometry":{"type":"Point","coordinates":[-78.32839965820001,22.461000442499998]},"properties":{"icao":"MUCC","iata":"CCC","name":"Jardines Del Rey Airport","country":"CU","continent":"NA","rank":null,"status":"partial","dailyProxy":1,"capturedFlights":1,"estDaily":null}},{"type":"Feature","geometry":{"type":"Point","coordinates":[-77.848039,21.419909]},"properties":{"icao":"MUCM","iata":"CMW","name":"Ignacio Agramonte International Airport","country":"CU","continent":"NA","rank":200,"status":"partial","dailyProxy":80,"capturedFlights":2,"estDaily":80}},{"type":"Feature","geometry":{"type":"Point","coordinates":[-82.40910339355469,22.989200592041016]},"properties":{"icao":"MUHA","iata":"HAV","name":"José Martí International Airport","country":"CU","continent":"NA","rank":202,"status":"partial","dailyProxy":80,"capturedFlights":20,"estDaily":80}},{"type":"Feature","geometry":{"type":"Point","coordinates":[-76.315526,20.785148]},"properties":{"icao":"MUHG","iata":"HOG","name":"Frank Pais International Airport","country":"CU","continent":"NA","rank":203,"status":"partial","dailyProxy":80,"capturedFlights":3,"estDaily":80}},{"type":"Feature","geometry":{"type":"Point","coordinates":[-79.943119,22.492215]},"properties":{"icao":"MUSC","iata":"SNU","name":"Abel Santamaria International Airport","country":"CU","continent":"NA","rank":204,"status":"partial","dailyProxy":80,"capturedFlights":4,"estDaily":80}},{"type":"Feature","geometry":{"type":"Point","coordinates":[-81.435303,23.034401]},"properties":{"icao":"MUVR","iata":"VRA","name":"Juan Gualberto Gomez International Airport","country":"CU","continent":"NA","rank":205,"status":"partial","dailyProxy":80,"capturedFlights":5,"estDaily":80}},{"type":"Feature","geometry":{"type":"Point","coordinates":[-81.357697,19.292801]},"properties":{"icao":"MWCR","iata":"GCM","name":"Owen Roberts International Airport","country":"KY","continent":"NA","rank":null,"status":"partial","dailyProxy":16,"capturedFlights":16,"estDaily":null}},{"type":"Feature","geometry":{"type":"Point","coordinates":[-77.084262,26.510711]},"properties":{"icao":"MYAM","iata":"MHH","name":"Leonard M. Thompson International Airport","country":"BS","continent":"NA","rank":null,"status":"partial","dailyProxy":10,"capturedFlights":10,"estDaily":null}},{"type":"Feature","geometry":{"type":"Point","coordinates":[-77.3912963867,26.745300293]},"properties":{"icao":"MYAT","iata":"TCB","name":"Treasure Cay Airport","country":"BS","continent":"NA","rank":null,"status":"partial","dailyProxy":2,"capturedFlights":2,"estDaily":null}},{"type":"Feature","geometry":{"type":"Point","coordinates":[-79.2647018433,25.6998996735]},"properties":{"icao":"MYBS","iata":"BIM","name":"South Bimini Airport","country":"BS","continent":"NA","rank":null,"status":"partial","dailyProxy":1,"capturedFlights":1,"estDaily":null}},{"type":"Feature","geometry":{"type":"Point","coordinates":[-75.452301,24.3153]},"properties":{"icao":"MYCB","iata":"TBI","name":"New Bight Airport","country":"BS","continent":"NA","rank":null,"status":"partial","dailyProxy":1,"capturedFlights":1,"estDaily":null}},{"type":"Feature","geometry":{"type":"Point","coordinates":[-75.877998,23.562599]},"properties":{"icao":"MYEF","iata":"GGT","name":"Exuma International Airport","country":"BS","continent":"NA","rank":null,"status":"partial","dailyProxy":4,"capturedFlights":4,"estDaily":null}},{"type":"Feature","geometry":{"type":"Point","coordinates":[-76.680784,25.475823]},"properties":{"icao":"MYEH","iata":"ELH","name":"North Eleuthera Airport","country":"BS","continent":"NA","rank":null,"status":"partial","dailyProxy":3,"capturedFlights":6,"estDaily":null}},{"type":"Feature","geometry":{"type":"Point","coordinates":[-76.820198,24.594299]},"properties":{"icao":"MYEN","iata":"NMC","name":"Normans Cay Airport","country":"BS","continent":"NA","rank":null,"status":"partial","dailyProxy":2,"capturedFlights":2,"estDaily":null}},{"type":"Feature","geometry":{"type":"Point","coordinates":[-78.695583,26.557996]},"properties":{"icao":"MYGF","iata":"FPO","name":"Grand Bahama International Airport","country":"BS","continent":"NA","rank":640,"status":"partial","dailyProxy":27,"capturedFlights":8,"estDaily":27}},{"type":"Feature","geometry":{"type":"Point","coordinates":[-75.268621,23.582317]},"properties":{"icao":"MYLS","iata":"SML","name":"Stella Maris Airport","country":"BS","continent":"NA","rank":null,"status":"partial","dailyProxy":2,"capturedFlights":2,"estDaily":null}},{"type":"Feature","geometry":{"type":"Point","coordinates":[-77.466202,25.039]},"properties":{"icao":"MYNN","iata":"NAS","name":"Lynden Pindling International Airport","country":"BS","continent":"NA","rank":476,"status":"partial","dailyProxy":41,"capturedFlights":98,"estDaily":41}},{"type":"Feature","geometry":{"type":"Point","coordinates":[-88.303556,17.539951]},"properties":{"icao":"MZBZ","iata":"BZE","name":"Philip S. W. Goldson International Airport","country":"BZ","continent":"NA","rank":null,"status":"partial","dailyProxy":5,"capturedFlights":9,"estDaily":null}},{"type":"Feature","geometry":{"type":"Point","coordinates":[177.437843,-17.761822]},"properties":{"icao":"NFFN","iata":"NAN","name":"Nadi International Airport","country":"FJ","continent":"OC","rank":null,"status":"partial","dailyProxy":6,"capturedFlights":6,"estDaily":null}},{"type":"Feature","geometry":{"type":"Point","coordinates":[-149.606936,-17.553472]},"properties":{"icao":"NTAA","iata":"PPT","name":"Fa'a'ā International Airport","country":"PF","continent":"OC","rank":null,"status":"partial","dailyProxy":7,"capturedFlights":7,"estDaily":null}},{"type":"Feature","geometry":{"type":"Point","coordinates":[174.786331,-37.01199]},"properties":{"icao":"NZAA","iata":"AKL","name":"Auckland International Airport","country":"NZ","continent":"OC","rank":342,"status":"partial","dailyProxy":60,"capturedFlights":56,"estDaily":60}},{"type":"Feature","geometry":{"type":"Point","coordinates":[172.532065,-43.489029]},"properties":{"icao":"NZCH","iata":"CHC","name":"Christchurch International Airport","country":"NZ","continent":"OC","rank":479,"status":"partial","dailyProxy":40,"capturedFlights":3,"estDaily":40}},{"type":"Feature","geometry":{"type":"Point","coordinates":[62.228298,34.209999]},"properties":{"icao":"OAHR","iata":"HEA","name":"Herat - Khwaja Abdullah Ansari International Airport","country":"AF","continent":"AS","rank":761,"status":"partial","dailyProxy":21,"capturedFlights":1,"estDaily":21}},{"type":"Feature","geometry":{"type":"Point","coordinates":[69.212303,34.565899]},"properties":{"icao":"OAKB","iata":"KBL","name":"Kabul International Airport","country":"AF","continent":"AS","rank":577,"status":"partial","dailyProxy":32,"capturedFlights":26,"estDaily":32}},{"type":"Feature","geometry":{"type":"Point","coordinates":[65.847963,31.505769]},"properties":{"icao":"OAKN","iata":"KDH","name":"Ahmad Shah Baba International Airport","country":"AF","continent":"AS","rank":762,"status":"partial","dailyProxy":21,"capturedFlights":1,"estDaily":21}},{"type":"Feature","geometry":{"type":"Point","coordinates":[67.210459,36.70412]},"properties":{"icao":"OAMS","iata":"MZR","name":"Mazar-i-Sharif International Airport","country":"AF","continent":"AS","rank":763,"status":"partial","dailyProxy":21,"capturedFlights":1,"estDaily":21}},{"type":"Feature","geometry":{"type":"Point","coordinates":[50.63764,26.267295]},"properties":{"icao":"OBBI","iata":"BAH","name":"Bahrain International Airport","country":"BH","continent":"AS","rank":72,"status":"partial","dailyProxy":129,"capturedFlights":142,"estDaily":129}},{"type":"Feature","geometry":{"type":"Point","coordinates":[42.656601,18.2404]},"properties":{"icao":"OEAB","iata":"AHB","name":"Abha International Airport","country":"SA","continent":"AS","rank":435,"status":"partial","dailyProxy":43,"capturedFlights":71,"estDaily":43}},{"type":"Feature","geometry":{"type":"Point","coordinates":[49.485199,25.285299]},"properties":{"icao":"OEAH","iata":"HOF","name":"Al-Ahsa International Airport","country":"SA","continent":"AS","rank":436,"status":"partial","dailyProxy":43,"capturedFlights":2,"estDaily":43}},{"type":"Feature","geometry":{"type":"Point","coordinates":[38.117048,26.483634]},"properties":{"icao":"OEAO","iata":"ULH","name":"Al-Ula International Airport","country":"SA","continent":"AS","rank":437,"status":"partial","dailyProxy":43,"capturedFlights":3,"estDaily":43}},{"type":"Feature","geometry":{"type":"Point","coordinates":[41.636153,20.298506]},"properties":{"icao":"OEBA","iata":"ABT","name":"King Saud Bin Abdulaziz (Al Baha) Airport","country":"SA","continent":"AS","rank":null,"status":"partial","dailyProxy":3,"capturedFlights":3,"estDaily":null}},{"type":"Feature","geometry":{"type":"Point","coordinates":[42.620899,19.9844]},"properties":{"icao":"OEBH","iata":"BHH","name":"Bisha Airport","country":"SA","continent":"AS","rank":null,"status":"partial","dailyProxy":5,"capturedFlights":5,"estDaily":null}},{"type":"Feature","geometry":{"type":"Point","coordinates":[49.798209,26.4691]},"properties":{"icao":"OEDF","iata":"DMM","name":"King Fahd International Airport","country":"SA","continent":"AS","rank":287,"status":"partial","dailyProxy":68,"capturedFlights":158,"estDaily":68}},{"type":"Feature","geometry":{"type":"Point","coordinates":[42.5858,16.9011]},"properties":{"icao":"OEGN","iata":"GIZ","name":"Jizan Regional Airport / King Abdullah bin Abdulaziz Airport","country":"SA","continent":"AS","rank":null,"status":"partial","dailyProxy":13,"capturedFlights":26,"estDaily":null}},{"type":"Feature","geometry":{"type":"Point","coordinates":[43.774399,26.302799]},"properties":{"icao":"OEGS","iata":"ELQ","name":"Prince Naif bin Abdulaziz International Airport","country":"SA","continent":"AS","rank":null,"status":"partial","dailyProxy":5,"capturedFlights":15,"estDaily":null}},{"type":"Feature","geometry":{"type":"Point","coordinates":[37.278898,31.412413]},"properties":{"icao":"OEGT","iata":"URY","name":"Gurayat Domestic Airport","country":"SA","continent":"AS","rank":null,"status":"partial","dailyProxy":3,"capturedFlights":3,"estDaily":null}},{"type":"Feature","geometry":{"type":"Point","coordinates":[41.686298,27.437901]},"properties":{"icao":"OEHL","iata":"HAS","name":"Hail International Airport","country":"SA","continent":"AS","rank":438,"status":"partial","dailyProxy":43,"capturedFlights":14,"estDaily":43}},{"type":"Feature","geometry":{"type":"Point","coordinates":[39.157436,21.680241]},"properties":{"icao":"OEJN","iata":"JED","name":"King Abdulaziz International Airport","country":"SA","continent":"AS","rank":22,"status":"partial","dailyProxy":254,"capturedFlights":1021,"estDaily":254}},{"type":"Feature","geometry":{"type":"Point","coordinates":[39.705101,24.5534]},"properties":{"icao":"OEMA","iata":"MED","name":"Prince Mohammad Bin Abdulaziz Airport","country":"SA","continent":"AS","rank":343,"status":"partial","dailyProxy":60,"capturedFlights":131,"estDaily":60}},{"type":"Feature","geometry":{"type":"Point","coordinates":[44.419201,17.611401]},"properties":{"icao":"OENG","iata":"EAM","name":"Najran Domestic Airport","country":"SA","continent":"AS","rank":null,"status":"partial","dailyProxy":7,"capturedFlights":14,"estDaily":null}},{"type":"Feature","geometry":{"type":"Point","coordinates":[35.29358,27.924261]},"properties":{"icao":"OENN","iata":"NUM","name":"Neom Bay Airport","country":"SA","continent":"AS","rank":439,"status":"partial","dailyProxy":43,"capturedFlights":2,"estDaily":43}},{"type":"Feature","geometry":{"type":"Point","coordinates":[46.127108,28.335726]},"properties":{"icao":"OEPA","iata":"AQI","name":"Qaisumah–Hafar Al-Batin International Airport","country":"SA","continent":"AS","rank":440,"status":"partial","dailyProxy":43,"capturedFlights":7,"estDaily":43}},{"type":"Feature","geometry":{"type":"Point","coordinates":[43.4906005859375,29.626399993896484]},"properties":{"icao":"OERF","iata":"RAH","name":"Rafha Domestic Airport","country":"SA","continent":"AS","rank":null,"status":"partial","dailyProxy":1,"capturedFlights":1,"estDaily":null}},{"type":"Feature","geometry":{"type":"Point","coordinates":[46.698799,24.9576]},"properties":{"icao":"OERK","iata":"RUH","name":"King Khalid International Airport","country":"SA","continent":"AS","rank":33,"status":"partial","dailyProxy":195,"capturedFlights":693,"estDaily":195}},{"type":"Feature","geometry":{"type":"Point","coordinates":[41.13819885253906,30.906600952148438]},"properties":{"icao":"OERR","iata":"RAE","name":"Arar Domestic Airport","country":"SA","continent":"AS","rank":null,"status":"partial","dailyProxy":3,"capturedFlights":3,"estDaily":null}},{"type":"Feature","geometry":{"type":"Point","coordinates":[37.088914,25.627975]},"properties":{"icao":"OERS","iata":"RSI","name":"Red Sea International Airport","country":"SA","continent":"AS","rank":441,"status":"partial","dailyProxy":43,"capturedFlights":3,"estDaily":43}},{"type":"Feature","geometry":{"type":"Point","coordinates":[47.121399,17.4669]},"properties":{"icao":"OESH","iata":"SHW","name":"Sharurah Domestic Airport","country":"SA","continent":"AS","rank":null,"status":"partial","dailyProxy":4,"capturedFlights":4,"estDaily":null}},{"type":"Feature","geometry":{"type":"Point","coordinates":[40.100905,29.783301]},"properties":{"icao":"OESK","iata":"AJF","name":"Al-Jawf International Airport","country":"SA","continent":"AS","rank":442,"status":"partial","dailyProxy":43,"capturedFlights":10,"estDaily":43}},{"type":"Feature","geometry":{"type":"Point","coordinates":[36.624865,28.3711]},"properties":{"icao":"OETB","iata":"TUU","name":"Prince Sultan bin Abdulaziz International Airport","country":"SA","continent":"AS","rank":443,"status":"partial","dailyProxy":43,"capturedFlights":44,"estDaily":43}},{"type":"Feature","geometry":{"type":"Point","coordinates":[40.544074,21.484739]},"properties":{"icao":"OETF","iata":"TIF","name":"Taif International Airport","country":"SA","continent":"AS","rank":null,"status":"partial","dailyProxy":6,"capturedFlights":23,"estDaily":null}},{"type":"Feature","geometry":{"type":"Point","coordinates":[38.731544,31.692188]},"properties":{"icao":"OETR","iata":"TUI","name":"Turaif Domestic Airport","country":"SA","continent":"AS","rank":null,"status":"partial","dailyProxy":1,"capturedFlights":1,"estDaily":null}},{"type":"Feature","geometry":{"type":"Point","coordinates":[45.1996,20.504299]},"properties":{"icao":"OEWD","iata":"WAE","name":"Wadi Al Dawasir Domestic Airport","country":"SA","continent":"AS","rank":null,"status":"partial","dailyProxy":1,"capturedFlights":1,"estDaily":null}},{"type":"Feature","geometry":{"type":"Point","coordinates":[38.0634,24.144199]},"properties":{"icao":"OEYN","iata":"YNB","name":"Prince Abdulmohsen Bin Abdulaziz International Airport","country":"SA","continent":"AS","rank":444,"status":"partial","dailyProxy":43,"capturedFlights":18,"estDaily":43}},{"type":"Feature","geometry":{"type":"Point","coordinates":[48.763789,31.3364]},"properties":{"icao":"OIAW","iata":"AWZ","name":"Qasem Soleimani International Airport","country":"IR","continent":"AS","rank":503,"status":"partial","dailyProxy":38,"capturedFlights":2,"estDaily":38}},{"type":"Feature","geometry":{"type":"Point","coordinates":[53.980462,26.525427]},"properties":{"icao":"OIBK","iata":"KIH","name":"Kish International Airport","country":"IR","continent":"AS","rank":504,"status":"partial","dailyProxy":38,"capturedFlights":2,"estDaily":38}},{"type":"Feature","geometry":{"type":"Point","coordinates":[51.883877,32.755142]},"properties":{"icao":"OIFM","iata":"IFN","name":"Isfahan Shahid Beheshti International Airport","country":"IR","continent":"AS","rank":505,"status":"partial","dailyProxy":38,"capturedFlights":3,"estDaily":38}},{"type":"Feature","geometry":{"type":"Point","coordinates":[51.152198791503906,35.416099548339844]},"properties":{"icao":"OIIE","iata":"IKA","name":"Imam Khomeini International Airport","country":"IR","continent":"AS","rank":358,"status":"partial","dailyProxy":57,"capturedFlights":45,"estDaily":57}},{"type":"Feature","geometry":{"type":"Point","coordinates":[51.314392,35.689175]},"properties":{"icao":"OIII","iata":"THR","name":"Mehrabad International Airport","country":"IR","continent":"AS","rank":506,"status":"partial","dailyProxy":38,"capturedFlights":2,"estDaily":38}},{"type":"Feature","geometry":{"type":"Point","coordinates":[56.3778,27.2183]},"properties":{"icao":"OIKB","iata":"BND","name":"Bandar Abbas International Airport","country":"IR","continent":"AS","rank":508,"status":"partial","dailyProxy":38,"capturedFlights":3,"estDaily":38}},{"type":"Feature","geometry":{"type":"Point","coordinates":[59.642949,36.234821]},"properties":{"icao":"OIMM","iata":"MHD","name":"Mashhad International Airport","country":"IR","continent":"AS","rank":512,"status":"partial","dailyProxy":38,"capturedFlights":2,"estDaily":38}},{"type":"Feature","geometry":{"type":"Point","coordinates":[54.383301,27.6747]},"properties":{"icao":"OISL","iata":"LRR","name":"Lar Airport","country":"IR","continent":"AS","rank":null,"status":"partial","dailyProxy":2,"capturedFlights":3,"estDaily":null}},{"type":"Feature","geometry":{"type":"Point","coordinates":[52.589802,29.5392]},"properties":{"icao":"OISS","iata":"SYZ","name":"Shiraz Shahid Dastghaib International Airport","country":"IR","continent":"AS","rank":513,"status":"partial","dailyProxy":38,"capturedFlights":3,"estDaily":38}},{"type":"Feature","geometry":{"type":"Point","coordinates":[45.0686988831,37.6680984497]},"properties":{"icao":"OITR","iata":"OMH","name":"Urmia Airport","country":"IR","continent":"AS","rank":null,"status":"partial","dailyProxy":1,"capturedFlights":1,"estDaily":null}},{"type":"Feature","geometry":{"type":"Point","coordinates":[46.235001,38.1339]},"properties":{"icao":"OITT","iata":"TBZ","name":"Tabriz International Airport","country":"IR","continent":"AS","rank":514,"status":"partial","dailyProxy":38,"capturedFlights":4,"estDaily":38}},{"type":"Feature","geometry":{"type":"Point","coordinates":[35.9931983948,31.7226009369]},"properties":{"icao":"OJAI","iata":"AMM","name":"Queen Alia International Airport","country":"JO","continent":"AS","rank":105,"status":"partial","dailyProxy":93,"capturedFlights":132,"estDaily":93}},{"type":"Feature","geometry":{"type":"Point","coordinates":[35.9916,31.9727]},"properties":{"icao":"OJAM","iata":"ADJ","name":"Marka International (Amman Civil) Airport","country":"JO","continent":"AS","rank":326,"status":"partial","dailyProxy":62,"capturedFlights":3,"estDaily":62}},{"type":"Feature","geometry":{"type":"Point","coordinates":[35.018101,29.611601]},"properties":{"icao":"OJAQ","iata":"AQJ","name":"King Hussein International Airport","country":"JO","continent":"AS","rank":327,"status":"partial","dailyProxy":62,"capturedFlights":2,"estDaily":62}},{"type":"Feature","geometry":{"type":"Point","coordinates":[47.969813,29.224487]},"properties":{"icao":"OKKK","iata":"KWI","name":"Kuwait International Airport","country":"KW","continent":"AS","rank":61,"status":"partial","dailyProxy":135,"capturedFlights":167,"estDaily":135}},{"type":"Feature","geometry":{"type":"Point","coordinates":[35.487443,33.819833]},"properties":{"icao":"OLBA","iata":"BEY","name":"Beirut Rafic Hariri International Airport","country":"LB","continent":"AS","rank":259,"status":"partial","dailyProxy":77,"capturedFlights":78,"estDaily":77}},{"type":"Feature","geometry":{"type":"Point","coordinates":[54.649237,24.440966]},"properties":{"icao":"OMAA","iata":"AUH","name":"Abu Dhabi International","country":"AE","continent":"AS","rank":null,"status":"complete","dailyProxy":46,"capturedFlights":1329,"estDaily":null}},{"type":"Feature","geometry":{"type":"Point","coordinates":[54.459866,24.427062]},"properties":{"icao":"OMAD","iata":"AZI","name":"Al Bateen Executive Airport","country":"AE","continent":"AS","rank":null,"status":"partial","dailyProxy":2,"capturedFlights":7,"estDaily":null}},{"type":"Feature","geometry":{"type":"Point","coordinates":[55.370992,25.24979]},"properties":{"icao":"OMDB","iata":"DXB","name":"Dubai International","country":"AE","continent":"AS","rank":null,"status":"complete","dailyProxy":60,"capturedFlights":2861,"estDaily":null}},{"type":"Feature","geometry":{"type":"Point","coordinates":[55.3661994934,25.0268001556]},"properties":{"icao":"OMDM","iata":"NHD","name":"Al Minhad Air Base","country":"AE","continent":"AS","rank":null,"status":"partial","dailyProxy":1,"capturedFlights":1,"estDaily":null}},{"type":"Feature","geometry":{"type":"Point","coordinates":[55.16235,24.896171]},"properties":{"icao":"OMDW","iata":"DWC","name":"Al Maktoum International Airport","country":"AE","continent":"AS","rank":383,"status":"partial","dailyProxy":50,"capturedFlights":66,"estDaily":50}},{"type":"Feature","geometry":{"type":"Point","coordinates":[56.328061,25.108411]},"properties":{"icao":"OMFJ","iata":"FJR","name":"Fujairah International Airport","country":"AE","continent":"AS","rank":568,"status":"partial","dailyProxy":33,"capturedFlights":5,"estDaily":33}},{"type":"Feature","geometry":{"type":"Point","coordinates":[55.938801,25.613501]},"properties":{"icao":"OMRK","iata":"RKT","name":"Ras Al Khaimah International Airport","country":"AE","continent":"AS","rank":569,"status":"partial","dailyProxy":33,"capturedFlights":4,"estDaily":33}},{"type":"Feature","geometry":{"type":"Point","coordinates":[55.5172,25.3286]},"properties":{"icao":"OMSJ","iata":"SHJ","name":"Sharjah International Airport","country":"AE","continent":"AS","rank":529,"status":"partial","dailyProxy":35,"capturedFlights":77,"estDaily":35}},{"type":"Feature","geometry":{"type":"Point","coordinates":[58.285268,23.600218]},"properties":{"icao":"OOMS","iata":"MCT","name":"Muscat International Airport","country":"OM","continent":"AS","rank":126,"status":"partial","dailyProxy":87,"capturedFlights":103,"estDaily":87}},{"type":"Feature","geometry":{"type":"Point","coordinates":[54.091301,17.0387]},"properties":{"icao":"OOSA","iata":"SLL","name":"Salalah International Airport","country":"OM","continent":"AS","rank":null,"status":"partial","dailyProxy":3,"capturedFlights":5,"estDaily":null}},{"type":"Feature","geometry":{"type":"Point","coordinates":[72.995319,31.364923]},"properties":{"icao":"OPFA","iata":"LYP","name":"Faisalabad International Airport","country":"PK","continent":"AS","rank":778,"status":"partial","dailyProxy":20,"capturedFlights":14,"estDaily":20}},{"type":"Feature","geometry":{"type":"Point","coordinates":[72.82566,33.549]},"properties":{"icao":"OPIS","iata":"ISB","name":"Islamabad International Airport","country":"PK","continent":"AS","rank":267,"status":"partial","dailyProxy":75,"capturedFlights":84,"estDaily":75}},{"type":"Feature","geometry":{"type":"Point","coordinates":[67.160797,24.9065]},"properties":{"icao":"OPKC","iata":"KHI","name":"Jinnah International Airport","country":"PK","continent":"AS","rank":106,"status":"partial","dailyProxy":92,"capturedFlights":88,"estDaily":92}},{"type":"Feature","geometry":{"type":"Point","coordinates":[74.403603,31.521601]},"properties":{"icao":"OPLA","iata":"LHE","name":"Allama Iqbal International Airport","country":"PK","continent":"AS","rank":299,"status":"partial","dailyProxy":66,"capturedFlights":67,"estDaily":66}},{"type":"Feature","geometry":{"type":"Point","coordinates":[71.419098,30.203199]},"properties":{"icao":"OPMT","iata":"MUX","name":"Multan International Airport","country":"PK","continent":"AS","rank":530,"status":"partial","dailyProxy":35,"capturedFlights":37,"estDaily":35}},{"type":"Feature","geometry":{"type":"Point","coordinates":[71.514603,33.9939]},"properties":{"icao":"OPPS","iata":"PEW","name":"Bacha Khan International Airport","country":"PK","continent":"AS","rank":700,"status":"partial","dailyProxy":23,"capturedFlights":23,"estDaily":23}},{"type":"Feature","geometry":{"type":"Point","coordinates":[66.937798,30.2514]},"properties":{"icao":"OPQT","iata":"UET","name":"Quetta International Airport","country":"PK","continent":"AS","rank":701,"status":"partial","dailyProxy":23,"capturedFlights":2,"estDaily":23}},{"type":"Feature","geometry":{"type":"Point","coordinates":[74.364623,32.535941]},"properties":{"icao":"OPST","iata":"SKT","name":"Sialkot International Airport","country":"PK","continent":"AS","rank":570,"status":"partial","dailyProxy":33,"capturedFlights":26,"estDaily":33}},{"type":"Feature","geometry":{"type":"Point","coordinates":[44.2346,33.262501]},"properties":{"icao":"ORBI","iata":"BGW","name":"Baghdad International Airport / New Al Muthana Air Base","country":"IQ","continent":"AS","rank":764,"status":"partial","dailyProxy":21,"capturedFlights":28,"estDaily":21}},{"type":"Feature","geometry":{"type":"Point","coordinates":[43.946615,36.236047]},"properties":{"icao":"ORER","iata":"EBL","name":"Erbil International Airport","country":"IQ","continent":"AS","rank":null,"status":"partial","dailyProxy":6,"capturedFlights":11,"estDaily":null}},{"type":"Feature","geometry":{"type":"Point","coordinates":[44.3489,35.469501]},"properties":{"icao":"ORKK","iata":"KIK","name":"Kirkuk International Airport","country":"IQ","continent":"AS","rank":null,"status":"partial","dailyProxy":4,"capturedFlights":4,"estDaily":null}},{"type":"Feature","geometry":{"type":"Point","coordinates":[47.662102,30.549101]},"properties":{"icao":"ORMM","iata":"BSR","name":"Basra International Airport","country":"IQ","continent":"AS","rank":null,"status":"partial","dailyProxy":3,"capturedFlights":8,"estDaily":null}},{"type":"Feature","geometry":{"type":"Point","coordinates":[44.405019,31.991116]},"properties":{"icao":"ORNI","iata":"NJF","name":"Al Najaf International Airport","country":"IQ","continent":"AS","rank":null,"status":"partial","dailyProxy":2,"capturedFlights":2,"estDaily":null}},{"type":"Feature","geometry":{"type":"Point","coordinates":[45.315137,35.560487]},"properties":{"icao":"ORSJ","iata":"ISU","name":"Jalal Talabani International Airport","country":"IQ","continent":"AS","rank":null,"status":"partial","dailyProxy":1,"capturedFlights":1,"estDaily":null}},{"type":"Feature","geometry":{"type":"Point","coordinates":[45.315137,35.560487]},"properties":{"icao":"ORSU","iata":"","name":"ORSU","country":"","continent":"","rank":null,"status":"partial","dailyProxy":1,"capturedFlights":1,"estDaily":null}},{"type":"Feature","geometry":{"type":"Point","coordinates":[37.226869,36.181262]},"properties":{"icao":"OSAP","iata":"ALP","name":"Aleppo International Airport","country":"SY","continent":"AS","rank":null,"status":"partial","dailyProxy":3,"capturedFlights":5,"estDaily":null}},{"type":"Feature","geometry":{"type":"Point","coordinates":[36.51559829711914,33.4114990234375]},"properties":{"icao":"OSDI","iata":"DAM","name":"Damascus International Airport","country":"SY","continent":"AS","rank":null,"status":"partial","dailyProxy":5,"capturedFlights":16,"estDaily":null}},{"type":"Feature","geometry":{"type":"Point","coordinates":[51.565528,25.259431]},"properties":{"icao":"OTBD","iata":"DIA","name":"Doha International Airport","country":"QA","continent":"AS","rank":40,"status":"partial","dailyProxy":176,"capturedFlights":3,"estDaily":176}},{"type":"Feature","geometry":{"type":"Point","coordinates":[51.608056,25.273056]},"properties":{"icao":"OTHH","iata":"DOH","name":"Hamad International Airport","country":"QA","continent":"AS","rank":20,"status":"partial","dailyProxy":264,"capturedFlights":614,"estDaily":264}},{"type":"Feature","geometry":{"type":"Point","coordinates":[45.029976,12.829564]},"properties":{"icao":"OYAA","iata":"ADE","name":"Aden International Airport","country":"YE","continent":"AS","rank":215,"status":"partial","dailyProxy":80,"capturedFlights":13,"estDaily":80}},{"type":"Feature","geometry":{"type":"Point","coordinates":[-147.856003,64.815102]},"properties":{"icao":"PAFA","iata":"FAI","name":"Fairbanks International Airport","country":"US","continent":"NA","rank":null,"status":"partial","dailyProxy":13,"capturedFlights":13,"estDaily":null}},{"type":"Feature","geometry":{"type":"Point","coordinates":[-134.574416,58.354935]},"properties":{"icao":"PAJN","iata":"JNU","name":"Juneau International Airport","country":"US","continent":"NA","rank":null,"status":"partial","dailyProxy":8,"capturedFlights":8,"estDaily":null}},{"type":"Feature","geometry":{"type":"Point","coordinates":[-131.7140045,55.35559845]},"properties":{"icao":"PAKT","iata":"KTN","name":"Ketchikan International Airport","country":"US","continent":"NA","rank":null,"status":"partial","dailyProxy":8,"capturedFlights":8,"estDaily":null}},{"type":"Feature","geometry":{"type":"Point","coordinates":[-149.992561,61.179004]},"properties":{"icao":"PANC","iata":"ANC","name":"Ted Stevens Anchorage International Airport","country":"US","continent":"NA","rank":47,"status":"partial","dailyProxy":161,"capturedFlights":225,"estDaily":161}},{"type":"Feature","geometry":{"type":"Point","coordinates":[-132.9450073,56.80170059]},"properties":{"icao":"PAPG","iata":"PSG","name":"Petersburg James A Johnson Airport","country":"US","continent":"NA","rank":null,"status":"partial","dailyProxy":1,"capturedFlights":1,"estDaily":null}},{"type":"Feature","geometry":{"type":"Point","coordinates":[145.728848,15.119384]},"properties":{"icao":"PGSN","iata":"SPN","name":"Saipan International Airport","country":"MP","continent":"OC","rank":null,"status":"partial","dailyProxy":6,"capturedFlights":6,"estDaily":null}},{"type":"Feature","geometry":{"type":"Point","coordinates":[144.797282,13.485]},"properties":{"icao":"PGUM","iata":"GUM","name":"Antonio B. Won Pat International Airport","country":"GU","continent":"OC","rank":432,"status":"partial","dailyProxy":44,"capturedFlights":35,"estDaily":44}},{"type":"Feature","geometry":{"type":"Point","coordinates":[-156.045603,19.738783]},"properties":{"icao":"PHKO","iata":"KOA","name":"Ellison Onizuka Kona International Airport at Keāhole","country":"US","continent":"OC","rank":null,"status":"partial","dailyProxy":24,"capturedFlights":24,"estDaily":null}},{"type":"Feature","geometry":{"type":"Point","coordinates":[-159.337146,21.974393]},"properties":{"icao":"PHLI","iata":"LIH","name":"Lihue Airport","country":"US","continent":"OC","rank":null,"status":"partial","dailyProxy":20,"capturedFlights":20,"estDaily":null}},{"type":"Feature","geometry":{"type":"Point","coordinates":[-157.92567,21.318387]},"properties":{"icao":"PHNL","iata":"HNL","name":"Daniel K. Inouye International Airport","country":"US","continent":"OC","rank":78,"status":"partial","dailyProxy":123,"capturedFlights":143,"estDaily":123}},{"type":"Feature","geometry":{"type":"Point","coordinates":[-156.431837,20.896263]},"properties":{"icao":"PHOG","iata":"OGG","name":"Kahului International Airport","country":"US","continent":"OC","rank":579,"status":"partial","dailyProxy":32,"capturedFlights":55,"estDaily":32}},{"type":"Feature","geometry":{"type":"Point","coordinates":[134.544085,7.366965]},"properties":{"icao":"PTRO","iata":"ROR","name":"Roman Tmetuchl International Airport","country":"PW","continent":"OC","rank":null,"status":"partial","dailyProxy":3,"capturedFlights":10,"estDaily":null}},{"type":"Feature","geometry":{"type":"Point","coordinates":[118.359001,24.4279]},"properties":{"icao":"RCBS","iata":"KNH","name":"金門尚義機場","country":"TW","continent":"AS","rank":null,"status":"complete","dailyProxy":84,"capturedFlights":925,"estDaily":null}},{"type":"Feature","geometry":{"type":"Point","coordinates":[119.417539,23.213127]},"properties":{"icao":"RCCM","iata":"CMJ","name":"七美機場","country":"TW","continent":"AS","rank":null,"status":"core-partial","dailyProxy":10,"capturedFlights":86,"estDaily":null}},{"type":"Feature","geometry":{"type":"Point","coordinates":[120.461712,22.672579]},"properties":{"icao":"RCDC","iata":"PIF","name":"屏東南機場","country":"TW","continent":"AS","rank":null,"status":"core-partial","dailyProxy":1,"capturedFlights":1,"estDaily":null}},{"type":"Feature","geometry":{"type":"Point","coordinates":[119.958376,26.159656]},"properties":{"icao":"RCFG","iata":"LZN","name":"馬祖南竿機場","country":"TW","continent":"AS","rank":null,"status":"core-partial","dailyProxy":11,"capturedFlights":121,"estDaily":null}},{"type":"Feature","geometry":{"type":"Point","coordinates":[121.101794,22.754856]},"properties":{"icao":"RCFN","iata":"TTT","name":"台東豐年機場","country":"TW","continent":"AS","rank":null,"status":"core-partial","dailyProxy":21,"capturedFlights":230,"estDaily":null}},{"type":"Feature","geometry":{"type":"Point","coordinates":[121.466003,22.673901]},"properties":{"icao":"RCGI","iata":"GNI","name":"綠島機場","country":"TW","continent":"AS","rank":null,"status":"core-partial","dailyProxy":5,"capturedFlights":49,"estDaily":null}},{"type":"Feature","geometry":{"type":"Point","coordinates":[120.349998,22.577101]},"properties":{"icao":"RCKH","iata":"KHH","name":"高雄國際機場","country":"TW","continent":"AS","rank":null,"status":"complete","dailyProxy":62,"capturedFlights":1805,"estDaily":null}},{"type":"Feature","geometry":{"type":"Point","coordinates":[120.390544,23.462577]},"properties":{"icao":"RCKU","iata":"CYI","name":"嘉義機場","country":"TW","continent":"AS","rank":null,"status":"core-partial","dailyProxy":4,"capturedFlights":40,"estDaily":null}},{"type":"Feature","geometry":{"type":"Point","coordinates":[121.53500366210938,22.027000427246094]},"properties":{"icao":"RCLY","iata":"KYD","name":"蘭嶼機場","country":"TW","continent":"AS","rank":null,"status":"core-partial","dailyProxy":10,"capturedFlights":68,"estDaily":null}},{"type":"Feature","geometry":{"type":"Point","coordinates":[120.621002,24.2647]},"properties":{"icao":"RCMQ","iata":"RMQ","name":"台中清泉崗","country":"TW","continent":"AS","rank":null,"status":"complete","dailyProxy":76,"capturedFlights":912,"estDaily":null}},{"type":"Feature","geometry":{"type":"Point","coordinates":[120.002679,26.22414]},"properties":{"icao":"RCMT","iata":"MFK","name":"馬祖北竿機場","country":"TW","continent":"AS","rank":null,"status":"core-partial","dailyProxy":4,"capturedFlights":36,"estDaily":null}},{"type":"Feature","geometry":{"type":"Point","coordinates":[120.206001,22.950399]},"properties":{"icao":"RCNN","iata":"TNN","name":"台南機場","country":"TW","continent":"AS","rank":null,"status":"core-partial","dailyProxy":14,"capturedFlights":153,"estDaily":null}},{"type":"Feature","geometry":{"type":"Point","coordinates":[119.627998,23.568701]},"properties":{"icao":"RCQC","iata":"MZG","name":"澎湖馬公機場","country":"TW","continent":"AS","rank":null,"status":"complete","dailyProxy":100,"capturedFlights":1104,"estDaily":null}},{"type":"Feature","geometry":{"type":"Point","coordinates":[121.552822,25.067244]},"properties":{"icao":"RCSS","iata":"TSA","name":"松山機場","country":"TW","continent":"AS","rank":null,"status":"complete","dailyProxy":127,"capturedFlights":1526,"estDaily":null}},{"type":"Feature","geometry":{"type":"Point","coordinates":[121.233002,25.0777]},"properties":{"icao":"RCTP","iata":"TPE","name":"桃園國際機場","country":"TW","continent":"AS","rank":null,"status":"complete","dailyProxy":171,"capturedFlights":7680,"estDaily":null}},{"type":"Feature","geometry":{"type":"Point","coordinates":[119.503598,23.369108]},"properties":{"icao":"RCWA","iata":"WOT","name":"Wang'an Airport","country":"TW","continent":"AS","rank":null,"status":"core-partial","dailyProxy":2,"capturedFlights":6,"estDaily":null}},{"type":"Feature","geometry":{"type":"Point","coordinates":[121.617991,24.023163]},"properties":{"icao":"RCYU","iata":"HUN","name":"花蓮機場","country":"TW","continent":"AS","rank":null,"status":"core-partial","dailyProxy":4,"capturedFlights":44,"estDaily":null}},{"type":"Feature","geometry":{"type":"Point","coordinates":[140.388714,35.76858]},"properties":{"icao":"RJAA","iata":"NRT","name":"成田国際空港","country":"JP","continent":"AS","rank":null,"status":"complete","dailyProxy":67,"capturedFlights":1009,"estDaily":null}},{"type":"Feature","geometry":{"type":"Point","coordinates":[137.923004,36.166801]},"properties":{"icao":"RJAF","iata":"MMJ","name":"松本空港","country":"JP","continent":"AS","rank":null,"status":"core-partial","dailyProxy":8,"capturedFlights":8,"estDaily":null}},{"type":"Feature","geometry":{"type":"Point","coordinates":[140.414434,36.181456]},"properties":{"icao":"RJAH","iata":"IBR","name":"茨城空港","country":"JP","continent":"AS","rank":null,"status":"core-partial","dailyProxy":20,"capturedFlights":20,"estDaily":null}},{"type":"Feature","geometry":{"type":"Point","coordinates":[135.244003,34.427299]},"properties":{"icao":"RJBB","iata":"KIX","name":"関西国際空港","country":"JP","continent":"AS","rank":null,"status":"complete","dailyProxy":61,"capturedFlights":794,"estDaily":null}},{"type":"Feature","geometry":{"type":"Point","coordinates":[135.363998413,33.6622009277]},"properties":{"icao":"RJBD","iata":"SHM","name":"南紀白浜空港","country":"JP","continent":"AS","rank":null,"status":"core-partial","dailyProxy":8,"capturedFlights":8,"estDaily":null}},{"type":"Feature","geometry":{"type":"Point","coordinates":[135.223999,34.632801]},"properties":{"icao":"RJBE","iata":"UKB","name":"神戸空港","country":"JP","continent":"AS","rank":null,"status":"complete","dailyProxy":11,"capturedFlights":125,"estDaily":null}},{"type":"Feature","geometry":{"type":"Point","coordinates":[134.787003,35.512798]},"properties":{"icao":"RJBT","iata":"TJH","name":"但馬空港","country":"JP","continent":"AS","rank":null,"status":"core-partial","dailyProxy":6,"capturedFlights":6,"estDaily":null}},{"type":"Feature","geometry":{"type":"Point","coordinates":[143.216995239,42.7332992554]},"properties":{"icao":"RJCB","iata":"OBO","name":"とかち帯広空港","country":"JP","continent":"AS","rank":null,"status":"core-partial","dailyProxy":29,"capturedFlights":29,"estDaily":null}},{"type":"Feature","geometry":{"type":"Point","coordinates":[141.690414,42.774753]},"properties":{"icao":"RJCC","iata":"CTS","name":"新千歳空港","country":"JP","continent":"AS","rank":null,"status":"complete","dailyProxy":39,"capturedFlights":463,"estDaily":null}},{"type":"Feature","geometry":{"type":"Point","coordinates":[140.822006,41.77]},"properties":{"icao":"RJCH","iata":"HKD","name":"函館空港","country":"JP","continent":"AS","rank":null,"status":"core-partial","dailyProxy":5,"capturedFlights":52,"estDaily":null}},{"type":"Feature","geometry":{"type":"Point","coordinates":[144.192993,43.041]},"properties":{"icao":"RJCK","iata":"KUH","name":"釧路空港","country":"JP","continent":"AS","rank":null,"status":"core-partial","dailyProxy":14,"capturedFlights":14,"estDaily":null}},{"type":"Feature","geometry":{"type":"Point","coordinates":[144.164001465,43.8805999756]},"properties":{"icao":"RJCM","iata":"MMB","name":"女満別空港","country":"JP","continent":"AS","rank":null,"status":"core-partial","dailyProxy":15,"capturedFlights":15,"estDaily":null}},{"type":"Feature","geometry":{"type":"Point","coordinates":[141.38134,43.117447]},"properties":{"icao":"RJCO","iata":"OKD","name":"Sapporo Okadama Airport","country":"JP","continent":"AS","rank":772,"status":"partial","dailyProxy":21,"capturedFlights":14,"estDaily":21}},{"type":"Feature","geometry":{"type":"Point","coordinates":[141.800994873,45.4042015076]},"properties":{"icao":"RJCW","iata":"WKJ","name":"稚内空港","country":"JP","continent":"AS","rank":null,"status":"core-partial","dailyProxy":2,"capturedFlights":2,"estDaily":null}},{"type":"Feature","geometry":{"type":"Point","coordinates":[130.158997,32.482498]},"properties":{"icao":"RJDA","iata":"AXJ","name":"天草空港","country":"JP","continent":"AS","rank":null,"status":"core-partial","dailyProxy":11,"capturedFlights":11,"estDaily":null}},{"type":"Feature","geometry":{"type":"Point","coordinates":[129.785003662,33.7490005493]},"properties":{"icao":"RJDB","iata":"IKI","name":"Iki Airport","country":"JP","continent":"AS","rank":null,"status":"core-partial","dailyProxy":6,"capturedFlights":6,"estDaily":null}},{"type":"Feature","geometry":{"type":"Point","coordinates":[131.279007,33.93]},"properties":{"icao":"RJDC","iata":"UBJ","name":"山口宇部空港","country":"JP","continent":"AS","rank":null,"status":"core-partial","dailyProxy":18,"capturedFlights":18,"estDaily":null}},{"type":"Feature","geometry":{"type":"Point","coordinates":[129.330993652,34.2849006653]},"properties":{"icao":"RJDT","iata":"TSJ","name":"Tsushima Airport","country":"JP","continent":"AS","rank":null,"status":"partial","dailyProxy":4,"capturedFlights":4,"estDaily":null}},{"type":"Feature","geometry":{"type":"Point","coordinates":[142.447006,43.670799]},"properties":{"icao":"RJEC","iata":"AKJ","name":"旭川空港","country":"JP","continent":"AS","rank":null,"status":"core-partial","dailyProxy":8,"capturedFlights":16,"estDaily":null}},{"type":"Feature","geometry":{"type":"Point","coordinates":[139.432998657,42.0717010498]},"properties":{"icao":"RJEO","iata":"OIR","name":"Okushiri Airport","country":"JP","continent":"AS","rank":null,"status":"partial","dailyProxy":2,"capturedFlights":2,"estDaily":null}},{"type":"Feature","geometry":{"type":"Point","coordinates":[130.658997,30.385599]},"properties":{"icao":"RJFC","iata":"KUM","name":"屋久島空港","country":"JP","continent":"AS","rank":null,"status":"core-partial","dailyProxy":12,"capturedFlights":12,"estDaily":null}},{"type":"Feature","geometry":{"type":"Point","coordinates":[128.832993,32.666302]},"properties":{"icao":"RJFE","iata":"FUJ","name":"福江空港","country":"JP","continent":"AS","rank":null,"status":"core-partial","dailyProxy":15,"capturedFlights":15,"estDaily":null}},{"type":"Feature","geometry":{"type":"Point","coordinates":[130.4510040283203,33.585899353027344]},"properties":{"icao":"RJFF","iata":"FUK","name":"福岡空港","country":"JP","continent":"AS","rank":null,"status":"complete","dailyProxy":53,"capturedFlights":578,"estDaily":null}},{"type":"Feature","geometry":{"type":"Point","coordinates":[130.990997314,30.605100631699997]},"properties":{"icao":"RJFG","iata":"TNE","name":"種子島空港","country":"JP","continent":"AS","rank":null,"status":"core-partial","dailyProxy":8,"capturedFlights":8,"estDaily":null}},{"type":"Feature","geometry":{"type":"Point","coordinates":[130.718994,31.8034]},"properties":{"icao":"RJFK","iata":"KOJ","name":"鹿児島空港","country":"JP","continent":"AS","rank":null,"status":"complete","dailyProxy":32,"capturedFlights":158,"estDaily":null}},{"type":"Feature","geometry":{"type":"Point","coordinates":[131.449005,31.877199]},"properties":{"icao":"RJFM","iata":"KMI","name":"宮崎空港","country":"JP","continent":"AS","rank":null,"status":"complete","dailyProxy":21,"capturedFlights":105,"estDaily":null}},{"type":"Feature","geometry":{"type":"Point","coordinates":[131.736999512,33.479400634799994]},"properties":{"icao":"RJFO","iata":"OIT","name":"大分空港","country":"JP","continent":"AS","rank":null,"status":"core-partial","dailyProxy":23,"capturedFlights":45,"estDaily":null}},{"type":"Feature","geometry":{"type":"Point","coordinates":[131.035004,33.845901]},"properties":{"icao":"RJFR","iata":"KKJ","name":"北九州空港","country":"JP","continent":"AS","rank":null,"status":"core-partial","dailyProxy":11,"capturedFlights":44,"estDaily":null}},{"type":"Feature","geometry":{"type":"Point","coordinates":[130.302002,33.1497]},"properties":{"icao":"RJFS","iata":"HSG","name":"佐賀空港","country":"JP","continent":"AS","rank":null,"status":"core-partial","dailyProxy":3,"capturedFlights":20,"estDaily":null}},{"type":"Feature","geometry":{"type":"Point","coordinates":[130.854996,32.837299]},"properties":{"icao":"RJFT","iata":"KMJ","name":"熊本空港","country":"JP","continent":"AS","rank":null,"status":"complete","dailyProxy":13,"capturedFlights":133,"estDaily":null}},{"type":"Feature","geometry":{"type":"Point","coordinates":[129.914001,32.916901]},"properties":{"icao":"RJFU","iata":"NGS","name":"長崎空港","country":"JP","continent":"AS","rank":null,"status":"complete","dailyProxy":75,"capturedFlights":75,"estDaily":null}},{"type":"Feature","geometry":{"type":"Point","coordinates":[136.804993,34.858398]},"properties":{"icao":"RJGG","iata":"NGO","name":"中部国際空港（セントレア）","country":"JP","continent":"AS","rank":null,"status":"complete","dailyProxy":30,"capturedFlights":329,"estDaily":null}},{"type":"Feature","geometry":{"type":"Point","coordinates":[129.71299743652344,28.430599212646484]},"properties":{"icao":"RJKA","iata":"ASJ","name":"奄美空港","country":"JP","continent":"AS","rank":null,"status":"core-partial","dailyProxy":28,"capturedFlights":28,"estDaily":null}},{"type":"Feature","geometry":{"type":"Point","coordinates":[128.705564,27.431604]},"properties":{"icao":"RJKB","iata":"OKE","name":"沖永良部空港","country":"JP","continent":"AS","rank":null,"status":"core-partial","dailyProxy":8,"capturedFlights":8,"estDaily":null}},{"type":"Feature","geometry":{"type":"Point","coordinates":[129.927993774,28.321300506599997]},"properties":{"icao":"RJKI","iata":"KKX","name":"喜界空港","country":"JP","continent":"AS","rank":null,"status":"core-partial","dailyProxy":8,"capturedFlights":8,"estDaily":null}},{"type":"Feature","geometry":{"type":"Point","coordinates":[128.881356,27.836382]},"properties":{"icao":"RJKN","iata":"TKN","name":"徳之島空港","country":"JP","continent":"AS","rank":null,"status":"core-partial","dailyProxy":10,"capturedFlights":10,"estDaily":null}},{"type":"Feature","geometry":{"type":"Point","coordinates":[136.924095,35.255759]},"properties":{"icao":"RJNA","iata":"NKM","name":"名古屋飛行場（小牧）","country":"JP","continent":"AS","rank":null,"status":"complete","dailyProxy":58,"capturedFlights":58,"estDaily":null}},{"type":"Feature","geometry":{"type":"Point","coordinates":[136.406895,36.393407]},"properties":{"icao":"RJNK","iata":"KMQ","name":"小松空港","country":"JP","continent":"AS","rank":null,"status":"core-partial","dailyProxy":4,"capturedFlights":44,"estDaily":null}},{"type":"Feature","geometry":{"type":"Point","coordinates":[133.323566,36.178388]},"properties":{"icao":"RJNO","iata":"OKI","name":"隠岐空港","country":"JP","continent":"AS","rank":null,"status":"core-partial","dailyProxy":4,"capturedFlights":4,"estDaily":null}},{"type":"Feature","geometry":{"type":"Point","coordinates":[138.190976,34.795022]},"properties":{"icao":"RJNS","iata":"FSZ","name":"静岡空港","country":"JP","continent":"AS","rank":null,"status":"core-partial","dailyProxy":27,"capturedFlights":27,"estDaily":null}},{"type":"Feature","geometry":{"type":"Point","coordinates":[137.187359,36.648416]},"properties":{"icao":"RJNT","iata":"TOY","name":"富山空港","country":"JP","continent":"AS","rank":null,"status":"core-partial","dailyProxy":5,"capturedFlights":9,"estDaily":null}},{"type":"Feature","geometry":{"type":"Point","coordinates":[136.962006,37.293098]},"properties":{"icao":"RJNW","iata":"NTQ","name":"能登空港","country":"JP","continent":"AS","rank":null,"status":"core-partial","dailyProxy":4,"capturedFlights":4,"estDaily":null}},{"type":"Feature","geometry":{"type":"Point","coordinates":[132.919006,34.4361]},"properties":{"icao":"RJOA","iata":"HIJ","name":"広島空港","country":"JP","continent":"AS","rank":null,"status":"core-partial","dailyProxy":6,"capturedFlights":57,"estDaily":null}},{"type":"Feature","geometry":{"type":"Point","coordinates":[133.854996,34.756901]},"properties":{"icao":"RJOB","iata":"OKJ","name":"岡山空港","country":"JP","continent":"AS","rank":null,"status":"core-partial","dailyProxy":5,"capturedFlights":50,"estDaily":null}},{"type":"Feature","geometry":{"type":"Point","coordinates":[132.889999,35.413601]},"properties":{"icao":"RJOC","iata":"IZO","name":"出雲空港","country":"JP","continent":"AS","rank":null,"status":"core-partial","dailyProxy":28,"capturedFlights":28,"estDaily":null}},{"type":"Feature","geometry":{"type":"Point","coordinates":[133.235992,35.492199]},"properties":{"icao":"RJOH","iata":"YGJ","name":"米子空港","country":"JP","continent":"AS","rank":null,"status":"core-partial","dailyProxy":19,"capturedFlights":19,"estDaily":null}},{"type":"Feature","geometry":{"type":"Point","coordinates":[132.247238,34.146333]},"properties":{"icao":"RJOI","iata":"IWK","name":"岩国錦帯橋空港","country":"JP","continent":"AS","rank":null,"status":"core-partial","dailyProxy":24,"capturedFlights":24,"estDaily":null}},{"type":"Feature","geometry":{"type":"Point","coordinates":[133.670166,33.545217]},"properties":{"icao":"RJOK","iata":"KCZ","name":"高知龍馬空港","country":"JP","continent":"AS","rank":null,"status":"core-partial","dailyProxy":19,"capturedFlights":38,"estDaily":null}},{"type":"Feature","geometry":{"type":"Point","coordinates":[132.700114,33.826893]},"properties":{"icao":"RJOM","iata":"MYJ","name":"松山空港","country":"JP","continent":"AS","rank":null,"status":"complete","dailyProxy":13,"capturedFlights":75,"estDaily":null}},{"type":"Feature","geometry":{"type":"Point","coordinates":[135.440829,34.780853]},"properties":{"icao":"RJOO","iata":"ITM","name":"大阪国際空港（伊丹）","country":"JP","continent":"AS","rank":null,"status":"complete","dailyProxy":340,"capturedFlights":340,"estDaily":null}},{"type":"Feature","geometry":{"type":"Point","coordinates":[134.165023,35.530058]},"properties":{"icao":"RJOR","iata":"TTJ","name":"鳥取空港","country":"JP","continent":"AS","rank":null,"status":"core-partial","dailyProxy":8,"capturedFlights":8,"estDaily":null}},{"type":"Feature","geometry":{"type":"Point","coordinates":[134.607816,34.132559]},"properties":{"icao":"RJOS","iata":"TKS","name":"徳島空港","country":"JP","continent":"AS","rank":null,"status":"core-partial","dailyProxy":22,"capturedFlights":22,"estDaily":null}},{"type":"Feature","geometry":{"type":"Point","coordinates":[134.015454,34.214963]},"properties":{"icao":"RJOT","iata":"TAK","name":"高松空港","country":"JP","continent":"AS","rank":null,"status":"core-partial","dailyProxy":7,"capturedFlights":72,"estDaily":null}},{"type":"Feature","geometry":{"type":"Point","coordinates":[131.789993286,34.676399231]},"properties":{"icao":"RJOW","iata":"IWJ","name":"石見空港","country":"JP","continent":"AS","rank":null,"status":"core-partial","dailyProxy":4,"capturedFlights":4,"estDaily":null}},{"type":"Feature","geometry":{"type":"Point","coordinates":[140.689477,40.733777]},"properties":{"icao":"RJSA","iata":"AOJ","name":"青森空港","country":"JP","continent":"AS","rank":null,"status":"core-partial","dailyProxy":5,"capturedFlights":27,"estDaily":null}},{"type":"Feature","geometry":{"type":"Point","coordinates":[140.371002,38.4119]},"properties":{"icao":"RJSC","iata":"GAJ","name":"山形空港","country":"JP","continent":"AS","rank":null,"status":"core-partial","dailyProxy":13,"capturedFlights":13,"estDaily":null}},{"type":"Feature","geometry":{"type":"Point","coordinates":[140.43099975585938,37.22740173339844]},"properties":{"icao":"RJSF","iata":"FKS","name":"福島空港","country":"JP","continent":"AS","rank":null,"status":"core-partial","dailyProxy":3,"capturedFlights":15,"estDaily":null}},{"type":"Feature","geometry":{"type":"Point","coordinates":[141.134995,39.4286]},"properties":{"icao":"RJSI","iata":"HNA","name":"花巻空港","country":"JP","continent":"AS","rank":null,"status":"core-partial","dailyProxy":10,"capturedFlights":19,"estDaily":null}},{"type":"Feature","geometry":{"type":"Point","coordinates":[140.218994,39.615601]},"properties":{"icao":"RJSK","iata":"AXT","name":"秋田空港","country":"JP","continent":"AS","rank":null,"status":"core-partial","dailyProxy":7,"capturedFlights":37,"estDaily":null}},{"type":"Feature","geometry":{"type":"Point","coordinates":[141.367996,40.703201]},"properties":{"icao":"RJSM","iata":"MSJ","name":"三沢空港","country":"JP","continent":"AS","rank":null,"status":"core-partial","dailyProxy":11,"capturedFlights":11,"estDaily":null}},{"type":"Feature","geometry":{"type":"Point","coordinates":[139.112189,37.954166]},"properties":{"icao":"RJSN","iata":"KIJ","name":"新潟空港","country":"JP","continent":"AS","rank":null,"status":"core-partial","dailyProxy":19,"capturedFlights":37,"estDaily":null}},{"type":"Feature","geometry":{"type":"Point","coordinates":[140.371002,40.191898]},"properties":{"icao":"RJSR","iata":"ONJ","name":"大館能代空港","country":"JP","continent":"AS","rank":null,"status":"core-partial","dailyProxy":6,"capturedFlights":6,"estDaily":null}},{"type":"Feature","geometry":{"type":"Point","coordinates":[140.917007,38.139702]},"properties":{"icao":"RJSS","iata":"SDJ","name":"仙台空港","country":"JP","continent":"AS","rank":null,"status":"complete","dailyProxy":17,"capturedFlights":155,"estDaily":null}},{"type":"Feature","geometry":{"type":"Point","coordinates":[139.787003,38.812199]},"properties":{"icao":"RJSY","iata":"SYO","name":"庄内空港","country":"JP","continent":"AS","rank":null,"status":"core-partial","dailyProxy":9,"capturedFlights":9,"estDaily":null}},{"type":"Feature","geometry":{"type":"Point","coordinates":[139.449997,35.454601]},"properties":{"icao":"RJTA","iata":"NJA","name":"JMSDF Atsugi Air Base / Naval Air Facility Atsugi","country":"JP","continent":"AS","rank":null,"status":"partial","dailyProxy":3,"capturedFlights":3,"estDaily":null}},{"type":"Feature","geometry":{"type":"Point","coordinates":[139.785645,33.114843]},"properties":{"icao":"RJTH","iata":"HAC","name":"八丈島空港","country":"JP","continent":"AS","rank":null,"status":"core-partial","dailyProxy":8,"capturedFlights":8,"estDaily":null}},{"type":"Feature","geometry":{"type":"Point","coordinates":[139.786958,35.549678]},"properties":{"icao":"RJTT","iata":"HND","name":"東京国際空港（羽田）","country":"JP","continent":"AS","rank":null,"status":"complete","dailyProxy":100,"capturedFlights":1394,"estDaily":null}},{"type":"Feature","geometry":{"type":"Point","coordinates":[139.348007,35.748501]},"properties":{"icao":"RJTY","iata":"OKO","name":"Yokota Air Base","country":"JP","continent":"AS","rank":null,"status":"partial","dailyProxy":1,"capturedFlights":1,"estDaily":null}},{"type":"Feature","geometry":{"type":"Point","coordinates":[126.805444,35.123173]},"properties":{"icao":"RKJJ","iata":"KWJ","name":"Gwangju Airport","country":"KR","continent":"AS","rank":370,"status":"partial","dailyProxy":54,"capturedFlights":36,"estDaily":54}},{"type":"Feature","geometry":{"type":"Point","coordinates":[126.615997,35.903801]},"properties":{"icao":"RKJK","iata":"KUV","name":"Gunsan Airport / Gunsan Air Base","country":"KR","continent":"AS","rank":null,"status":"partial","dailyProxy":4,"capturedFlights":4,"estDaily":null}},{"type":"Feature","geometry":{"type":"Point","coordinates":[127.61699676513672,34.84230041503906]},"properties":{"icao":"RKJY","iata":"RSU","name":"Yeosu Airport","country":"KR","continent":"AS","rank":773,"status":"partial","dailyProxy":21,"capturedFlights":14,"estDaily":21}},{"type":"Feature","geometry":{"type":"Point","coordinates":[127.960051,37.437113]},"properties":{"icao":"RKNW","iata":"WJU","name":"Wonju Airport / Hoengseong Air Base (K-38/K-46)","country":"KR","continent":"AS","rank":null,"status":"partial","dailyProxy":4,"capturedFlights":4,"estDaily":null}},{"type":"Feature","geometry":{"type":"Point","coordinates":[128.669822,38.060481]},"properties":{"icao":"RKNY","iata":"YNY","name":"Yangyang International Airport","country":"KR","continent":"AS","rank":5,"status":"partial","dailyProxy":415,"capturedFlights":4,"estDaily":415}},{"type":"Feature","geometry":{"type":"Point","coordinates":[126.492548,33.512058]},"properties":{"icao":"RKPC","iata":"CJU","name":"Jeju International","country":"KR","continent":"AS","rank":null,"status":"complete","dailyProxy":47,"capturedFlights":564,"estDaily":null}},{"type":"Feature","geometry":{"type":"Point","coordinates":[128.938004,35.179501]},"properties":{"icao":"RKPK","iata":"PUS","name":"Gimhae International (Busan)","country":"KR","continent":"AS","rank":null,"status":"complete","dailyProxy":47,"capturedFlights":517,"estDaily":null}},{"type":"Feature","geometry":{"type":"Point","coordinates":[128.071747,35.088591]},"properties":{"icao":"RKPS","iata":"HIN","name":"Sacheon Airport / Sacheon Air Base","country":"KR","continent":"AS","rank":null,"status":"partial","dailyProxy":8,"capturedFlights":8,"estDaily":null}},{"type":"Feature","geometry":{"type":"Point","coordinates":[129.352005005,35.59349823]},"properties":{"icao":"RKPU","iata":"USN","name":"Ulsan Airport","country":"KR","continent":"AS","rank":null,"status":"partial","dailyProxy":12,"capturedFlights":12,"estDaily":null}},{"type":"Feature","geometry":{"type":"Point","coordinates":[126.450996,37.469101]},"properties":{"icao":"RKSI","iata":"ICN","name":"Incheon International","country":"KR","continent":"AS","rank":null,"status":"complete","dailyProxy":100,"capturedFlights":1500,"estDaily":null}},{"type":"Feature","geometry":{"type":"Point","coordinates":[126.791,37.5583]},"properties":{"icao":"RKSS","iata":"GMP","name":"Gimpo International","country":"KR","continent":"AS","rank":null,"status":"complete","dailyProxy":44,"capturedFlights":436,"estDaily":null}},{"type":"Feature","geometry":{"type":"Point","coordinates":[129.420383,35.987955]},"properties":{"icao":"RKTH","iata":"KPO","name":"Pohang Airport (G-815/K-3)","country":"KR","continent":"AS","rank":null,"status":"partial","dailyProxy":6,"capturedFlights":6,"estDaily":null}},{"type":"Feature","geometry":{"type":"Point","coordinates":[128.656989,35.894394]},"properties":{"icao":"RKTN","iata":"TAE","name":"Daegu International","country":"KR","continent":"AS","rank":null,"status":"complete","dailyProxy":8,"capturedFlights":88,"estDaily":null}},{"type":"Feature","geometry":{"type":"Point","coordinates":[127.500289,36.71556]},"properties":{"icao":"RKTU","iata":"CJJ","name":"Cheongju International","country":"KR","continent":"AS","rank":null,"status":"complete","dailyProxy":13,"capturedFlights":138,"estDaily":null}},{"type":"Feature","geometry":{"type":"Point","coordinates":[127.639804,26.192437]},"properties":{"icao":"ROAH","iata":"OKA","name":"那覇空港","country":"JP","continent":"AS","rank":null,"status":"complete","dailyProxy":55,"capturedFlights":606,"estDaily":null}},{"type":"Feature","geometry":{"type":"Point","coordinates":[127.769444,26.351667]},"properties":{"icao":"RODN","iata":"DNA","name":"Kadena Air Base","country":"JP","continent":"AS","rank":null,"status":"partial","dailyProxy":8,"capturedFlights":8,"estDaily":null}},{"type":"Feature","geometry":{"type":"Point","coordinates":[124.245,24.396389]},"properties":{"icao":"ROIG","iata":"ISG","name":"新石垣空港","country":"JP","continent":"AS","rank":null,"status":"complete","dailyProxy":23,"capturedFlights":68,"estDaily":null}},{"type":"Feature","geometry":{"type":"Point","coordinates":[126.71384,26.363445]},"properties":{"icao":"ROKJ","iata":"UEO","name":"久米島空港","country":"JP","continent":"AS","rank":null,"status":"core-partial","dailyProxy":8,"capturedFlights":8,"estDaily":null}},{"type":"Feature","geometry":{"type":"Point","coordinates":[131.263,25.8465]},"properties":{"icao":"ROMD","iata":"MMD","name":"南大東空港","country":"JP","continent":"AS","rank":null,"status":"core-partial","dailyProxy":1,"capturedFlights":1,"estDaily":null}},{"type":"Feature","geometry":{"type":"Point","coordinates":[125.294998,24.782801]},"properties":{"icao":"ROMY","iata":"MMY","name":"宮古空港","country":"JP","continent":"AS","rank":null,"status":"core-partial","dailyProxy":48,"capturedFlights":48,"estDaily":null}},{"type":"Feature","geometry":{"type":"Point","coordinates":[125.144997,24.8267]},"properties":{"icao":"RORS","iata":"SHI","name":"下地島空港","country":"JP","continent":"AS","rank":null,"status":"core-partial","dailyProxy":5,"capturedFlights":24,"estDaily":null}},{"type":"Feature","geometry":{"type":"Point","coordinates":[124.675453,24.653793]},"properties":{"icao":"RORT","iata":"TRA","name":"Tarama Airport","country":"JP","continent":"AS","rank":null,"status":"partial","dailyProxy":2,"capturedFlights":2,"estDaily":null}},{"type":"Feature","geometry":{"type":"Point","coordinates":[128.401648,27.043847]},"properties":{"icao":"RORY","iata":"RNJ","name":"与論空港","country":"JP","continent":"AS","rank":null,"status":"core-partial","dailyProxy":7,"capturedFlights":7,"estDaily":null}},{"type":"Feature","geometry":{"type":"Point","coordinates":[122.979827,24.467298]},"properties":{"icao":"ROYN","iata":"OGN","name":"与那国空港","country":"JP","continent":"AS","rank":null,"status":"core-partial","dailyProxy":7,"capturedFlights":7,"estDaily":null}},{"type":"Feature","geometry":{"type":"Point","coordinates":[119.416087,11.202399]},"properties":{"icao":"RPEN","iata":"ENI","name":"El Nido Airport","country":"PH","continent":"AS","rank":null,"status":"partial","dailyProxy":7,"capturedFlights":7,"estDaily":null}},{"type":"Feature","geometry":{"type":"Point","coordinates":[120.559998,15.186]},"properties":{"icao":"RPLC","iata":"CRK","name":"Clark International Airport / Clark Air Base","country":"PH","continent":"AS","rank":111,"status":"partial","dailyProxy":90,"capturedFlights":85,"estDaily":90}},{"type":"Feature","geometry":{"type":"Point","coordinates":[120.531006,18.175089]},"properties":{"icao":"RPLI","iata":"LAO","name":"Laoag International Airport","country":"PH","continent":"AS","rank":301,"status":"partial","dailyProxy":66,"capturedFlights":4,"estDaily":66}},{"type":"Feature","geometry":{"type":"Point","coordinates":[123.676829,13.111915]},"properties":{"icao":"RPLK","iata":"DRP","name":"Bicol International Airport","country":"PH","continent":"AS","rank":302,"status":"partial","dailyProxy":66,"capturedFlights":18,"estDaily":66}},{"type":"Feature","geometry":{"type":"Point","coordinates":[121.019997,14.5086]},"properties":{"icao":"RPLL","iata":"MNL","name":"Ninoy Aquino International Airport","country":"PH","continent":"AS","rank":1,"status":"partial","dailyProxy":489,"capturedFlights":914,"estDaily":489}},{"type":"Feature","geometry":{"type":"Point","coordinates":[124.209938,7.164753]},"properties":{"icao":"RPMC","iata":"CBO","name":"Cotabato (Awang) Airport","country":"PH","continent":"AS","rank":null,"status":"partial","dailyProxy":2,"capturedFlights":2,"estDaily":null}},{"type":"Feature","geometry":{"type":"Point","coordinates":[125.646004,7.12552]},"properties":{"icao":"RPMD","iata":"DVO","name":"Francisco Bangoy International Airport","country":"PH","continent":"AS","rank":null,"status":"partial","dailyProxy":13,"capturedFlights":25,"estDaily":null}},{"type":"Feature","geometry":{"type":"Point","coordinates":[125.4788,8.9515]},"properties":{"icao":"RPME","iata":"BXU","name":"Bancasi Airport","country":"PH","continent":"AS","rank":null,"status":"partial","dailyProxy":7,"capturedFlights":7,"estDaily":null}},{"type":"Feature","geometry":{"type":"Point","coordinates":[123.341875,8.601983]},"properties":{"icao":"RPMG","iata":"DPL","name":"Dipolog Airport","country":"PH","continent":"AS","rank":null,"status":"partial","dailyProxy":3,"capturedFlights":3,"estDaily":null}},{"type":"Feature","geometry":{"type":"Point","coordinates":[123.842003,8.17851]},"properties":{"icao":"RPMO","iata":"OZC","name":"Labo Airport","country":"PH","continent":"AS","rank":null,"status":"partial","dailyProxy":2,"capturedFlights":2,"estDaily":null}},{"type":"Feature","geometry":{"type":"Point","coordinates":[123.459635,7.825632]},"properties":{"icao":"RPMP","iata":"PAG","name":"Pagadian Airport","country":"PH","continent":"AS","rank":null,"status":"partial","dailyProxy":3,"capturedFlights":3,"estDaily":null}},{"type":"Feature","geometry":{"type":"Point","coordinates":[125.096243,6.057208]},"properties":{"icao":"RPMR","iata":"GES","name":"General Santos International Airport","country":"PH","continent":"AS","rank":303,"status":"partial","dailyProxy":66,"capturedFlights":15,"estDaily":66}},{"type":"Feature","geometry":{"type":"Point","coordinates":[124.456496,8.612203]},"properties":{"icao":"RPMY","iata":"CGY","name":"Laguindingan International Airport","country":"PH","continent":"AS","rank":304,"status":"partial","dailyProxy":66,"capturedFlights":28,"estDaily":66}},{"type":"Feature","geometry":{"type":"Point","coordinates":[122.059998,6.92242]},"properties":{"icao":"RPMZ","iata":"ZAM","name":"Zamboanga International Airport","country":"PH","continent":"AS","rank":305,"status":"partial","dailyProxy":66,"capturedFlights":18,"estDaily":66}},{"type":"Feature","geometry":{"type":"Point","coordinates":[126.014,9.8591]},"properties":{"icao":"RPNS","iata":"IAO","name":"Siargao Airport","country":"PH","continent":"AS","rank":null,"status":"partial","dailyProxy":1,"capturedFlights":1,"estDaily":null}},{"type":"Feature","geometry":{"type":"Point","coordinates":[123.770143,9.573045]},"properties":{"icao":"RPSP","iata":"TAG","name":"Bohol-Panglao International Airport","country":"PH","continent":"AS","rank":null,"status":"partial","dailyProxy":24,"capturedFlights":24,"estDaily":null}},{"type":"Feature","geometry":{"type":"Point","coordinates":[123.2699966430664,13.58489990234375]},"properties":{"icao":"RPUN","iata":"WNP","name":"Naga Airport","country":"PH","continent":"AS","rank":null,"status":"partial","dailyProxy":3,"capturedFlights":3,"estDaily":null}},{"type":"Feature","geometry":{"type":"Point","coordinates":[121.733150482,17.6433676823]},"properties":{"icao":"RPUT","iata":"TUG","name":"Tuguegarao Airport","country":"PH","continent":"AS","rank":null,"status":"partial","dailyProxy":4,"capturedFlights":4,"estDaily":null}},{"type":"Feature","geometry":{"type":"Point","coordinates":[124.20600128173828,13.576399803161621]},"properties":{"icao":"RPUV","iata":"VRC","name":"Virac Airport","country":"PH","continent":"AS","rank":null,"status":"partial","dailyProxy":1,"capturedFlights":1,"estDaily":null}},{"type":"Feature","geometry":{"type":"Point","coordinates":[121.752998352,16.9298992157]},"properties":{"icao":"RPUY","iata":"CYZ","name":"Cauayan Airport","country":"PH","continent":"AS","rank":null,"status":"partial","dailyProxy":3,"capturedFlights":3,"estDaily":null}},{"type":"Feature","geometry":{"type":"Point","coordinates":[125.027783,11.227761]},"properties":{"icao":"RPVA","iata":"TAC","name":"Daniel Z. Romualdez Airport","country":"PH","continent":"AS","rank":null,"status":"partial","dailyProxy":12,"capturedFlights":12,"estDaily":null}},{"type":"Feature","geometry":{"type":"Point","coordinates":[123.018879,10.776237]},"properties":{"icao":"RPVB","iata":"BCD","name":"Bacolod-Silay International Airport","country":"PH","continent":"AS","rank":306,"status":"partial","dailyProxy":66,"capturedFlights":28,"estDaily":66}},{"type":"Feature","geometry":{"type":"Point","coordinates":[123.30191,9.334183]},"properties":{"icao":"RPVD","iata":"DGT","name":"Sibulan Airport","country":"PH","continent":"AS","rank":null,"status":"partial","dailyProxy":6,"capturedFlights":6,"estDaily":null}},{"type":"Feature","geometry":{"type":"Point","coordinates":[121.954002,11.9245]},"properties":{"icao":"RPVE","iata":"MPH","name":"Godofredo P. Ramos Airport","country":"PH","continent":"AS","rank":null,"status":"partial","dailyProxy":25,"capturedFlights":25,"estDaily":null}},{"type":"Feature","geometry":{"type":"Point","coordinates":[124.635258,12.50161]},"properties":{"icao":"RPVF","iata":"CRM","name":"Catarman National Airport","country":"PH","continent":"AS","rank":null,"status":"partial","dailyProxy":1,"capturedFlights":1,"estDaily":null}},{"type":"Feature","geometry":{"type":"Point","coordinates":[122.493358,10.833017]},"properties":{"icao":"RPVI","iata":"ILO","name":"Iloilo International Airport","country":"PH","continent":"AS","rank":307,"status":"partial","dailyProxy":66,"capturedFlights":40,"estDaily":66}},{"type":"Feature","geometry":{"type":"Point","coordinates":[122.375999,11.6794]},"properties":{"icao":"RPVK","iata":"KLO","name":"Kalibo International Airport","country":"PH","continent":"AS","rank":308,"status":"partial","dailyProxy":66,"capturedFlights":12,"estDaily":66}},{"type":"Feature","geometry":{"type":"Point","coordinates":[123.97974,10.309261]},"properties":{"icao":"RPVM","iata":"CEB","name":"Mactan Cebu International Airport","country":"PH","continent":"AS","rank":92,"status":"partial","dailyProxy":108,"capturedFlights":160,"estDaily":108}},{"type":"Feature","geometry":{"type":"Point","coordinates":[118.75911,9.742044]},"properties":{"icao":"RPVP","iata":"PPS","name":"Puerto Princesa International Airport / PAF Antonio Bautista Air Base","country":"PH","continent":"AS","rank":309,"status":"partial","dailyProxy":66,"capturedFlights":20,"estDaily":66}},{"type":"Feature","geometry":{"type":"Point","coordinates":[122.75199890136719,11.597700119018555]},"properties":{"icao":"RPVR","iata":"RXS","name":"Roxas Airport","country":"PH","continent":"AS","rank":null,"status":"partial","dailyProxy":3,"capturedFlights":3,"estDaily":null}},{"type":"Feature","geometry":{"type":"Point","coordinates":[120.100801,12.121865]},"properties":{"icao":"RPVV","iata":"USU","name":"Francisco B. Reyes (Busuanga) Airport","country":"PH","continent":"AS","rank":null,"status":"partial","dailyProxy":3,"capturedFlights":3,"estDaily":null}},{"type":"Feature","geometry":{"type":"Point","coordinates":[-64.208329,-31.312346]},"properties":{"icao":"SACO","iata":"COR","name":"Ingeniero Aeronáutico Ambrosio L.V. Taravella International Airport","country":"AR","continent":"SA","rank":706,"status":"partial","dailyProxy":23,"capturedFlights":1,"estDaily":23}},{"type":"Feature","geometry":{"type":"Point","coordinates":[-58.5358,-34.8222]},"properties":{"icao":"SAEZ","iata":"EZE","name":"Ezeiza International Airport - Ministro Pistarini","country":"AR","continent":"SA","rank":531,"status":"partial","dailyProxy":35,"capturedFlights":36,"estDaily":35}},{"type":"Feature","geometry":{"type":"Point","coordinates":[-47.920834,-15.869167]},"properties":{"icao":"SBBR","iata":"BSB","name":"Presidente Juscelino Kubitschek International Airport","country":"BR","continent":"SA","rank":533,"status":"partial","dailyProxy":35,"capturedFlights":3,"estDaily":35}},{"type":"Feature","geometry":{"type":"Point","coordinates":[-43.966928,-19.63571]},"properties":{"icao":"SBCF","iata":"CNF","name":"Tancredo Neves International Airport","country":"BR","continent":"SA","rank":535,"status":"partial","dailyProxy":35,"capturedFlights":3,"estDaily":35}},{"type":"Feature","geometry":{"type":"Point","coordinates":[-60.049702,-3.03861]},"properties":{"icao":"SBEG","iata":"MAO","name":"Eduardo Gomes International Airport","country":"BR","continent":"SA","rank":538,"status":"partial","dailyProxy":35,"capturedFlights":1,"estDaily":35}},{"type":"Feature","geometry":{"type":"Point","coordinates":[-38.532222,-3.775833]},"properties":{"icao":"SBFZ","iata":"FOR","name":"Pinto Martins International Airport","country":"BR","continent":"SA","rank":541,"status":"partial","dailyProxy":35,"capturedFlights":1,"estDaily":35}},{"type":"Feature","geometry":{"type":"Point","coordinates":[-43.250557,-22.809999]},"properties":{"icao":"SBGL","iata":"GIG","name":"Rio Galeão – Tom Jobim International Airport","country":"BR","continent":"SA","rank":580,"status":"partial","dailyProxy":32,"capturedFlights":24,"estDaily":32}},{"type":"Feature","geometry":{"type":"Point","coordinates":[-46.469954,-23.431274]},"properties":{"icao":"SBGR","iata":"GRU","name":"São Paulo/Guarulhos–Governor André Franco Montoro International Airport","country":"BR","continent":"SA","rank":272,"status":"partial","dailyProxy":74,"capturedFlights":67,"estDaily":74}},{"type":"Feature","geometry":{"type":"Point","coordinates":[-47.134502,-23.007404]},"properties":{"icao":"SBKP","iata":"VCP","name":"Viracopos International Airport","country":"BR","continent":"SA","rank":544,"status":"partial","dailyProxy":35,"capturedFlights":8,"estDaily":35}},{"type":"Feature","geometry":{"type":"Point","coordinates":[-34.922961,-8.12747]},"properties":{"icao":"SBRF","iata":"REC","name":"Recife/Guararapes - Gilberto Freyre International Airport","country":"BR","continent":"SA","rank":551,"status":"partial","dailyProxy":35,"capturedFlights":1,"estDaily":35}},{"type":"Feature","geometry":{"type":"Point","coordinates":[-38.322498,-12.908611]},"properties":{"icao":"SBSV","iata":"SSA","name":"Deputado Luiz Eduardo Magalhães International Airport","country":"BR","continent":"SA","rank":556,"status":"partial","dailyProxy":35,"capturedFlights":1,"estDaily":35}},{"type":"Feature","geometry":{"type":"Point","coordinates":[-70.78579711914062,-33.393001556396484]},"properties":{"icao":"SCEL","iata":"SCL","name":"Comodoro Arturo Merino Benítez International Airport","country":"CL","continent":"SA","rank":675,"status":"partial","dailyProxy":24,"capturedFlights":22,"estDaily":24}},{"type":"Feature","geometry":{"type":"Point","coordinates":[-79.883598,-2.15742]},"properties":{"icao":"SEGU","iata":"GYE","name":"José Joaquín de Olmedo International Airport","country":"EC","continent":"SA","rank":null,"status":"partial","dailyProxy":17,"capturedFlights":17,"estDaily":null}},{"type":"Feature","geometry":{"type":"Point","coordinates":[-78.354306,-0.125399]},"properties":{"icao":"SEQM","iata":"UIO","name":"Mariscal Sucre International Airport","country":"EC","continent":"SA","rank":null,"status":"partial","dailyProxy":19,"capturedFlights":19,"estDaily":null}},{"type":"Feature","geometry":{"type":"Point","coordinates":[-57.519227,-25.240156]},"properties":{"icao":"SGAS","iata":"ASU","name":"Silvio Pettirossi International Airport","country":"PY","continent":"SA","rank":226,"status":"partial","dailyProxy":80,"capturedFlights":2,"estDaily":80}},{"type":"Feature","geometry":{"type":"Point","coordinates":[-74.1469,4.70159]},"properties":{"icao":"SKBO","iata":"BOG","name":"El Dorado International Airport","country":"CO","continent":"SA","rank":372,"status":"partial","dailyProxy":53,"capturedFlights":73,"estDaily":53}},{"type":"Feature","geometry":{"type":"Point","coordinates":[-74.7808,10.8896]},"properties":{"icao":"SKBQ","iata":"BAQ","name":"Ernesto Cortissoz International Airport","country":"CO","continent":"SA","rank":null,"status":"partial","dailyProxy":4,"capturedFlights":4,"estDaily":null}},{"type":"Feature","geometry":{"type":"Point","coordinates":[-75.513,10.4424]},"properties":{"icao":"SKCG","iata":"CTG","name":"Rafael Nuñez International Airport","country":"CO","continent":"SA","rank":null,"status":"partial","dailyProxy":11,"capturedFlights":11,"estDaily":null}},{"type":"Feature","geometry":{"type":"Point","coordinates":[-76.381898,3.542717]},"properties":{"icao":"SKCL","iata":"CLO","name":"Alfonso Bonilla Aragon International Airport","country":"CO","continent":"SA","rank":null,"status":"partial","dailyProxy":4,"capturedFlights":4,"estDaily":null}},{"type":"Feature","geometry":{"type":"Point","coordinates":[-75.4231,6.16454]},"properties":{"icao":"SKRG","iata":"MDE","name":"Jose Maria Córdova International Airport","country":"CO","continent":"SA","rank":null,"status":"partial","dailyProxy":11,"capturedFlights":11,"estDaily":null}},{"type":"Feature","geometry":{"type":"Point","coordinates":[-66.177102,-17.421105]},"properties":{"icao":"SLCB","iata":"CBB","name":"Jorge Wilsterman International Airport","country":"BO","continent":"SA","rank":230,"status":"partial","dailyProxy":80,"capturedFlights":1,"estDaily":80}},{"type":"Feature","geometry":{"type":"Point","coordinates":[-63.135399,-17.6448]},"properties":{"icao":"SLVR","iata":"VVI","name":"Viru Viru International Airport","country":"BO","continent":"SA","rank":234,"status":"partial","dailyProxy":80,"capturedFlights":3,"estDaily":80}},{"type":"Feature","geometry":{"type":"Point","coordinates":[-55.187801,5.45283]},"properties":{"icao":"SMJP","iata":"PBM","name":"Johan Adolf Pengel International Airport","country":"SR","continent":"SA","rank":235,"status":"partial","dailyProxy":80,"capturedFlights":3,"estDaily":80}},{"type":"Feature","geometry":{"type":"Point","coordinates":[-52.361326,4.819964]},"properties":{"icao":"SOCA","iata":"CAY","name":"Cayenne – Félix Eboué Airport","country":"GF","continent":"SA","rank":236,"status":"partial","dailyProxy":80,"capturedFlights":3,"estDaily":80}},{"type":"Feature","geometry":{"type":"Point","coordinates":[-77.114305,-12.0219]},"properties":{"icao":"SPJC","iata":"LIM","name":"Jorge Chávez International Airport","country":"PE","continent":"SA","rank":524,"status":"partial","dailyProxy":36,"capturedFlights":37,"estDaily":36}},{"type":"Feature","geometry":{"type":"Point","coordinates":[-76.220299,-13.7449]},"properties":{"icao":"SPSO","iata":"PIO","name":"Captain Renán Elías Olivera International Airport","country":"PE","continent":"SA","rank":null,"status":"partial","dailyProxy":1,"capturedFlights":1,"estDaily":null}},{"type":"Feature","geometry":{"type":"Point","coordinates":[-56.026497,-34.835647]},"properties":{"icao":"SUMU","iata":"MVD","name":"Carrasco General Cesáreo L. Berisso International Airport","country":"UY","continent":"SA","rank":237,"status":"partial","dailyProxy":80,"capturedFlights":5,"estDaily":80}},{"type":"Feature","geometry":{"type":"Point","coordinates":[-66.991174,10.602214]},"properties":{"icao":"SVMI","iata":"CCS","name":"Maiquetía Simón Bolívar International Airport","country":"VE","continent":"SA","rank":242,"status":"partial","dailyProxy":80,"capturedFlights":1,"estDaily":80}},{"type":"Feature","geometry":{"type":"Point","coordinates":[-58.254101,6.49855]},"properties":{"icao":"SYCJ","iata":"GEO","name":"Cheddi Jagan International Airport","country":"GY","continent":"SA","rank":null,"status":"partial","dailyProxy":11,"capturedFlights":11,"estDaily":null}},{"type":"Feature","geometry":{"type":"Point","coordinates":[-61.792702,17.1367]},"properties":{"icao":"TAPA","iata":"ANU","name":"V. C. Bird International Airport","country":"AG","continent":"NA","rank":null,"status":"partial","dailyProxy":9,"capturedFlights":9,"estDaily":null}},{"type":"Feature","geometry":{"type":"Point","coordinates":[-61.798347,17.621194]},"properties":{"icao":"TAPB","iata":"BBQ","name":"Burton-Nibbs International Airport","country":"AG","continent":"NA","rank":null,"status":"partial","dailyProxy":1,"capturedFlights":1,"estDaily":null}},{"type":"Feature","geometry":{"type":"Point","coordinates":[-59.491034,13.074667]},"properties":{"icao":"TBPB","iata":"BGI","name":"Grantley Adams International Airport","country":"BB","continent":"NA","rank":717,"status":"partial","dailyProxy":23,"capturedFlights":20,"estDaily":23}},{"type":"Feature","geometry":{"type":"Point","coordinates":[-61.301082,15.546673]},"properties":{"icao":"TDPD","iata":"DOM","name":"Douglas-Charles Airport","country":"DM","continent":"NA","rank":null,"status":"partial","dailyProxy":2,"capturedFlights":2,"estDaily":null}},{"type":"Feature","geometry":{"type":"Point","coordinates":[-61.003201,14.591]},"properties":{"icao":"TFFF","iata":"FDF","name":"Martinique Aimé Césaire International Airport","country":"MQ","continent":"NA","rank":null,"status":"partial","dailyProxy":11,"capturedFlights":11,"estDaily":null}},{"type":"Feature","geometry":{"type":"Point","coordinates":[-61.532754,16.265443]},"properties":{"icao":"TFFR","iata":"PTP","name":"Maryse Condé International Airport","country":"GP","continent":"NA","rank":null,"status":"partial","dailyProxy":13,"capturedFlights":13,"estDaily":null}},{"type":"Feature","geometry":{"type":"Point","coordinates":[-61.785302,12.003996]},"properties":{"icao":"TGPY","iata":"GND","name":"Maurice Bishop International Airport","country":"GD","continent":"NA","rank":245,"status":"partial","dailyProxy":80,"capturedFlights":4,"estDaily":80}},{"type":"Feature","geometry":{"type":"Point","coordinates":[-64.977251,18.337091]},"properties":{"icao":"TIST","iata":"STT","name":"Cyril E. King Airport","country":"VI","continent":"NA","rank":null,"status":"partial","dailyProxy":11,"capturedFlights":21,"estDaily":null}},{"type":"Feature","geometry":{"type":"Point","coordinates":[-64.802608,17.701413]},"properties":{"icao":"TISX","iata":"STX","name":"Henry E. Rohlsen Airport","country":"VI","continent":"NA","rank":null,"status":"partial","dailyProxy":4,"capturedFlights":4,"estDaily":null}},{"type":"Feature","geometry":{"type":"Point","coordinates":[-67.129402,18.4949]},"properties":{"icao":"TJBQ","iata":"BQN","name":"Rafael Hernández International Airport","country":"PR","continent":"NA","rank":null,"status":"partial","dailyProxy":9,"capturedFlights":9,"estDaily":null}},{"type":"Feature","geometry":{"type":"Point","coordinates":[-66.563004,18.008301]},"properties":{"icao":"TJPS","iata":"PSE","name":"Mercedita International Airport","country":"PR","continent":"NA","rank":null,"status":"partial","dailyProxy":2,"capturedFlights":2,"estDaily":null}},{"type":"Feature","geometry":{"type":"Point","coordinates":[-66.001801,18.4394]},"properties":{"icao":"TJSJ","iata":"SJU","name":"Luis Munoz Marin International Airport","country":"PR","continent":"NA","rank":260,"status":"partial","dailyProxy":77,"capturedFlights":115,"estDaily":77}},{"type":"Feature","geometry":{"type":"Point","coordinates":[-62.719117,17.310845]},"properties":{"icao":"TKPK","iata":"SKB","name":"Robert L. Bradshaw International Airport","country":"KN","continent":"NA","rank":246,"status":"partial","dailyProxy":80,"capturedFlights":2,"estDaily":80}},{"type":"Feature","geometry":{"type":"Point","coordinates":[-60.952599,13.7332]},"properties":{"icao":"TLPL","iata":"UVF","name":"Hewanorra International Airport","country":"LC","continent":"NA","rank":null,"status":"partial","dailyProxy":7,"capturedFlights":7,"estDaily":null}},{"type":"Feature","geometry":{"type":"Point","coordinates":[-70.014281,12.501056]},"properties":{"icao":"TNCA","iata":"AUA","name":"Queen Beatrix International Airport","country":"AW","continent":"NA","rank":642,"status":"partial","dailyProxy":27,"capturedFlights":29,"estDaily":27}},{"type":"Feature","geometry":{"type":"Point","coordinates":[-68.268501,12.131]},"properties":{"icao":"TNCB","iata":"BON","name":"Flamingo International Airport","country":"BQ","continent":"NA","rank":247,"status":"partial","dailyProxy":80,"capturedFlights":2,"estDaily":80}},{"type":"Feature","geometry":{"type":"Point","coordinates":[-68.959801,12.1889]},"properties":{"icao":"TNCC","iata":"CUR","name":"Hato International Airport","country":"CW","continent":"NA","rank":null,"status":"partial","dailyProxy":15,"capturedFlights":15,"estDaily":null}},{"type":"Feature","geometry":{"type":"Point","coordinates":[-63.108898,18.041]},"properties":{"icao":"TNCM","iata":"SXM","name":"Princess Juliana International Airport","country":"SX","continent":"NA","rank":683,"status":"partial","dailyProxy":24,"capturedFlights":23,"estDaily":24}},{"type":"Feature","geometry":{"type":"Point","coordinates":[-63.05383,18.204773]},"properties":{"icao":"TQPF","iata":"AXA","name":"Clayton J. Lloyd International Airport","country":"AI","continent":"NA","rank":null,"status":"partial","dailyProxy":4,"capturedFlights":4,"estDaily":null}},{"type":"Feature","geometry":{"type":"Point","coordinates":[-61.337568,10.59535]},"properties":{"icao":"TTPP","iata":"POS","name":"Piarco International Airport","country":"TT","continent":"NA","rank":null,"status":"partial","dailyProxy":17,"capturedFlights":17,"estDaily":null}},{"type":"Feature","geometry":{"type":"Point","coordinates":[-64.541707,18.445492]},"properties":{"icao":"TUPJ","iata":"EIS","name":"Terrance B. Lettsome International Airport","country":"VG","continent":"NA","rank":249,"status":"partial","dailyProxy":80,"capturedFlights":4,"estDaily":80}},{"type":"Feature","geometry":{"type":"Point","coordinates":[-61.148801,13.159725]},"properties":{"icao":"TVSA","iata":"SVD","name":"Argyle International Airport","country":"VC","continent":"NA","rank":250,"status":"partial","dailyProxy":80,"capturedFlights":2,"estDaily":80}},{"type":"Feature","geometry":{"type":"Point","coordinates":[-64.67824,32.363802]},"properties":{"icao":"TXKF","iata":"BDA","name":"L.F. Wade International Airport","country":"BM","continent":"NA","rank":null,"status":"partial","dailyProxy":4,"capturedFlights":8,"estDaily":null}},{"type":"Feature","geometry":{"type":"Point","coordinates":[77.042828,43.354267]},"properties":{"icao":"UAAA","iata":"ALA","name":"Almaty International Airport","country":"KZ","continent":"AS","rank":374,"status":"partial","dailyProxy":51,"capturedFlights":45,"estDaily":51}},{"type":"Feature","geometry":{"type":"Point","coordinates":[71.467094,51.027035]},"properties":{"icao":"UACC","iata":"NQZ","name":"Nursultan Nazarbayev International Airport","country":"KZ","continent":"AS","rank":779,"status":"partial","dailyProxy":20,"capturedFlights":14,"estDaily":20}},{"type":"Feature","geometry":{"type":"Point","coordinates":[69.47564,42.365021]},"properties":{"icao":"UAII","iata":"CIT","name":"Shymkent International Airport","country":"KZ","continent":"AS","rank":null,"status":"partial","dailyProxy":4,"capturedFlights":12,"estDaily":null}},{"type":"Feature","geometry":{"type":"Point","coordinates":[68.550352,43.311087]},"properties":{"icao":"UAIT","iata":"HSA","name":"Hazrat Sultan International Airport","country":"KZ","continent":"AS","rank":null,"status":"partial","dailyProxy":1,"capturedFlights":1,"estDaily":null}},{"type":"Feature","geometry":{"type":"Point","coordinates":[73.334396,49.670799]},"properties":{"icao":"UAKK","iata":"KGF","name":"Sary-Arka Airport","country":"KZ","continent":"AS","rank":null,"status":"partial","dailyProxy":1,"capturedFlights":1,"estDaily":null}},{"type":"Feature","geometry":{"type":"Point","coordinates":[51.543652,51.151976]},"properties":{"icao":"UARR","iata":"URA","name":"Manshuk Mametova International Airport","country":"KZ","continent":"AS","rank":null,"status":"partial","dailyProxy":3,"capturedFlights":3,"estDaily":null}},{"type":"Feature","geometry":{"type":"Point","coordinates":[51.09086,43.860093]},"properties":{"icao":"UATE","iata":"SCO","name":"Aktau International Airport","country":"KZ","continent":"AS","rank":null,"status":"partial","dailyProxy":1,"capturedFlights":1,"estDaily":null}},{"type":"Feature","geometry":{"type":"Point","coordinates":[51.820343,47.121318]},"properties":{"icao":"UATG","iata":"GUW","name":"Atyrau International Airport","country":"KZ","continent":"AS","rank":null,"status":"partial","dailyProxy":2,"capturedFlights":2,"estDaily":null}},{"type":"Feature","geometry":{"type":"Point","coordinates":[57.204144,50.248116]},"properties":{"icao":"UATT","iata":"AKX","name":"Aktobe International Airport","country":"KZ","continent":"AS","rank":null,"status":"partial","dailyProxy":1,"capturedFlights":1,"estDaily":null}},{"type":"Feature","geometry":{"type":"Point","coordinates":[50.050931,40.47278]},"properties":{"icao":"UBBB","iata":"GYD","name":"Heydar Aliyev International Airport","country":"AZ","continent":"AS","rank":344,"status":"partial","dailyProxy":60,"capturedFlights":48,"estDaily":60}},{"type":"Feature","geometry":{"type":"Point","coordinates":[74.4776,43.061298]},"properties":{"icao":"UCFM","iata":"BSZ","name":"Manas International Airport","country":"KG","continent":"AS","rank":null,"status":"partial","dailyProxy":4,"capturedFlights":11,"estDaily":null}},{"type":"Feature","geometry":{"type":"Point","coordinates":[72.793297,40.609001]},"properties":{"icao":"UCFO","iata":"OSS","name":"Osh International Airport","country":"KG","continent":"AS","rank":null,"status":"partial","dailyProxy":1,"capturedFlights":1,"estDaily":null}},{"type":"Feature","geometry":{"type":"Point","coordinates":[44.397887,40.148941]},"properties":{"icao":"UDYZ","iata":"EVN","name":"Zvartnots International Airport","country":"AM","continent":"AS","rank":684,"status":"partial","dailyProxy":24,"capturedFlights":18,"estDaily":24}},{"type":"Feature","geometry":{"type":"Point","coordinates":[42.485353,42.177448]},"properties":{"icao":"UGKO","iata":"KUT","name":"David the Builder Kutaisi International Airport","country":"GE","continent":"AS","rank":583,"status":"partial","dailyProxy":31,"capturedFlights":2,"estDaily":31}},{"type":"Feature","geometry":{"type":"Point","coordinates":[41.600315,41.60939]},"properties":{"icao":"UGSB","iata":"BUS","name":"Alexander Kartveli Batumi International Airport","country":"GE","continent":"AS","rank":584,"status":"partial","dailyProxy":31,"capturedFlights":3,"estDaily":31}},{"type":"Feature","geometry":{"type":"Point","coordinates":[44.9547,41.669201]},"properties":{"icao":"UGTB","iata":"TBS","name":"Tbilisi International Airport","country":"GE","continent":"AS","rank":411,"status":"partial","dailyProxy":47,"capturedFlights":39,"estDaily":47}},{"type":"Feature","geometry":{"type":"Point","coordinates":[135.188588,48.528338]},"properties":{"icao":"UHHH","iata":"KHV","name":"Khabarovsk Novy Airport","country":"RU","continent":"AS","rank":null,"status":"partial","dailyProxy":2,"capturedFlights":2,"estDaily":null}},{"type":"Feature","geometry":{"type":"Point","coordinates":[132.148155,43.396256]},"properties":{"icao":"UHWW","iata":"VVO","name":"Vladivostok International Airport","country":"RU","continent":"AS","rank":null,"status":"partial","dailyProxy":12,"capturedFlights":12,"estDaily":null}},{"type":"Feature","geometry":{"type":"Point","coordinates":[104.395563,52.266707]},"properties":{"icao":"UIII","iata":"IKT","name":"Irkutsk International Airport","country":"RU","continent":"AS","rank":null,"status":"partial","dailyProxy":15,"capturedFlights":15,"estDaily":null}},{"type":"Feature","geometry":{"type":"Point","coordinates":[30.262501,59.800301]},"properties":{"icao":"ULLI","iata":"LED","name":"Pulkovo Airport","country":"RU","continent":"EU","rank":718,"status":"partial","dailyProxy":23,"capturedFlights":18,"estDaily":23}},{"type":"Feature","geometry":{"type":"Point","coordinates":[28.039964,53.888071]},"properties":{"icao":"UMMS","iata":"MSQ","name":"Minsk National Airport","country":"BY","continent":"EU","rank":null,"status":"partial","dailyProxy":3,"capturedFlights":8,"estDaily":null}},{"type":"Feature","geometry":{"type":"Point","coordinates":[92.485788,56.175743]},"properties":{"icao":"UNKL","iata":"KJA","name":"Krasnoyarsk International Airport","country":"RU","continent":"AS","rank":null,"status":"partial","dailyProxy":5,"capturedFlights":5,"estDaily":null}},{"type":"Feature","geometry":{"type":"Point","coordinates":[82.618675,55.019756]},"properties":{"icao":"UNNT","iata":"OVB","name":"Novosibirsk Tolmachevo Airport","country":"RU","continent":"EU","rank":null,"status":"partial","dailyProxy":4,"capturedFlights":12,"estDaily":null}},{"type":"Feature","geometry":{"type":"Point","coordinates":[39.174215,45.034465]},"properties":{"icao":"URKK","iata":"KRR","name":"Krasnodar Pashkovsky International Airport","country":"RU","continent":"EU","rank":null,"status":"partial","dailyProxy":5,"capturedFlights":5,"estDaily":null}},{"type":"Feature","geometry":{"type":"Point","coordinates":[45.699772,43.388106]},"properties":{"icao":"URMG","iata":"GRV","name":"Akhmat Kadyrov Grozny International Airport","country":"RU","continent":"AS","rank":null,"status":"partial","dailyProxy":1,"capturedFlights":1,"estDaily":null}},{"type":"Feature","geometry":{"type":"Point","coordinates":[47.652302,42.816799]},"properties":{"icao":"URML","iata":"MCX","name":"Makhachkala Uytash International Airport","country":"RU","continent":"AS","rank":null,"status":"partial","dailyProxy":1,"capturedFlights":5,"estDaily":null}},{"type":"Feature","geometry":{"type":"Point","coordinates":[43.081902,44.225101]},"properties":{"icao":"URMM","iata":"MRV","name":"Mineralnye Vody Airport","country":"RU","continent":"EU","rank":null,"status":"partial","dailyProxy":3,"capturedFlights":8,"estDaily":null}},{"type":"Feature","geometry":{"type":"Point","coordinates":[44.606602,43.205101]},"properties":{"icao":"URMO","iata":"OGZ","name":"Vladikavkaz Beslan International Airport","country":"RU","continent":"EU","rank":null,"status":"partial","dailyProxy":2,"capturedFlights":2,"estDaily":null}},{"type":"Feature","geometry":{"type":"Point","coordinates":[39.9566,43.449902]},"properties":{"icao":"URSS","iata":"AER","name":"Sochi International Airport","country":"RU","continent":"EU","rank":null,"status":"partial","dailyProxy":4,"capturedFlights":12,"estDaily":null}},{"type":"Feature","geometry":{"type":"Point","coordinates":[44.339194,48.78134]},"properties":{"icao":"URWW","iata":"VOG","name":"Volgograd International Airport","country":"RU","continent":"EU","rank":null,"status":"partial","dailyProxy":1,"capturedFlights":1,"estDaily":null}},{"type":"Feature","geometry":{"type":"Point","coordinates":[61.504927,55.303141]},"properties":{"icao":"USCC","iata":"CEK","name":"Kurchatov Chelyabinsk International Airport","country":"RU","continent":"AS","rank":null,"status":"partial","dailyProxy":1,"capturedFlights":1,"estDaily":null}},{"type":"Feature","geometry":{"type":"Point","coordinates":[60.802700042725,56.743099212646]},"properties":{"icao":"USSS","iata":"SVX","name":"Koltsovo Airport","country":"RU","continent":"AS","rank":null,"status":"partial","dailyProxy":3,"capturedFlights":8,"estDaily":null}},{"type":"Feature","geometry":{"type":"Point","coordinates":[65.327696,57.178984]},"properties":{"icao":"USTR","iata":"TJM","name":"Roshchino International Airport","country":"RU","continent":"AS","rank":null,"status":"partial","dailyProxy":1,"capturedFlights":1,"estDaily":null}},{"type":"Feature","geometry":{"type":"Point","coordinates":[58.361,37.986801]},"properties":{"icao":"UTAA","iata":"ASB","name":"Ashgabat International Airport","country":"TM","continent":"AS","rank":658,"status":"partial","dailyProxy":26,"capturedFlights":18,"estDaily":26}},{"type":"Feature","geometry":{"type":"Point","coordinates":[68.822977,38.543746]},"properties":{"icao":"UTDD","iata":"DYU","name":"Dushanbe International Airport","country":"TJ","continent":"AS","rank":null,"status":"partial","dailyProxy":2,"capturedFlights":8,"estDaily":null}},{"type":"Feature","geometry":{"type":"Point","coordinates":[37.9063,55.408798]},"properties":{"icao":"UUDD","iata":"DME","name":"Domodedovo International Airport","country":"RU","continent":"EU","rank":765,"status":"partial","dailyProxy":21,"capturedFlights":16,"estDaily":21}},{"type":"Feature","geometry":{"type":"Point","coordinates":[37.41121,55.976858]},"properties":{"icao":"UUEE","iata":"SVO","name":"Sheremetyevo International Airport","country":"RU","continent":"EU","rank":313,"status":"partial","dailyProxy":65,"capturedFlights":62,"estDaily":65}},{"type":"Feature","geometry":{"type":"Point","coordinates":[37.261501,55.591499]},"properties":{"icao":"UUWW","iata":"VKO","name":"Vnukovo International Airport","country":"RU","continent":"EU","rank":276,"status":"partial","dailyProxy":71,"capturedFlights":51,"estDaily":71}},{"type":"Feature","geometry":{"type":"Point","coordinates":[49.278702,55.606201]},"properties":{"icao":"UWKD","iata":"KZN","name":"Kazan International Airport","country":"RU","continent":"AS","rank":null,"status":"partial","dailyProxy":4,"capturedFlights":11,"estDaily":null}},{"type":"Feature","geometry":{"type":"Point","coordinates":[55.874401092529,54.557498931885]},"properties":{"icao":"UWUU","iata":"UFA","name":"Ufa International Airport","country":"RU","continent":"EU","rank":null,"status":"partial","dailyProxy":2,"capturedFlights":2,"estDaily":null}},{"type":"Feature","geometry":{"type":"Point","coordinates":[50.164299,53.504902]},"properties":{"icao":"UWWW","iata":"KUF","name":"Kurumoch International Airport","country":"RU","continent":"EU","rank":null,"status":"partial","dailyProxy":2,"capturedFlights":3,"estDaily":null}},{"type":"Feature","geometry":{"type":"Point","coordinates":[72.293999,40.727699]},"properties":{"icao":"UZFA","iata":"AZN","name":"Andijan International Airport","country":"UZ","continent":"AS","rank":643,"status":"partial","dailyProxy":27,"capturedFlights":1,"estDaily":27}},{"type":"Feature","geometry":{"type":"Point","coordinates":[71.5578,40.984622]},"properties":{"icao":"UZFN","iata":"NMA","name":"Namangan International Airport","country":"UZ","continent":"AS","rank":644,"status":"partial","dailyProxy":27,"capturedFlights":1,"estDaily":27}},{"type":"Feature","geometry":{"type":"Point","coordinates":[65.172658,40.117599]},"properties":{"icao":"UZSA","iata":"NVI","name":"Navoi International Airport","country":"UZ","continent":"AS","rank":null,"status":"partial","dailyProxy":2,"capturedFlights":2,"estDaily":null}},{"type":"Feature","geometry":{"type":"Point","coordinates":[66.981467,39.701842]},"properties":{"icao":"UZSS","iata":"SKD","name":"Samarkand International Airport","country":"UZ","continent":"AS","rank":null,"status":"partial","dailyProxy":3,"capturedFlights":10,"estDaily":null}},{"type":"Feature","geometry":{"type":"Point","coordinates":[67.311869,37.287261]},"properties":{"icao":"UZST","iata":"TMJ","name":"Termez Airport","country":"UZ","continent":"AS","rank":null,"status":"partial","dailyProxy":3,"capturedFlights":3,"estDaily":null}},{"type":"Feature","geometry":{"type":"Point","coordinates":[69.281197,41.2579]},"properties":{"icao":"UZTT","iata":"TAS","name":"Tashkent International Airport","country":"UZ","continent":"AS","rank":288,"status":"partial","dailyProxy":68,"capturedFlights":58,"estDaily":68}},{"type":"Feature","geometry":{"type":"Point","coordinates":[72.634697,23.0772]},"properties":{"icao":"VAAH","iata":"AMD","name":"Sardar Vallabh Patel International Airport","country":"IN","continent":"AS","rank":310,"status":"partial","dailyProxy":66,"capturedFlights":50,"estDaily":66}},{"type":"Feature","geometry":{"type":"Point","coordinates":[72.867897,19.088699]},"properties":{"icao":"VABB","iata":"BOM","name":"Chhatrapati Shivaji Maharaj International Airport","country":"IN","continent":"AS","rank":19,"status":"partial","dailyProxy":267,"capturedFlights":229,"estDaily":267}},{"type":"Feature","geometry":{"type":"Point","coordinates":[79.047203,21.092199]},"properties":{"icao":"VANP","iata":"NAG","name":"Dr. Babasaheb Ambedkar International Airport","country":"IN","continent":"AS","rank":604,"status":"partial","dailyProxy":30,"capturedFlights":1,"estDaily":30}},{"type":"Feature","geometry":{"type":"Point","coordinates":[73.919701,18.5821]},"properties":{"icao":"VAPO","iata":"PNQ","name":"Pune International Airport","country":"IN","continent":"AS","rank":685,"status":"partial","dailyProxy":24,"capturedFlights":16,"estDaily":24}},{"type":"Feature","geometry":{"type":"Point","coordinates":[72.743251,21.115531]},"properties":{"icao":"VASU","iata":"STV","name":"Surat International Airport","country":"IN","continent":"AS","rank":null,"status":"partial","dailyProxy":2,"capturedFlights":6,"estDaily":null}},{"type":"Feature","geometry":{"type":"Point","coordinates":[79.88410186767578,7.180759906768799]},"properties":{"icao":"VCBI","iata":"CMB","name":"Bandaranaike International Colombo Airport","country":"LK","continent":"AS","rank":67,"status":"partial","dailyProxy":131,"capturedFlights":103,"estDaily":131}},{"type":"Feature","geometry":{"type":"Point","coordinates":[104.223831,13.36974]},"properties":{"icao":"VDSA","iata":"SAI","name":"Siem Reap-Angkor International Airport","country":"KH","continent":"AS","rank":633,"status":"partial","dailyProxy":29,"capturedFlights":36,"estDaily":29}},{"type":"Feature","geometry":{"type":"Point","coordinates":[103.632067,10.570557]},"properties":{"icao":"VDSV","iata":"KOS","name":"Sihanouk International Airport","country":"KH","continent":"AS","rank":493,"status":"partial","dailyProxy":39,"capturedFlights":6,"estDaily":39}},{"type":"Feature","geometry":{"type":"Point","coordinates":[104.921272,11.359987]},"properties":{"icao":"VDTI","iata":"KTI","name":"Techo International Airport","country":"KH","continent":"AS","rank":117,"status":"partial","dailyProxy":89,"capturedFlights":108,"estDaily":89}},{"type":"Feature","geometry":{"type":"Point","coordinates":[85.814747,20.251021]},"properties":{"icao":"VEBS","iata":"BBI","name":"Biju Patnaik International Airport","country":"IN","continent":"AS","rank":609,"status":"partial","dailyProxy":30,"capturedFlights":3,"estDaily":30}},{"type":"Feature","geometry":{"type":"Point","coordinates":[88.44765,22.654012]},"properties":{"icao":"VECC","iata":"CCU","name":"Netaji Subhash Chandra Bose International Airport","country":"IN","continent":"AS","rank":352,"status":"partial","dailyProxy":59,"capturedFlights":45,"estDaily":59}},{"type":"Feature","geometry":{"type":"Point","coordinates":[91.585226,26.106654]},"properties":{"icao":"VEGT","iata":"GAU","name":"Lokpriya Gopinath Bordoloi International Airport","country":"IN","continent":"AS","rank":610,"status":"partial","dailyProxy":30,"capturedFlights":3,"estDaily":30}},{"type":"Feature","geometry":{"type":"Point","coordinates":[84.951202,24.744301]},"properties":{"icao":"VEGY","iata":"GAY","name":"Gaya Airport","country":"IN","continent":"AS","rank":null,"status":"partial","dailyProxy":5,"capturedFlights":5,"estDaily":null}},{"type":"Feature","geometry":{"type":"Point","coordinates":[91.813301,22.249599]},"properties":{"icao":"VGEG","iata":"CGP","name":"Shah Amanat International Airport","country":"BD","continent":"AS","rank":780,"status":"partial","dailyProxy":20,"capturedFlights":14,"estDaily":20}},{"type":"Feature","geometry":{"type":"Point","coordinates":[90.397783,23.843347]},"properties":{"icao":"VGHS","iata":"DAC","name":"Hazrat Shahjalal International Airport","country":"BD","continent":"AS","rank":107,"status":"partial","dailyProxy":92,"capturedFlights":88,"estDaily":92}},{"type":"Feature","geometry":{"type":"Point","coordinates":[91.866903,24.963071]},"properties":{"icao":"VGSY","iata":"ZYL","name":"Osmany International Airport","country":"BD","continent":"AS","rank":519,"status":"partial","dailyProxy":37,"capturedFlights":2,"estDaily":37}},{"type":"Feature","geometry":{"type":"Point","coordinates":[113.914862,22.31184]},"properties":{"icao":"VHHH","iata":"HKG","name":"香港國際機場","country":"HK","continent":"AS","rank":null,"status":"complete","dailyProxy":123,"capturedFlights":1841,"estDaily":null}},{"type":"Feature","geometry":{"type":"Point","coordinates":[74.797302,31.7096]},"properties":{"icao":"VIAR","iata":"ATQ","name":"Sri Guru Ram Das Ji International Airport","country":"IN","continent":"AS","rank":null,"status":"partial","dailyProxy":4,"capturedFlights":13,"estDaily":null}},{"type":"Feature","geometry":{"type":"Point","coordinates":[76.788498,30.6735]},"properties":{"icao":"VICG","iata":"IXC","name":"Shaheed Bhagat Singh International Airport","country":"IN","continent":"AS","rank":null,"status":"partial","dailyProxy":4,"capturedFlights":7,"estDaily":null}},{"type":"Feature","geometry":{"type":"Point","coordinates":[77.09519,28.55563]},"properties":{"icao":"VIDP","iata":"DEL","name":"Indira Gandhi International Airport","country":"IN","continent":"AS","rank":17,"status":"partial","dailyProxy":306,"capturedFlights":252,"estDaily":306}},{"type":"Feature","geometry":{"type":"Point","coordinates":[73.04889678955078,26.251100540161133]},"properties":{"icao":"VIJO","iata":"JDH","name":"Jodhpur Airport","country":"IN","continent":"AS","rank":null,"status":"partial","dailyProxy":1,"capturedFlights":1,"estDaily":null}},{"type":"Feature","geometry":{"type":"Point","coordinates":[75.812202,26.8242]},"properties":{"icao":"VIJP","iata":"JAI","name":"Jaipur International Airport","country":"IN","continent":"AS","rank":719,"status":"partial","dailyProxy":23,"capturedFlights":15,"estDaily":23}},{"type":"Feature","geometry":{"type":"Point","coordinates":[80.889297,26.760599]},"properties":{"icao":"VILK","iata":"LKO","name":"Chaudhary Charan Singh International Airport","country":"IN","continent":"AS","rank":null,"status":"partial","dailyProxy":4,"capturedFlights":12,"estDaily":null}},{"type":"Feature","geometry":{"type":"Point","coordinates":[102.167191,19.904273]},"properties":{"icao":"VLLB","iata":"LPQ","name":"Luang Phabang International Airport","country":"LA","continent":"AS","rank":null,"status":"partial","dailyProxy":10,"capturedFlights":10,"estDaily":null}},{"type":"Feature","geometry":{"type":"Point","coordinates":[102.566692,17.985052]},"properties":{"icao":"VLVT","iata":"VTE","name":"Wattay International Airport","country":"LA","continent":"AS","rank":571,"status":"partial","dailyProxy":33,"capturedFlights":33,"estDaily":33}},{"type":"Feature","geometry":{"type":"Point","coordinates":[113.592003,22.149599]},"properties":{"icao":"VMMC","iata":"MFM","name":"Macau International Airport","country":"MO","continent":"AS","rank":13,"status":"partial","dailyProxy":324,"capturedFlights":393,"estDaily":324}},{"type":"Feature","geometry":{"type":"Point","coordinates":[83.410381,27.504636]},"properties":{"icao":"VNBW","iata":"BWA","name":"Gautam Buddha International Airport","country":"NP","continent":"AS","rank":384,"status":"partial","dailyProxy":50,"capturedFlights":2,"estDaily":50}},{"type":"Feature","geometry":{"type":"Point","coordinates":[85.3591,27.6966]},"properties":{"icao":"VNKT","iata":"KTM","name":"Tribhuvan International Airport","country":"NP","continent":"AS","rank":268,"status":"partial","dailyProxy":75,"capturedFlights":67,"estDaily":75}},{"type":"Feature","geometry":{"type":"Point","coordinates":[77.706299,13.1979]},"properties":{"icao":"VOBL","iata":"BLR","name":"Kempegowda International Airport Bengaluru","country":"IN","continent":"AS","rank":73,"status":"partial","dailyProxy":129,"capturedFlights":98,"estDaily":129}},{"type":"Feature","geometry":{"type":"Point","coordinates":[77.043404,11.03]},"properties":{"icao":"VOCB","iata":"CJB","name":"Coimbatore International Airport","country":"IN","continent":"AS","rank":616,"status":"partial","dailyProxy":30,"capturedFlights":2,"estDaily":30}},{"type":"Feature","geometry":{"type":"Point","coordinates":[76.400838,10.151047]},"properties":{"icao":"VOCI","iata":"COK","name":"Cochin International Airport","country":"IN","continent":"AS","rank":82,"status":"partial","dailyProxy":120,"capturedFlights":92,"estDaily":120}},{"type":"Feature","geometry":{"type":"Point","coordinates":[75.955152,11.135996]},"properties":{"icao":"VOCL","iata":"CCJ","name":"Calicut International Airport","country":"IN","continent":"AS","rank":364,"status":"partial","dailyProxy":56,"capturedFlights":43,"estDaily":56}},{"type":"Feature","geometry":{"type":"Point","coordinates":[73.860625,15.744257]},"properties":{"icao":"VOGA","iata":"GOX","name":"Manohar International Airport","country":"IN","continent":"AS","rank":617,"status":"partial","dailyProxy":30,"capturedFlights":2,"estDaily":30}},{"type":"Feature","geometry":{"type":"Point","coordinates":[73.833328,15.380062]},"properties":{"icao":"VOGO","iata":"GOI","name":"Goa Dabolim International Airport","country":"IN","continent":"AS","rank":618,"status":"partial","dailyProxy":30,"capturedFlights":2,"estDaily":30}},{"type":"Feature","geometry":{"type":"Point","coordinates":[78.429855,17.231318]},"properties":{"icao":"VOHS","iata":"HYD","name":"Rajiv Gandhi International Airport","country":"IN","continent":"AS","rank":118,"status":"partial","dailyProxy":89,"capturedFlights":70,"estDaily":89}},{"type":"Feature","geometry":{"type":"Point","coordinates":[75.544979,11.916343]},"properties":{"icao":"VOKN","iata":"CNN","name":"Kannur International Airport","country":"IN","continent":"AS","rank":null,"status":"partial","dailyProxy":4,"capturedFlights":11,"estDaily":null}},{"type":"Feature","geometry":{"type":"Point","coordinates":[78.09339904790001,9.83450984955]},"properties":{"icao":"VOMD","iata":"IXM","name":"Madurai Airport","country":"IN","continent":"AS","rank":null,"status":"partial","dailyProxy":2,"capturedFlights":4,"estDaily":null}},{"type":"Feature","geometry":{"type":"Point","coordinates":[74.886812,12.95471]},"properties":{"icao":"VOML","iata":"IXE","name":"Mangaluru International Airport","country":"IN","continent":"AS","rank":766,"status":"partial","dailyProxy":21,"capturedFlights":15,"estDaily":21}},{"type":"Feature","geometry":{"type":"Point","coordinates":[80.169296,12.990005]},"properties":{"icao":"VOMM","iata":"MAA","name":"Chennai International Airport","country":"IN","continent":"AS","rank":77,"status":"partial","dailyProxy":126,"capturedFlights":93,"estDaily":126}},{"type":"Feature","geometry":{"type":"Point","coordinates":[78.717741,10.762915]},"properties":{"icao":"VOTR","iata":"TRZ","name":"Tiruchirappalli International Airport","country":"IN","continent":"AS","rank":720,"status":"partial","dailyProxy":23,"capturedFlights":19,"estDaily":23}},{"type":"Feature","geometry":{"type":"Point","coordinates":[76.920029,8.481889]},"properties":{"icao":"VOTV","iata":"TRV","name":"Thiruvananthapuram International Airport","country":"IN","continent":"AS","rank":428,"status":"partial","dailyProxy":45,"capturedFlights":35,"estDaily":45}},{"type":"Feature","geometry":{"type":"Point","coordinates":[83.227729,17.723506]},"properties":{"icao":"VOVZ","iata":"VTZ","name":"Visakhapatnam International Airport","country":"IN","continent":"AS","rank":621,"status":"partial","dailyProxy":30,"capturedFlights":2,"estDaily":30}},{"type":"Feature","geometry":{"type":"Point","coordinates":[89.424599,27.4032]},"properties":{"icao":"VQPR","iata":"PBH","name":"Paro Airport","country":"BT","continent":"AS","rank":null,"status":"core-partial","dailyProxy":28,"capturedFlights":28,"estDaily":null}},{"type":"Feature","geometry":{"type":"Point","coordinates":[91.514633,27.25627]},"properties":{"icao":"VQTY","iata":"YON","name":"Yongphulla Airport","country":"BT","continent":"AS","rank":null,"status":"partial","dailyProxy":2,"capturedFlights":2,"estDaily":null}},{"type":"Feature","geometry":{"type":"Point","coordinates":[73.529099,4.19183]},"properties":{"icao":"VRMM","iata":"MLE","name":"Velana International Airport","country":"MV","continent":"AS","rank":99,"status":"partial","dailyProxy":98,"capturedFlights":83,"estDaily":98}},{"type":"Feature","geometry":{"type":"Point","coordinates":[100.607002,13.9126]},"properties":{"icao":"VTBD","iata":"DMK","name":"Don Mueang (Bangkok)","country":"TH","continent":"AS","rank":null,"status":"complete","dailyProxy":69,"capturedFlights":756,"estDaily":null}},{"type":"Feature","geometry":{"type":"Point","coordinates":[100.642998,14.9494]},"properties":{"icao":"VTBH","iata":"","name":"Sa Pran Nak Airport","country":"TH","continent":"AS","rank":null,"status":"partial","dailyProxy":2,"capturedFlights":2,"estDaily":null}},{"type":"Feature","geometry":{"type":"Point","coordinates":[99.9171981812,14.1020002365]},"properties":{"icao":"VTBK","iata":"KDT","name":"Kamphaeng Saen Airport","country":"TH","continent":"AS","rank":null,"status":"partial","dailyProxy":1,"capturedFlights":1,"estDaily":null}},{"type":"Feature","geometry":{"type":"Point","coordinates":[102.319,12.2746]},"properties":{"icao":"VTBO","iata":"TDX","name":"Trat Airport","country":"TH","continent":"AS","rank":null,"status":"partial","dailyProxy":6,"capturedFlights":6,"estDaily":null}},{"type":"Feature","geometry":{"type":"Point","coordinates":[100.747002,13.6811]},"properties":{"icao":"VTBS","iata":"BKK","name":"Suvarnabhumi (Bangkok)","country":"TH","continent":"AS","rank":null,"status":"complete","dailyProxy":94,"capturedFlights":1415,"estDaily":null}},{"type":"Feature","geometry":{"type":"Point","coordinates":[101.004997,12.6799]},"properties":{"icao":"VTBU","iata":"UTP","name":"U-Tapao Rayong-Pattaya","country":"TH","continent":"AS","rank":null,"status":"core-partial","dailyProxy":10,"capturedFlights":20,"estDaily":null}},{"type":"Feature","geometry":{"type":"Point","coordinates":[98.962600708,18.766799926799997]},"properties":{"icao":"VTCC","iata":"CNX","name":"Chiang Mai International","country":"TH","continent":"AS","rank":null,"status":"complete","dailyProxy":21,"capturedFlights":254,"estDaily":null}},{"type":"Feature","geometry":{"type":"Point","coordinates":[99.50420379638672,18.27090072631836]},"properties":{"icao":"VTCL","iata":"LPT","name":"Lampang Airport","country":"TH","continent":"AS","rank":null,"status":"partial","dailyProxy":4,"capturedFlights":4,"estDaily":null}},{"type":"Feature","geometry":{"type":"Point","coordinates":[100.78299713134766,18.807899475097656]},"properties":{"icao":"VTCN","iata":"NNT","name":"Nan Airport","country":"TH","continent":"AS","rank":null,"status":"partial","dailyProxy":10,"capturedFlights":10,"estDaily":null}},{"type":"Feature","geometry":{"type":"Point","coordinates":[99.882896,19.952299]},"properties":{"icao":"VTCT","iata":"CEI","name":"Mae Fah Luang - Chiang Rai International Airport","country":"TH","continent":"AS","rank":385,"status":"partial","dailyProxy":50,"capturedFlights":33,"estDaily":50}},{"type":"Feature","geometry":{"type":"Point","coordinates":[99.951499939,12.6361999512]},"properties":{"icao":"VTPH","iata":"HHQ","name":"Hua Hin Airport","country":"TH","continent":"AS","rank":null,"status":"partial","dailyProxy":4,"capturedFlights":4,"estDaily":null}},{"type":"Feature","geometry":{"type":"Point","coordinates":[100.295998,15.2773]},"properties":{"icao":"VTPI","iata":"TKH","name":"Takhli Royal Thai Air Force Base","country":"TH","continent":"AS","rank":null,"status":"partial","dailyProxy":3,"capturedFlights":3,"estDaily":null}},{"type":"Feature","geometry":{"type":"Point","coordinates":[98.54509735107422,16.699899673461914]},"properties":{"icao":"VTPM","iata":"MAQ","name":"Mae Sot Airport","country":"TH","continent":"AS","rank":null,"status":"partial","dailyProxy":2,"capturedFlights":2,"estDaily":null}},{"type":"Feature","geometry":{"type":"Point","coordinates":[99.81819915771484,17.238000869750977]},"properties":{"icao":"VTPO","iata":"THS","name":"Sukhothai Airport","country":"TH","continent":"AS","rank":null,"status":"partial","dailyProxy":4,"capturedFlights":4,"estDaily":null}},{"type":"Feature","geometry":{"type":"Point","coordinates":[100.278999,16.7829]},"properties":{"icao":"VTPP","iata":"PHS","name":"Phitsanulok Airport","country":"TH","continent":"AS","rank":null,"status":"partial","dailyProxy":12,"capturedFlights":12,"estDaily":null}},{"type":"Feature","geometry":{"type":"Point","coordinates":[99.135597229,9.13259983063]},"properties":{"icao":"VTSB","iata":"URT","name":"Surat Thani International","country":"TH","continent":"AS","rank":null,"status":"core-partial","dailyProxy":16,"capturedFlights":31,"estDaily":null}},{"type":"Feature","geometry":{"type":"Point","coordinates":[101.74299621582031,6.5199198722839355]},"properties":{"icao":"VTSC","iata":"NAW","name":"Narathiwat Airport","country":"TH","continent":"AS","rank":null,"status":"partial","dailyProxy":7,"capturedFlights":7,"estDaily":null}},{"type":"Feature","geometry":{"type":"Point","coordinates":[99.361702,10.7112]},"properties":{"icao":"VTSE","iata":"CJM","name":"Chumphon Airport","country":"TH","continent":"AS","rank":null,"status":"partial","dailyProxy":6,"capturedFlights":6,"estDaily":null}},{"type":"Feature","geometry":{"type":"Point","coordinates":[99.9447021484375,8.539620399475098]},"properties":{"icao":"VTSF","iata":"NST","name":"Nakhon Si Thammarat Airport","country":"TH","continent":"AS","rank":496,"status":"partial","dailyProxy":39,"capturedFlights":26,"estDaily":39}},{"type":"Feature","geometry":{"type":"Point","coordinates":[98.988955,8.095591]},"properties":{"icao":"VTSG","iata":"KBV","name":"Krabi International","country":"TH","continent":"AS","rank":null,"status":"complete","dailyProxy":24,"capturedFlights":97,"estDaily":null}},{"type":"Feature","geometry":{"type":"Point","coordinates":[100.061996,9.54779]},"properties":{"icao":"VTSM","iata":"USM","name":"Samui International","country":"TH","continent":"AS","rank":null,"status":"complete","dailyProxy":120,"capturedFlights":120,"estDaily":null}},{"type":"Feature","geometry":{"type":"Point","coordinates":[98.3174,8.113257]},"properties":{"icao":"VTSP","iata":"HKT","name":"Phuket International","country":"TH","continent":"AS","rank":null,"status":"complete","dailyProxy":58,"capturedFlights":404,"estDaily":null}},{"type":"Feature","geometry":{"type":"Point","coordinates":[98.585503,9.77762]},"properties":{"icao":"VTSR","iata":"UNN","name":"Ranong Airport","country":"TH","continent":"AS","rank":null,"status":"partial","dailyProxy":6,"capturedFlights":6,"estDaily":null}},{"type":"Feature","geometry":{"type":"Point","coordinates":[100.392998,6.93321]},"properties":{"icao":"VTSS","iata":"HDY","name":"Hat Yai International","country":"TH","continent":"AS","rank":null,"status":"complete","dailyProxy":64,"capturedFlights":64,"estDaily":null}},{"type":"Feature","geometry":{"type":"Point","coordinates":[99.6166,7.50874]},"properties":{"icao":"VTST","iata":"TST","name":"Trang Airport","country":"TH","continent":"AS","rank":null,"status":"partial","dailyProxy":11,"capturedFlights":11,"estDaily":null}},{"type":"Feature","geometry":{"type":"Point","coordinates":[102.788577,17.386186]},"properties":{"icao":"VTUD","iata":"UTH","name":"Udon Thani International Airport","country":"TH","continent":"AS","rank":369,"status":"partial","dailyProxy":54,"capturedFlights":36,"estDaily":54}},{"type":"Feature","geometry":{"type":"Point","coordinates":[104.11900329589844,17.195100784301758]},"properties":{"icao":"VTUI","iata":"SNO","name":"Sakon Nakhon Airport","country":"TH","continent":"AS","rank":null,"status":"partial","dailyProxy":8,"capturedFlights":8,"estDaily":null}},{"type":"Feature","geometry":{"type":"Point","coordinates":[102.783996582,16.466600418099997]},"properties":{"icao":"VTUK","iata":"KKC","name":"Khon Kaen Airport","country":"TH","continent":"AS","rank":375,"status":"partial","dailyProxy":51,"capturedFlights":34,"estDaily":51}},{"type":"Feature","geometry":{"type":"Point","coordinates":[101.72200012207031,17.43910026550293]},"properties":{"icao":"VTUL","iata":"LOE","name":"Loei Airport","country":"TH","continent":"AS","rank":null,"status":"partial","dailyProxy":4,"capturedFlights":4,"estDaily":null}},{"type":"Feature","geometry":{"type":"Point","coordinates":[103.252998,15.2295]},"properties":{"icao":"VTUO","iata":"BFV","name":"Buri Ram Airport","country":"TH","continent":"AS","rank":null,"status":"partial","dailyProxy":13,"capturedFlights":13,"estDaily":null}},{"type":"Feature","geometry":{"type":"Point","coordinates":[104.870002747,15.2512998581]},"properties":{"icao":"VTUU","iata":"UBP","name":"Ubon Ratchathani Airport","country":"TH","continent":"AS","rank":626,"status":"partial","dailyProxy":30,"capturedFlights":20,"estDaily":30}},{"type":"Feature","geometry":{"type":"Point","coordinates":[103.774002,16.1168]},"properties":{"icao":"VTUV","iata":"ROI","name":"Roi Et Airport","country":"TH","continent":"AS","rank":null,"status":"partial","dailyProxy":8,"capturedFlights":8,"estDaily":null}},{"type":"Feature","geometry":{"type":"Point","coordinates":[104.642998,17.383801]},"properties":{"icao":"VTUW","iata":"KOP","name":"Nakhon Phanom Airport","country":"TH","continent":"AS","rank":null,"status":"partial","dailyProxy":8,"capturedFlights":8,"estDaily":null}},{"type":"Feature","geometry":{"type":"Point","coordinates":[108.120002747,12.668299675]},"properties":{"icao":"VVBM","iata":"BMV","name":"Buon Ma Thuot Airport","country":"VN","continent":"AS","rank":null,"status":"partial","dailyProxy":5,"capturedFlights":5,"estDaily":null}},{"type":"Feature","geometry":{"type":"Point","coordinates":[108.706001,15.4033]},"properties":{"icao":"VVCA","iata":"VCL","name":"Chu Lai Airport","country":"VN","continent":"AS","rank":null,"status":"partial","dailyProxy":13,"capturedFlights":13,"estDaily":null}},{"type":"Feature","geometry":{"type":"Point","coordinates":[106.724315,20.817428]},"properties":{"icao":"VVCI","iata":"HPH","name":"Cat Bi International Airport","country":"VN","continent":"AS","rank":54,"status":"partial","dailyProxy":142,"capturedFlights":26,"estDaily":142}},{"type":"Feature","geometry":{"type":"Point","coordinates":[109.219002,11.9982]},"properties":{"icao":"VVCR","iata":"CXR","name":"Cam Ranh International Airport / Cam Ranh Air Base","country":"VN","continent":"AS","rank":135,"status":"partial","dailyProxy":81,"capturedFlights":98,"estDaily":81}},{"type":"Feature","geometry":{"type":"Point","coordinates":[106.633003,8.73183]},"properties":{"icao":"VVCS","iata":"VCS","name":"Con Dao Airport","country":"VN","continent":"AS","rank":null,"status":"partial","dailyProxy":14,"capturedFlights":14,"estDaily":null}},{"type":"Feature","geometry":{"type":"Point","coordinates":[105.709371,10.083397]},"properties":{"icao":"VVCT","iata":"VCA","name":"Can Tho International Airport","country":"VN","continent":"AS","rank":55,"status":"partial","dailyProxy":142,"capturedFlights":11,"estDaily":142}},{"type":"Feature","geometry":{"type":"Point","coordinates":[103.008003235,21.3974990845]},"properties":{"icao":"VVDB","iata":"DIN","name":"Dien Bien Phu Airport","country":"VN","continent":"AS","rank":null,"status":"partial","dailyProxy":2,"capturedFlights":2,"estDaily":null}},{"type":"Feature","geometry":{"type":"Point","coordinates":[106.590556,17.515]},"properties":{"icao":"VVDH","iata":"VDH","name":"Dong Hoi Airport","country":"VN","continent":"AS","rank":null,"status":"partial","dailyProxy":4,"capturedFlights":7,"estDaily":null}},{"type":"Feature","geometry":{"type":"Point","coordinates":[108.366997,11.750556]},"properties":{"icao":"VVDL","iata":"DLI","name":"Lien Khuong Airport","country":"VN","continent":"AS","rank":null,"status":"partial","dailyProxy":8,"capturedFlights":15,"estDaily":null}},{"type":"Feature","geometry":{"type":"Point","coordinates":[108.198997,16.0439]},"properties":{"icao":"VVDN","iata":"DAD","name":"Da Nang International Airport","country":"VN","continent":"AS","rank":28,"status":"partial","dailyProxy":213,"capturedFlights":297,"estDaily":213}},{"type":"Feature","geometry":{"type":"Point","coordinates":[105.806999,21.221201]},"properties":{"icao":"VVNB","iata":"HAN","name":"Noi Bai International Airport","country":"VN","continent":"AS","rank":11,"status":"partial","dailyProxy":365,"capturedFlights":675,"estDaily":365}},{"type":"Feature","geometry":{"type":"Point","coordinates":[107.703094,16.400628]},"properties":{"icao":"VVPB","iata":"HUI","name":"Phu Bai International Airport","country":"VN","continent":"AS","rank":null,"status":"partial","dailyProxy":7,"capturedFlights":13,"estDaily":null}},{"type":"Feature","geometry":{"type":"Point","coordinates":[109.042,13.955]},"properties":{"icao":"VVPC","iata":"UIH","name":"Phu Cat Airport","country":"VN","continent":"AS","rank":null,"status":"partial","dailyProxy":14,"capturedFlights":14,"estDaily":null}},{"type":"Feature","geometry":{"type":"Point","coordinates":[108.01699829101562,14.004500389099121]},"properties":{"icao":"VVPK","iata":"PXU","name":"Pleiku Airport","country":"VN","continent":"AS","rank":null,"status":"partial","dailyProxy":6,"capturedFlights":6,"estDaily":null}},{"type":"Feature","geometry":{"type":"Point","coordinates":[103.99353,10.169783]},"properties":{"icao":"VVPQ","iata":"PQC","name":"Phú Quốc International Airport","country":"VN","continent":"AS","rank":94,"status":"partial","dailyProxy":102,"capturedFlights":157,"estDaily":102}},{"type":"Feature","geometry":{"type":"Point","coordinates":[109.334,13.0496]},"properties":{"icao":"VVTH","iata":"TBB","name":"Dong Tac Airport","country":"VN","continent":"AS","rank":null,"status":"partial","dailyProxy":3,"capturedFlights":3,"estDaily":null}},{"type":"Feature","geometry":{"type":"Point","coordinates":[106.652,10.8188]},"properties":{"icao":"VVTS","iata":"SGN","name":"Tan Son Nhat International Airport","country":"VN","continent":"AS","rank":6,"status":"partial","dailyProxy":398,"capturedFlights":842,"estDaily":398}},{"type":"Feature","geometry":{"type":"Point","coordinates":[105.467778,19.901667]},"properties":{"icao":"VVTX","iata":"THD","name":"Tho Xuan Airport","country":"VN","continent":"AS","rank":null,"status":"partial","dailyProxy":12,"capturedFlights":12,"estDaily":null}},{"type":"Feature","geometry":{"type":"Point","coordinates":[105.67099762,18.7376003265]},"properties":{"icao":"VVVH","iata":"VII","name":"Vinh Airport","country":"VN","continent":"AS","rank":null,"status":"partial","dailyProxy":10,"capturedFlights":19,"estDaily":null}},{"type":"Feature","geometry":{"type":"Point","coordinates":[95.97789764404297,21.702199935913086]},"properties":{"icao":"VYMD","iata":"MDL","name":"Mandalay International Airport","country":"MM","continent":"AS","rank":429,"status":"partial","dailyProxy":45,"capturedFlights":3,"estDaily":45}},{"type":"Feature","geometry":{"type":"Point","coordinates":[96.1332015991,16.907300949099998]},"properties":{"icao":"VYYY","iata":"RGN","name":"Yangon International Airport","country":"MM","continent":"AS","rank":289,"status":"partial","dailyProxy":68,"capturedFlights":51,"estDaily":68}},{"type":"Feature","geometry":{"type":"Point","coordinates":[119.553702,-5.075539]},"properties":{"icao":"WAAA","iata":"UPG","name":"Sultan Hasanuddin International Airport","country":"ID","continent":"AS","rank":null,"status":"partial","dailyProxy":3,"capturedFlights":3,"estDaily":null}},{"type":"Feature","geometry":{"type":"Point","coordinates":[115.167123,-8.748409]},"properties":{"icao":"WADD","iata":"DPS","name":"Denpasar I Gusti Ngurah Rai International Airport","country":"ID","continent":"AS","rank":57,"status":"partial","dailyProxy":140,"capturedFlights":150,"estDaily":140}},{"type":"Feature","geometry":{"type":"Point","coordinates":[116.278169,-8.759962]},"properties":{"icao":"WADL","iata":"LOP","name":"Lombok International Airport","country":"ID","continent":"AS","rank":null,"status":"partial","dailyProxy":5,"capturedFlights":5,"estDaily":null}},{"type":"Feature","geometry":{"type":"Point","coordinates":[110.057264,-7.905338]},"properties":{"icao":"WAHI","iata":"YIA","name":"Yogyakarta International Airport","country":"ID","continent":"AS","rank":null,"status":"partial","dailyProxy":4,"capturedFlights":4,"estDaily":null}},{"type":"Feature","geometry":{"type":"Point","coordinates":[110.373244,-6.970732]},"properties":{"icao":"WAHS","iata":"SRG","name":"Jenderal Ahmad Yani Airport","country":"ID","continent":"AS","rank":null,"status":"partial","dailyProxy":4,"capturedFlights":4,"estDaily":null}},{"type":"Feature","geometry":{"type":"Point","coordinates":[116.89452,-1.268342]},"properties":{"icao":"WALL","iata":"BPN","name":"Sultan Aji Muhammad Sulaiman Sepinggan International Airport","country":"ID","continent":"AS","rank":null,"status":"partial","dailyProxy":4,"capturedFlights":4,"estDaily":null}},{"type":"Feature","geometry":{"type":"Point","coordinates":[124.92625,1.548591]},"properties":{"icao":"WAMM","iata":"MDC","name":"Sam Ratulangi International Airport","country":"ID","continent":"AS","rank":null,"status":"partial","dailyProxy":6,"capturedFlights":6,"estDaily":null}},{"type":"Feature","geometry":{"type":"Point","coordinates":[112.787003,-7.37983]},"properties":{"icao":"WARR","iata":"SUB","name":"Juanda International Airport","country":"ID","continent":"AS","rank":null,"status":"partial","dailyProxy":20,"capturedFlights":20,"estDaily":null}},{"type":"Feature","geometry":{"type":"Point","coordinates":[113.019996643,3.12385010719]},"properties":{"icao":"WBGB","iata":"BTU","name":"Bintulu Airport","country":"MY","continent":"AS","rank":null,"status":"partial","dailyProxy":4,"capturedFlights":4,"estDaily":null}},{"type":"Feature","geometry":{"type":"Point","coordinates":[110.352859,1.487364]},"properties":{"icao":"WBGG","iata":"KCH","name":"Kuching International Airport","country":"MY","continent":"AS","rank":null,"status":"partial","dailyProxy":31,"capturedFlights":31,"estDaily":null}},{"type":"Feature","geometry":{"type":"Point","coordinates":[113.987,4.32201]},"properties":{"icao":"WBGR","iata":"MYY","name":"Miri Airport","country":"MY","continent":"AS","rank":null,"status":"partial","dailyProxy":10,"capturedFlights":10,"estDaily":null}},{"type":"Feature","geometry":{"type":"Point","coordinates":[111.985001,2.2616]},"properties":{"icao":"WBGS","iata":"SBW","name":"Sibu Airport","country":"MY","continent":"AS","rank":null,"status":"partial","dailyProxy":10,"capturedFlights":10,"estDaily":null}},{"type":"Feature","geometry":{"type":"Point","coordinates":[116.049324,5.932743]},"properties":{"icao":"WBKK","iata":"BKI","name":"Kota Kinabalu International Airport","country":"MY","continent":"AS","rank":345,"status":"partial","dailyProxy":60,"capturedFlights":113,"estDaily":60}},{"type":"Feature","geometry":{"type":"Point","coordinates":[115.248333,5.301667]},"properties":{"icao":"WBKL","iata":"LBU","name":"Labuan Airport","country":"MY","continent":"AS","rank":null,"status":"partial","dailyProxy":3,"capturedFlights":3,"estDaily":null}},{"type":"Feature","geometry":{"type":"Point","coordinates":[118.05899810791016,5.900899887084961]},"properties":{"icao":"WBKS","iata":"SDK","name":"Sandakan Airport","country":"MY","continent":"AS","rank":null,"status":"partial","dailyProxy":5,"capturedFlights":5,"estDaily":null}},{"type":"Feature","geometry":{"type":"Point","coordinates":[118.12152,4.31338]},"properties":{"icao":"WBKW","iata":"TWU","name":"Tawau Airport","country":"MY","continent":"AS","rank":null,"status":"partial","dailyProxy":9,"capturedFlights":9,"estDaily":null}},{"type":"Feature","geometry":{"type":"Point","coordinates":[114.928001,4.9442]},"properties":{"icao":"WBSB","iata":"BWN","name":"Brunei International Airport","country":"BN","continent":"AS","rank":781,"status":"partial","dailyProxy":20,"capturedFlights":23,"estDaily":20}},{"type":"Feature","geometry":{"type":"Point","coordinates":[101.444321,0.458647]},"properties":{"icao":"WIBB","iata":"PKU","name":"Sultan Syarif Kasim II International Airport / Roesmin Nurjadin AFB","country":"ID","continent":"AS","rank":null,"status":"partial","dailyProxy":4,"capturedFlights":4,"estDaily":null}},{"type":"Feature","geometry":{"type":"Point","coordinates":[104.119003,1.12103]},"properties":{"icao":"WIDD","iata":"BTH","name":"Hang Nadim International Airport","country":"ID","continent":"AS","rank":null,"status":"partial","dailyProxy":3,"capturedFlights":3,"estDaily":null}},{"type":"Feature","geometry":{"type":"Point","coordinates":[100.280384,-0.785964]},"properties":{"icao":"WIEE","iata":"PDG","name":"Minangkabau International Airport","country":"ID","continent":"AS","rank":null,"status":"partial","dailyProxy":3,"capturedFlights":3,"estDaily":null}},{"type":"Feature","geometry":{"type":"Point","coordinates":[106.655998,-6.12557]},"properties":{"icao":"WIII","iata":"CGK","name":"Soekarno-Hatta International Airport","country":"ID","continent":"AS","rank":26,"status":"partial","dailyProxy":225,"capturedFlights":245,"estDaily":225}},{"type":"Feature","geometry":{"type":"Point","coordinates":[98.870566,3.637847]},"properties":{"icao":"WIMM","iata":"KNO","name":"Kualanamu International Airport","country":"ID","continent":"AS","rank":782,"status":"partial","dailyProxy":20,"capturedFlights":36,"estDaily":20}},{"type":"Feature","geometry":{"type":"Point","coordinates":[109.404493,-0.152258]},"properties":{"icao":"WIOO","iata":"PNK","name":"Supadio International Airport","country":"ID","continent":"AS","rank":null,"status":"partial","dailyProxy":1,"capturedFlights":1,"estDaily":null}},{"type":"Feature","geometry":{"type":"Point","coordinates":[104.698147,-2.897653]},"properties":{"icao":"WIPP","iata":"PLM","name":"Sultan Mahmud Badaruddin II Airport","country":"ID","continent":"AS","rank":null,"status":"partial","dailyProxy":2,"capturedFlights":2,"estDaily":null}},{"type":"Feature","geometry":{"type":"Point","coordinates":[95.41997,5.525087]},"properties":{"icao":"WITT","iata":"BTJ","name":"Sultan Iskandar Muda International Airport","country":"ID","continent":"AS","rank":null,"status":"partial","dailyProxy":2,"capturedFlights":2,"estDaily":null}},{"type":"Feature","geometry":{"type":"Point","coordinates":[100.39800262451172,6.189670085906982]},"properties":{"icao":"WMKA","iata":"AOR","name":"Sultan Abdul Halim Airport","country":"MY","continent":"AS","rank":null,"status":"partial","dailyProxy":2,"capturedFlights":2,"estDaily":null}},{"type":"Feature","geometry":{"type":"Point","coordinates":[102.29299926757812,6.1668500900268555]},"properties":{"icao":"WMKC","iata":"KBR","name":"Sultan Ismail Petra Airport","country":"MY","continent":"AS","rank":null,"status":"partial","dailyProxy":15,"capturedFlights":15,"estDaily":null}},{"type":"Feature","geometry":{"type":"Point","coordinates":[103.20899963378906,3.7753899097442627]},"properties":{"icao":"WMKD","iata":"KUA","name":"Kuantan Airport","country":"MY","continent":"AS","rank":null,"status":"partial","dailyProxy":4,"capturedFlights":4,"estDaily":null}},{"type":"Feature","geometry":{"type":"Point","coordinates":[101.091643,4.56733]},"properties":{"icao":"WMKI","iata":"IPH","name":"Sultan Azlan Shah Airport","country":"MY","continent":"AS","rank":null,"status":"partial","dailyProxy":8,"capturedFlights":8,"estDaily":null}},{"type":"Feature","geometry":{"type":"Point","coordinates":[103.669998,1.64131]},"properties":{"icao":"WMKJ","iata":"JHB","name":"Senai International Airport","country":"MY","continent":"AS","rank":null,"status":"partial","dailyProxy":10,"capturedFlights":20,"estDaily":null}},{"type":"Feature","geometry":{"type":"Point","coordinates":[101.709999,2.74558]},"properties":{"icao":"WMKK","iata":"KUL","name":"Kuala Lumpur International Airport","country":"MY","continent":"AS","rank":3,"status":"partial","dailyProxy":467,"capturedFlights":1028,"estDaily":467}},{"type":"Feature","geometry":{"type":"Point","coordinates":[99.728699,6.32973]},"properties":{"icao":"WMKL","iata":"LGK","name":"Langkawi International Airport","country":"MY","continent":"AS","rank":null,"status":"partial","dailyProxy":25,"capturedFlights":25,"estDaily":null}},{"type":"Feature","geometry":{"type":"Point","coordinates":[102.252778,2.265613]},"properties":{"icao":"WMKM","iata":"MKZ","name":"Malacca International Airport","country":"MY","continent":"AS","rank":null,"status":"partial","dailyProxy":2,"capturedFlights":2,"estDaily":null}},{"type":"Feature","geometry":{"type":"Point","coordinates":[103.10299682617188,5.3826398849487305]},"properties":{"icao":"WMKN","iata":"TGG","name":"Sultan Mahmud Airport","country":"MY","continent":"AS","rank":null,"status":"partial","dailyProxy":5,"capturedFlights":5,"estDaily":null}},{"type":"Feature","geometry":{"type":"Point","coordinates":[100.276185,5.296303]},"properties":{"icao":"WMKP","iata":"PEN","name":"Penang International Airport","country":"MY","continent":"AS","rank":102,"status":"partial","dailyProxy":95,"capturedFlights":125,"estDaily":95}},{"type":"Feature","geometry":{"type":"Point","coordinates":[101.549004,3.13058]},"properties":{"icao":"WMSA","iata":"SZB","name":"Sultan Abdul Aziz Shah International Airport","country":"MY","continent":"AS","rank":659,"status":"partial","dailyProxy":26,"capturedFlights":17,"estDaily":26}},{"type":"Feature","geometry":{"type":"Point","coordinates":[103.86673,1.41555]},"properties":{"icao":"WSSL","iata":"XSP","name":"Seletar Airport","country":"SG","continent":"AS","rank":null,"status":"partial","dailyProxy":3,"capturedFlights":13,"estDaily":null}},{"type":"Feature","geometry":{"type":"Point","coordinates":[103.994003,1.35019]},"properties":{"icao":"WSSS","iata":"SIN","name":"Singapore Changi","country":"SG","continent":"AS","rank":null,"status":"complete","dailyProxy":45,"capturedFlights":2039,"estDaily":null}},{"type":"Feature","geometry":{"type":"Point","coordinates":[153.11700439453125,-27.384199142456055]},"properties":{"icao":"YBBN","iata":"BNE","name":"Brisbane International Airport","country":"AU","continent":"OC","rank":282,"status":"partial","dailyProxy":69,"capturedFlights":64,"estDaily":69}},{"type":"Feature","geometry":{"type":"Point","coordinates":[145.74948,-16.878921]},"properties":{"icao":"YBCS","iata":"CNS","name":"Cairns International Airport","country":"AU","continent":"OC","rank":null,"status":"partial","dailyProxy":3,"capturedFlights":6,"estDaily":null}},{"type":"Feature","geometry":{"type":"Point","coordinates":[144.837898,-37.670732]},"properties":{"icao":"YMML","iata":"MEL","name":"Melbourne Airport","country":"AU","continent":"OC","rank":88,"status":"partial","dailyProxy":110,"capturedFlights":101,"estDaily":110}},{"type":"Feature","geometry":{"type":"Point","coordinates":[138.533393,-34.947512]},"properties":{"icao":"YPAD","iata":"ADL","name":"Adelaide International Airport","country":"AU","continent":"OC","rank":419,"status":"partial","dailyProxy":46,"capturedFlights":8,"estDaily":46}},{"type":"Feature","geometry":{"type":"Point","coordinates":[130.88185,-12.41497]},"properties":{"icao":"YPDN","iata":"DRW","name":"Darwin International Airport / RAAF Darwin","country":"AU","continent":"OC","rank":420,"status":"partial","dailyProxy":46,"capturedFlights":6,"estDaily":46}},{"type":"Feature","geometry":{"type":"Point","coordinates":[115.96700286865234,-31.94029998779297]},"properties":{"icao":"YPPH","iata":"PER","name":"Perth International Airport","country":"AU","continent":"OC","rank":450,"status":"partial","dailyProxy":42,"capturedFlights":40,"estDaily":42}},{"type":"Feature","geometry":{"type":"Point","coordinates":[151.177002,-33.946098]},"properties":{"icao":"YSSY","iata":"SYD","name":"Sydney Kingsford Smith International Airport","country":"AU","continent":"OC","rank":53,"status":"partial","dailyProxy":143,"capturedFlights":135,"estDaily":143}},{"type":"Feature","geometry":{"type":"Point","coordinates":[116.596702,40.077349]},"properties":{"icao":"ZBAA","iata":"PEK","name":"Beijing Capital International Airport","country":"CN","continent":"AS","rank":null,"status":"core-partial","dailyProxy":91,"capturedFlights":1184,"estDaily":null}},{"type":"Feature","geometry":{"type":"Point","coordinates":[116.413967,39.501289]},"properties":{"icao":"ZBAD","iata":"PKX","name":"Beijing Daxing International Airport","country":"CN","continent":"AS","rank":null,"status":"core-partial","dailyProxy":202,"capturedFlights":1009,"estDaily":null}},{"type":"Feature","geometry":{"type":"Point","coordinates":[118.840971,42.159723]},"properties":{"icao":"ZBCF","iata":"CIF","name":"Chifeng Yulong Airport","country":"CN","continent":"AS","rank":null,"status":"partial","dailyProxy":2,"capturedFlights":2,"estDaily":null}},{"type":"Feature","geometry":{"type":"Point","coordinates":[113.125999,36.247501]},"properties":{"icao":"ZBCZ","iata":"CIH","name":"Changzhi Wangcun Airport","country":"CN","continent":"AS","rank":null,"status":"partial","dailyProxy":4,"capturedFlights":4,"estDaily":null}},{"type":"Feature","geometry":{"type":"Point","coordinates":[119.061384,39.666384]},"properties":{"icao":"ZBDH","iata":"BPE","name":"Qinhuangdao Beidaihe Airport","country":"CN","continent":"AS","rank":null,"status":"partial","dailyProxy":2,"capturedFlights":2,"estDaily":null}},{"type":"Feature","geometry":{"type":"Point","coordinates":[109.8599,39.493514]},"properties":{"icao":"ZBDS","iata":"DSN","name":"Ordos Ejin Horo International Airport","country":"CN","continent":"AS","rank":451,"status":"partial","dailyProxy":42,"capturedFlights":21,"estDaily":42}},{"type":"Feature","geometry":{"type":"Point","coordinates":[113.480509,40.06139]},"properties":{"icao":"ZBDT","iata":"DAT","name":"Datong Yungang International Airport","country":"CN","continent":"AS","rank":null,"status":"partial","dailyProxy":10,"capturedFlights":10,"estDaily":null}},{"type":"Feature","geometry":{"type":"Point","coordinates":[114.424126,36.524824]},"properties":{"icao":"ZBHD","iata":"HDG","name":"Handan Airport","country":"CN","continent":"AS","rank":null,"status":"partial","dailyProxy":2,"capturedFlights":2,"estDaily":null}},{"type":"Feature","geometry":{"type":"Point","coordinates":[111.824598,40.849658]},"properties":{"icao":"ZBHH","iata":"HET","name":"Hohhot Baita International Airport","country":"CN","continent":"AS","rank":767,"status":"partial","dailyProxy":21,"capturedFlights":34,"estDaily":21}},{"type":"Feature","geometry":{"type":"Point","coordinates":[119.407222,45.487222]},"properties":{"icao":"ZBHZ","iata":"HUO","name":"Holingol Huolinhe Airport","country":"CN","continent":"AS","rank":null,"status":"partial","dailyProxy":2,"capturedFlights":2,"estDaily":null}},{"type":"Feature","geometry":{"type":"Point","coordinates":[119.822301,49.208616]},"properties":{"icao":"ZBLA","iata":"HLD","name":"Hulunbuir Hailar Airport","country":"CN","continent":"AS","rank":452,"status":"partial","dailyProxy":42,"capturedFlights":11,"estDaily":42}},{"type":"Feature","geometry":{"type":"Point","coordinates":[111.641236,36.132629]},"properties":{"icao":"ZBLF","iata":"LFQ","name":"Linfen Yaodu Airport","country":"CN","continent":"AS","rank":null,"status":"partial","dailyProxy":6,"capturedFlights":6,"estDaily":null}},{"type":"Feature","geometry":{"type":"Point","coordinates":[111.142778,37.683333]},"properties":{"icao":"ZBLL","iata":"LLV","name":"Lüliang Dawu Airport","country":"CN","continent":"AS","rank":null,"status":"partial","dailyProxy":7,"capturedFlights":7,"estDaily":null}},{"type":"Feature","geometry":{"type":"Point","coordinates":[117.33,49.566667]},"properties":{"icao":"ZBMZ","iata":"NZH","name":"Manzhouli Xijiao Airport","country":"CN","continent":"AS","rank":null,"status":"partial","dailyProxy":2,"capturedFlights":2,"estDaily":null}},{"type":"Feature","geometry":{"type":"Point","coordinates":[109.997002,40.560001]},"properties":{"icao":"ZBOW","iata":"BAV","name":"Baotou Donghe International Airport","country":"CN","continent":"AS","rank":453,"status":"partial","dailyProxy":42,"capturedFlights":6,"estDaily":42}},{"type":"Feature","geometry":{"type":"Point","coordinates":[112.691552,39.273241]},"properties":{"icao":"ZBSG","iata":"SZH","name":"Shuozhou Zirun Airport","country":"CN","continent":"AS","rank":null,"status":"partial","dailyProxy":2,"capturedFlights":2,"estDaily":null}},{"type":"Feature","geometry":{"type":"Point","coordinates":[114.696999,38.280701]},"properties":{"icao":"ZBSJ","iata":"SJW","name":"Shijiazhuang Zhengding International Airport","country":"CN","continent":"AS","rank":783,"status":"partial","dailyProxy":20,"capturedFlights":54,"estDaily":20}},{"type":"Feature","geometry":{"type":"Point","coordinates":[117.346000671,39.124401092499994]},"properties":{"icao":"ZBTJ","iata":"TSN","name":"Tianjin Binhai International Airport","country":"CN","continent":"AS","rank":321,"status":"partial","dailyProxy":63,"capturedFlights":97,"estDaily":63}},{"type":"Feature","geometry":{"type":"Point","coordinates":[122.199997,43.556702]},"properties":{"icao":"ZBTL","iata":"TGO","name":"Tongliao Airport","country":"CN","continent":"AS","rank":null,"status":"partial","dailyProxy":4,"capturedFlights":4,"estDaily":null}},{"type":"Feature","geometry":{"type":"Point","coordinates":[106.7993,39.7934]},"properties":{"icao":"ZBUH","iata":"WUA","name":"Wuhai Airport","country":"CN","continent":"AS","rank":null,"status":"partial","dailyProxy":4,"capturedFlights":4,"estDaily":null}},{"type":"Feature","geometry":{"type":"Point","coordinates":[122.008333,46.195333]},"properties":{"icao":"ZBUL","iata":"HLH","name":"Ulanhot Yilelite Airport","country":"CN","continent":"AS","rank":null,"status":"partial","dailyProxy":5,"capturedFlights":5,"estDaily":null}},{"type":"Feature","geometry":{"type":"Point","coordinates":[115.96399688720703,43.91559982299805]},"properties":{"icao":"ZBXH","iata":"XIL","name":"Xilinhot Airport","country":"CN","continent":"AS","rank":null,"status":"partial","dailyProxy":5,"capturedFlights":5,"estDaily":null}},{"type":"Feature","geometry":{"type":"Point","coordinates":[114.4293,36.8831]},"properties":{"icao":"ZBXT","iata":"XNT","name":"Xingtai Dalian Airport","country":"CN","continent":"AS","rank":null,"status":"partial","dailyProxy":2,"capturedFlights":2,"estDaily":null}},{"type":"Feature","geometry":{"type":"Point","coordinates":[112.969173,38.597456]},"properties":{"icao":"ZBXZ","iata":"WUT","name":"Xinzhou Wutaishan Airport","country":"CN","continent":"AS","rank":null,"status":"partial","dailyProxy":3,"capturedFlights":3,"estDaily":null}},{"type":"Feature","geometry":{"type":"Point","coordinates":[111.034023,35.117823]},"properties":{"icao":"ZBYC","iata":"YCU","name":"Yuncheng Yanhu International Airport","country":"CN","continent":"AS","rank":null,"status":"partial","dailyProxy":9,"capturedFlights":17,"estDaily":null}},{"type":"Feature","geometry":{"type":"Point","coordinates":[112.627998,37.746899]},"properties":{"icao":"ZBYN","iata":"TYN","name":"Taiyuan Wusu International Airport","country":"CN","continent":"AS","rank":516,"status":"partial","dailyProxy":38,"capturedFlights":77,"estDaily":38}},{"type":"Feature","geometry":{"type":"Point","coordinates":[107.74093,40.926358]},"properties":{"icao":"ZBYZ","iata":"RLK","name":"Bayannur Tianjitai Airport","country":"CN","continent":"AS","rank":null,"status":"partial","dailyProxy":3,"capturedFlights":3,"estDaily":null}},{"type":"Feature","geometry":{"type":"Point","coordinates":[122.768662,47.865942]},"properties":{"icao":"ZBZL","iata":"NZL","name":"Zhalantun Genghis Khan Airport","country":"CN","continent":"AS","rank":null,"status":"partial","dailyProxy":2,"capturedFlights":2,"estDaily":null}},{"type":"Feature","geometry":{"type":"Point","coordinates":[109.293683,21.538659]},"properties":{"icao":"ZGBH","iata":"BHY","name":"Beihai Fucheng Airport","country":"CN","continent":"AS","rank":null,"status":"partial","dailyProxy":36,"capturedFlights":36,"estDaily":null}},{"type":"Feature","geometry":{"type":"Point","coordinates":[111.639999,28.9189]},"properties":{"icao":"ZGCD","iata":"CGD","name":"Changde Taohuayuan Airport","country":"CN","continent":"AS","rank":null,"status":"partial","dailyProxy":9,"capturedFlights":9,"estDaily":null}},{"type":"Feature","geometry":{"type":"Point","coordinates":[109.704666,27.443087]},"properties":{"icao":"ZGCJ","iata":"HJJ","name":"Huaihua Zhijiang Airport","country":"CN","continent":"AS","rank":null,"status":"partial","dailyProxy":2,"capturedFlights":2,"estDaily":null}},{"type":"Feature","geometry":{"type":"Point","coordinates":[112.845404,25.753419]},"properties":{"icao":"ZGCZ","iata":"HCZ","name":"Chenzhou Beihu Airport","country":"CN","continent":"AS","rank":null,"status":"partial","dailyProxy":2,"capturedFlights":2,"estDaily":null}},{"type":"Feature","geometry":{"type":"Point","coordinates":[110.442786,29.104749]},"properties":{"icao":"ZGDY","iata":"DYG","name":"Zhangjiajie Hehua International Airport","country":"CN","continent":"AS","rank":454,"status":"partial","dailyProxy":42,"capturedFlights":8,"estDaily":42}},{"type":"Feature","geometry":{"type":"Point","coordinates":[113.070833,23.0825]},"properties":{"icao":"ZGFS","iata":"FUO","name":"Foshan Shadi Airport","country":"CN","continent":"AS","rank":null,"status":"partial","dailyProxy":11,"capturedFlights":11,"estDaily":null}},{"type":"Feature","geometry":{"type":"Point","coordinates":[113.299004,23.392401]},"properties":{"icao":"ZGGG","iata":"CAN","name":"Guangzhou Baiyun International Airport","country":"CN","continent":"AS","rank":9,"status":"partial","dailyProxy":378,"capturedFlights":1377,"estDaily":378}},{"type":"Feature","geometry":{"type":"Point","coordinates":[113.220001,28.189199]},"properties":{"icao":"ZGHA","iata":"CSX","name":"Changsha Huanghua International Airport","country":"CN","continent":"AS","rank":283,"status":"partial","dailyProxy":69,"capturedFlights":130,"estDaily":69}},{"type":"Feature","geometry":{"type":"Point","coordinates":[112.617958,26.72208]},"properties":{"icao":"ZGHY","iata":"HNY","name":"Hengyang Nanyue Airport","country":"CN","continent":"AS","rank":null,"status":"partial","dailyProxy":6,"capturedFlights":6,"estDaily":null}},{"type":"Feature","geometry":{"type":"Point","coordinates":[114.599998,23.049999]},"properties":{"icao":"ZGHZ","iata":"HUZ","name":"Huizhou Pingtan Airport","country":"CN","continent":"AS","rank":null,"status":"partial","dailyProxy":23,"capturedFlights":23,"estDaily":null}},{"type":"Feature","geometry":{"type":"Point","coordinates":[110.039553,25.219828]},"properties":{"icao":"ZGKL","iata":"KWL","name":"Guilin Liangjiang International Airport","country":"CN","continent":"AS","rank":660,"status":"partial","dailyProxy":26,"capturedFlights":36,"estDaily":26}},{"type":"Feature","geometry":{"type":"Point","coordinates":[111.610043,26.338661]},"properties":{"icao":"ZGLG","iata":"LLF","name":"Yongzhou Lingling Airport","country":"CN","continent":"AS","rank":null,"status":"partial","dailyProxy":2,"capturedFlights":2,"estDaily":null}},{"type":"Feature","geometry":{"type":"Point","coordinates":[116.097857,24.263425]},"properties":{"icao":"ZGMX","iata":"MXZ","name":"Meizhou Meixian Changgangji International Airport","country":"CN","continent":"AS","rank":null,"status":"partial","dailyProxy":1,"capturedFlights":1,"estDaily":null}},{"type":"Feature","geometry":{"type":"Point","coordinates":[108.181922,22.598071]},"properties":{"icao":"ZGNN","iata":"NNG","name":"Nanning Wuxu International Airport","country":"CN","continent":"AS","rank":517,"status":"partial","dailyProxy":38,"capturedFlights":83,"estDaily":38}},{"type":"Feature","geometry":{"type":"Point","coordinates":[116.5033,23.552]},"properties":{"icao":"ZGOW","iata":"SWA","name":"Jieyang Chaoshan International Airport","country":"CN","continent":"AS","rank":322,"status":"partial","dailyProxy":63,"capturedFlights":99,"estDaily":63}},{"type":"Feature","geometry":{"type":"Point","coordinates":[113.375999,22.006399]},"properties":{"icao":"ZGSD","iata":"ZUH","name":"Zhuhai Jinwan Airport","country":"CN","continent":"AS","rank":558,"status":"partial","dailyProxy":35,"capturedFlights":77,"estDaily":35}},{"type":"Feature","geometry":{"type":"Point","coordinates":[113.420998,24.9786]},"properties":{"icao":"ZGSG","iata":"HSC","name":"Shaoguan Danxia Airport","country":"CN","continent":"AS","rank":null,"status":"partial","dailyProxy":2,"capturedFlights":2,"estDaily":null}},{"type":"Feature","geometry":{"type":"Point","coordinates":[110.641042,26.806123]},"properties":{"icao":"ZGSY","iata":"WGN","name":"Shaoyang Wugang Airport","country":"CN","continent":"AS","rank":null,"status":"partial","dailyProxy":4,"capturedFlights":4,"estDaily":null}},{"type":"Feature","geometry":{"type":"Point","coordinates":[113.803262,22.639474]},"properties":{"icao":"ZGSZ","iata":"SZX","name":"Shenzhen Bao'an International Airport","country":"CN","continent":"AS","rank":14,"status":"partial","dailyProxy":321,"capturedFlights":1060,"estDaily":321}},{"type":"Feature","geometry":{"type":"Point","coordinates":[111.09331,23.40316]},"properties":{"icao":"ZGWZ","iata":"WUZ","name":"Wuzhou Xijiang Airport","country":"CN","continent":"AS","rank":null,"status":"partial","dailyProxy":2,"capturedFlights":2,"estDaily":null}},{"type":"Feature","geometry":{"type":"Point","coordinates":[109.5218,28.4972]},"properties":{"icao":"ZGXX","iata":"DXJ","name":"Xiangxi Biancheng Airport","country":"CN","continent":"AS","rank":null,"status":"partial","dailyProxy":2,"capturedFlights":2,"estDaily":null}},{"type":"Feature","geometry":{"type":"Point","coordinates":[110.119996,22.433042]},"properties":{"icao":"ZGYL","iata":"YLX","name":"Yulin Fumian Airport","country":"CN","continent":"AS","rank":null,"status":"partial","dailyProxy":2,"capturedFlights":2,"estDaily":null}},{"type":"Feature","geometry":{"type":"Point","coordinates":[113.281574,29.311699]},"properties":{"icao":"ZGYY","iata":"YYA","name":"Yueyang Sanhe Airport","country":"CN","continent":"AS","rank":null,"status":"partial","dailyProxy":4,"capturedFlights":4,"estDaily":null}},{"type":"Feature","geometry":{"type":"Point","coordinates":[109.390999,24.2075]},"properties":{"icao":"ZGZH","iata":"LZH","name":"Liuzhou Bailian Airport / Bailian Air Base","country":"CN","continent":"AS","rank":null,"status":"partial","dailyProxy":9,"capturedFlights":9,"estDaily":null}},{"type":"Feature","geometry":{"type":"Point","coordinates":[110.590278,21.481667]},"properties":{"icao":"ZGZJ","iata":"ZHA","name":"Zhanjiang Wuchuan International Airport","country":"CN","continent":"AS","rank":null,"status":"partial","dailyProxy":23,"capturedFlights":23,"estDaily":null}},{"type":"Feature","geometry":{"type":"Point","coordinates":[113.849165,34.526497]},"properties":{"icao":"ZHCC","iata":"CGO","name":"Zhengzhou Xinzheng International Airport","country":"CN","continent":"AS","rank":311,"status":"partial","dailyProxy":66,"capturedFlights":141,"estDaily":66}},{"type":"Feature","geometry":{"type":"Point","coordinates":[115.03926,30.341178]},"properties":{"icao":"ZHEC","iata":"EHU","name":"Ezhou Huahu International Airport","country":"CN","continent":"AS","rank":455,"status":"partial","dailyProxy":42,"capturedFlights":7,"estDaily":42}},{"type":"Feature","geometry":{"type":"Point","coordinates":[109.485001,30.320299]},"properties":{"icao":"ZHES","iata":"ENH","name":"Enshi Xujiaping Airport","country":"CN","continent":"AS","rank":null,"status":"partial","dailyProxy":6,"capturedFlights":6,"estDaily":null}},{"type":"Feature","geometry":{"type":"Point","coordinates":[114.213723,30.774798]},"properties":{"icao":"ZHHH","iata":"WUH","name":"Wuhan Tianhe International Airport","country":"CN","continent":"AS","rank":112,"status":"partial","dailyProxy":90,"capturedFlights":176,"estDaily":90}},{"type":"Feature","geometry":{"type":"Point","coordinates":[112.44854,30.29281]},"properties":{"icao":"ZHJZ","iata":"SHS","name":"Jingzhou Shashi Airport","country":"CN","continent":"AS","rank":null,"status":"partial","dailyProxy":7,"capturedFlights":7,"estDaily":null}},{"type":"Feature","geometry":{"type":"Point","coordinates":[112.388,34.7411]},"properties":{"icao":"ZHLY","iata":"LYA","name":"Luoyang Beijiao Airport","country":"CN","continent":"AS","rank":456,"status":"partial","dailyProxy":42,"capturedFlights":4,"estDaily":42}},{"type":"Feature","geometry":{"type":"Point","coordinates":[112.617467,32.982696]},"properties":{"icao":"ZHNY","iata":"NNY","name":"Nanyang Jiangying Airport","country":"CN","continent":"AS","rank":null,"status":"partial","dailyProxy":4,"capturedFlights":4,"estDaily":null}},{"type":"Feature","geometry":{"type":"Point","coordinates":[114.461944,35.870833]},"properties":{"icao":"ZHQQ","iata":"HQQ","name":"Anyang Hongqiqu Airport","country":"CN","continent":"AS","rank":null,"status":"partial","dailyProxy":1,"capturedFlights":1,"estDaily":null}},{"type":"Feature","geometry":{"type":"Point","coordinates":[110.906296,32.592889]},"properties":{"icao":"ZHSY","iata":"WDS","name":"Shiyan Wudangshan Airport","country":"CN","continent":"AS","rank":null,"status":"partial","dailyProxy":7,"capturedFlights":7,"estDaily":null}},{"type":"Feature","geometry":{"type":"Point","coordinates":[112.291666,32.152222]},"properties":{"icao":"ZHXF","iata":"XFN","name":"Xiangyang Liuji Airport","country":"CN","continent":"AS","rank":null,"status":"partial","dailyProxy":11,"capturedFlights":11,"estDaily":null}},{"type":"Feature","geometry":{"type":"Point","coordinates":[114.079141,32.540819]},"properties":{"icao":"ZHXY","iata":"XAI","name":"Xinyang Minggang Airport","country":"CN","continent":"AS","rank":null,"status":"partial","dailyProxy":3,"capturedFlights":3,"estDaily":null}},{"type":"Feature","geometry":{"type":"Point","coordinates":[111.482563,30.554132]},"properties":{"icao":"ZHYC","iata":"YIH","name":"Yichang Sanxia Airport","country":"CN","continent":"AS","rank":null,"status":"partial","dailyProxy":18,"capturedFlights":18,"estDaily":null}},{"type":"Feature","geometry":{"type":"Point","coordinates":[110.459,19.9349]},"properties":{"icao":"ZJHK","iata":"HAK","name":"Haikou Meilan International Airport","country":"CN","continent":"AS","rank":269,"status":"partial","dailyProxy":75,"capturedFlights":163,"estDaily":75}},{"type":"Feature","geometry":{"type":"Point","coordinates":[110.452766,19.140951]},"properties":{"icao":"ZJQH","iata":"BAR","name":"Qionghai Bo'ao Airport","country":"CN","continent":"AS","rank":null,"status":"partial","dailyProxy":10,"capturedFlights":10,"estDaily":null}},{"type":"Feature","geometry":{"type":"Point","coordinates":[109.412003,18.3029]},"properties":{"icao":"ZJSY","iata":"SYX","name":"Sanya Phoenix International Airport","country":"CN","continent":"AS","rank":359,"status":"partial","dailyProxy":57,"capturedFlights":138,"estDaily":57}},{"type":"Feature","geometry":{"type":"Point","coordinates":[108.87338,32.75696]},"properties":{"icao":"ZLAK","iata":"AKA","name":"Ankang Fuqiang Airport","country":"CN","continent":"AS","rank":null,"status":"partial","dailyProxy":5,"capturedFlights":5,"estDaily":null}},{"type":"Feature","geometry":{"type":"Point","coordinates":[107.203817,33.133527]},"properties":{"icao":"ZLHZ","iata":"HZG","name":"Hanzhong Chenggu Airport","country":"CN","continent":"AS","rank":null,"status":"partial","dailyProxy":4,"capturedFlights":4,"estDaily":null}},{"type":"Feature","geometry":{"type":"Point","coordinates":[106.393214,38.322758]},"properties":{"icao":"ZLIC","iata":"INC","name":"Yinchuan Hedong International Airport","country":"CN","continent":"AS","rank":768,"status":"partial","dailyProxy":21,"capturedFlights":58,"estDaily":21}},{"type":"Feature","geometry":{"type":"Point","coordinates":[102.348333,38.542222]},"properties":{"icao":"ZLJC","iata":"JIC","name":"Jinchang Jinchuan Airport","country":"CN","continent":"AS","rank":null,"status":"partial","dailyProxy":2,"capturedFlights":2,"estDaily":null}},{"type":"Feature","geometry":{"type":"Point","coordinates":[98.339344,39.859052]},"properties":{"icao":"ZLJQ","iata":"JGN","name":"Jiayuguan International Airport","country":"CN","continent":"AS","rank":458,"status":"partial","dailyProxy":42,"capturedFlights":9,"estDaily":42}},{"type":"Feature","geometry":{"type":"Point","coordinates":[103.620003,36.515202]},"properties":{"icao":"ZLLL","iata":"LHW","name":"Lanzhou Zhongchuan International Airport","country":"CN","continent":"AS","rank":634,"status":"partial","dailyProxy":29,"capturedFlights":79,"estDaily":29}},{"type":"Feature","geometry":{"type":"Point","coordinates":[105.790014,33.789918]},"properties":{"icao":"ZLLN","iata":"LNL","name":"Longnan Chengzhou Airport","country":"CN","continent":"AS","rank":null,"status":"partial","dailyProxy":4,"capturedFlights":4,"estDaily":null}},{"type":"Feature","geometry":{"type":"Point","coordinates":[107.598896,35.802638]},"properties":{"icao":"ZLQY","iata":"IQN","name":"Qingyang Xifeng Airport","country":"CN","continent":"AS","rank":null,"status":"partial","dailyProxy":2,"capturedFlights":2,"estDaily":null}},{"type":"Feature","geometry":{"type":"Point","coordinates":[102.622261,34.819014]},"properties":{"icao":"ZLXH","iata":"GXH","name":"Gannan Xiahe Airport","country":"CN","continent":"AS","rank":null,"status":"partial","dailyProxy":1,"capturedFlights":1,"estDaily":null}},{"type":"Feature","geometry":{"type":"Point","coordinates":[102.040215,36.52775]},"properties":{"icao":"ZLXN","iata":"XNN","name":"Xining Caojiabao International Airport","country":"CN","continent":"AS","rank":null,"status":"partial","dailyProxy":25,"capturedFlights":25,"estDaily":null}},{"type":"Feature","geometry":{"type":"Point","coordinates":[108.762385,34.442207]},"properties":{"icao":"ZLXY","iata":"XIY","name":"Xi'an Xianyang International Airport","country":"CN","continent":"AS","rank":83,"status":"partial","dailyProxy":120,"capturedFlights":215,"estDaily":120}},{"type":"Feature","geometry":{"type":"Point","coordinates":[109.464083,36.479413]},"properties":{"icao":"ZLYA","iata":"ENY","name":"Yan'an Nanniwan Airport","country":"CN","continent":"AS","rank":null,"status":"partial","dailyProxy":5,"capturedFlights":5,"estDaily":null}},{"type":"Feature","geometry":{"type":"Point","coordinates":[109.590927,38.35971]},"properties":{"icao":"ZLYL","iata":"UYN","name":"Yulin Yuyang Airport","country":"CN","continent":"AS","rank":null,"status":"partial","dailyProxy":10,"capturedFlights":10,"estDaily":null}},{"type":"Feature","geometry":{"type":"Point","coordinates":[105.154454,37.573125]},"properties":{"icao":"ZLZW","iata":"ZHY","name":"Zhongwei Shapotou Airport","country":"CN","continent":"AS","rank":null,"status":"partial","dailyProxy":2,"capturedFlights":2,"estDaily":null}},{"type":"Feature","geometry":{"type":"Point","coordinates":[100.675003,38.801899]},"properties":{"icao":"ZLZY","iata":"YZY","name":"Zhangye Ganzhou Airport","country":"CN","continent":"AS","rank":null,"status":"partial","dailyProxy":2,"capturedFlights":2,"estDaily":null}},{"type":"Feature","geometry":{"type":"Point","coordinates":[106.819833,47.646916]},"properties":{"icao":"ZMCK","iata":"UBN","name":"Ulaanbaatar Chinggis Khaan International Airport","country":"MN","continent":"AS","rank":769,"status":"partial","dailyProxy":21,"capturedFlights":16,"estDaily":21}},{"type":"Feature","geometry":{"type":"Point","coordinates":[99.168297,25.053301]},"properties":{"icao":"ZPBS","iata":"BSD","name":"Baoshan Yunrui Airport","country":"CN","continent":"AS","rank":null,"status":"partial","dailyProxy":2,"capturedFlights":2,"estDaily":null}},{"type":"Feature","geometry":{"type":"Point","coordinates":[100.319,25.649401]},"properties":{"icao":"ZPDL","iata":"DLU","name":"Dali Fengyi Airport","country":"CN","continent":"AS","rank":null,"status":"partial","dailyProxy":25,"capturedFlights":25,"estDaily":null}},{"type":"Feature","geometry":{"type":"Point","coordinates":[99.6772,27.7936]},"properties":{"icao":"ZPDQ","iata":"DIG","name":"Diqing Shangri-La Airport","country":"CN","continent":"AS","rank":null,"status":"partial","dailyProxy":1,"capturedFlights":1,"estDaily":null}},{"type":"Feature","geometry":{"type":"Point","coordinates":[100.762224,21.974648]},"properties":{"icao":"ZPJH","iata":"JHG","name":"Xishuangbanna Gasa International Airport","country":"CN","continent":"AS","rank":661,"status":"partial","dailyProxy":26,"capturedFlights":51,"estDaily":26}},{"type":"Feature","geometry":{"type":"Point","coordinates":[100.025002,23.7381]},"properties":{"icao":"ZPLC","iata":"LNJ","name":"Lincang Boshang Airport","country":"CN","continent":"AS","rank":null,"status":"partial","dailyProxy":1,"capturedFlights":1,"estDaily":null}},{"type":"Feature","geometry":{"type":"Point","coordinates":[100.244944,26.677483]},"properties":{"icao":"ZPLJ","iata":"LJG","name":"Lijiang Sanyi International Airport","country":"CN","continent":"AS","rank":null,"status":"partial","dailyProxy":39,"capturedFlights":39,"estDaily":null}},{"type":"Feature","geometry":{"type":"Point","coordinates":[102.936743,25.110313]},"properties":{"icao":"ZPPP","iata":"KMG","name":"Kunming Changshui International Airport","country":"CN","continent":"AS","rank":74,"status":"partial","dailyProxy":129,"capturedFlights":220,"estDaily":129}},{"type":"Feature","geometry":{"type":"Point","coordinates":[100.959,22.793301]},"properties":{"icao":"ZPSM","iata":"SYM","name":"Pu'er Simao Airport","country":"CN","continent":"AS","rank":null,"status":"partial","dailyProxy":2,"capturedFlights":2,"estDaily":null}},{"type":"Feature","geometry":{"type":"Point","coordinates":[98.485833,24.938056]},"properties":{"icao":"ZPTC","iata":"TCZ","name":"Tengchong Tuofeng Airport","country":"CN","continent":"AS","rank":null,"status":"partial","dailyProxy":6,"capturedFlights":6,"estDaily":null}},{"type":"Feature","geometry":{"type":"Point","coordinates":[104.3255,23.5583]},"properties":{"icao":"ZPWS","iata":"WNH","name":"Wenshan Puzhehei Airport","country":"CN","continent":"AS","rank":null,"status":"partial","dailyProxy":3,"capturedFlights":3,"estDaily":null}},{"type":"Feature","geometry":{"type":"Point","coordinates":[103.75617,27.327549]},"properties":{"icao":"ZPZT","iata":"ZAT","name":"Zhaotong Zhaoyang Airport （Not fully opened)","country":"CN","continent":"AS","rank":null,"status":"partial","dailyProxy":2,"capturedFlights":2,"estDaily":null}},{"type":"Feature","geometry":{"type":"Point","coordinates":[118.127454,24.543889]},"properties":{"icao":"ZSAM","iata":"XMN","name":"Xiamen Gaoqi International Airport","country":"CN","continent":"AS","rank":44,"status":"partial","dailyProxy":165,"capturedFlights":216,"estDaily":165}},{"type":"Feature","geometry":{"type":"Point","coordinates":[117.050003,30.582199]},"properties":{"icao":"ZSAQ","iata":"AQG","name":"Anqing Tianzhushan Airport / Anqing North Air Base","country":"CN","continent":"AS","rank":null,"status":"partial","dailyProxy":4,"capturedFlights":4,"estDaily":null}},{"type":"Feature","geometry":{"type":"Point","coordinates":[115.911859,33.560777]},"properties":{"icao":"ZSBO","iata":"BZJ","name":"Bozhou Airport (under construction)","country":"CN","continent":"AS","rank":null,"status":"partial","dailyProxy":3,"capturedFlights":3,"estDaily":null}},{"type":"Feature","geometry":{"type":"Point","coordinates":[119.77546,31.920485]},"properties":{"icao":"ZSCG","iata":"CZX","name":"Changzhou Benniu International Airport","country":"CN","continent":"AS","rank":null,"status":"partial","dailyProxy":17,"capturedFlights":17,"estDaily":null}},{"type":"Feature","geometry":{"type":"Point","coordinates":[115.90271,28.864815]},"properties":{"icao":"ZSCN","iata":"KHN","name":"Nanchang Changbei International Airport","country":"CN","continent":"AS","rank":null,"status":"partial","dailyProxy":55,"capturedFlights":55,"estDaily":null}},{"type":"Feature","geometry":{"type":"Point","coordinates":[118.789863,37.50137]},"properties":{"icao":"ZSDY","iata":"DOY","name":"Dongying Shengli Airport","country":"CN","continent":"AS","rank":null,"status":"partial","dailyProxy":8,"capturedFlights":8,"estDaily":null}},{"type":"Feature","geometry":{"type":"Point","coordinates":[115.734364,32.882157]},"properties":{"icao":"ZSFY","iata":"FUG","name":"Fuyang Xiguan Airport","country":"CN","continent":"AS","rank":null,"status":"partial","dailyProxy":4,"capturedFlights":4,"estDaily":null}},{"type":"Feature","geometry":{"type":"Point","coordinates":[119.672524,25.929254]},"properties":{"icao":"ZSFZ","iata":"FOC","name":"Fuzhou Changle International Airport","country":"CN","continent":"AS","rank":108,"status":"partial","dailyProxy":92,"capturedFlights":139,"estDaily":92}},{"type":"Feature","geometry":{"type":"Point","coordinates":[114.778889,25.853333]},"properties":{"icao":"ZSGZ","iata":"KOW","name":"Ganzhou Huangjin Airport","country":"CN","continent":"AS","rank":null,"status":"partial","dailyProxy":11,"capturedFlights":11,"estDaily":null}},{"type":"Feature","geometry":{"type":"Point","coordinates":[120.428865,30.23609]},"properties":{"icao":"ZSHC","iata":"HGH","name":"Hangzhou Xiaoshan International Airport","country":"CN","continent":"AS","rank":89,"status":"partial","dailyProxy":110,"capturedFlights":282,"estDaily":110}},{"type":"Feature","geometry":{"type":"Point","coordinates":[115.736748,35.212972]},"properties":{"icao":"ZSHZ","iata":"HZA","name":"Heze Mudan Airport","country":"CN","continent":"AS","rank":null,"status":"partial","dailyProxy":1,"capturedFlights":1,"estDaily":null}},{"type":"Feature","geometry":{"type":"Point","coordinates":[117.176003,29.3386]},"properties":{"icao":"ZSJD","iata":"JDZ","name":"Jingdezhen Luojia Airport","country":"CN","continent":"AS","rank":null,"status":"partial","dailyProxy":4,"capturedFlights":4,"estDaily":null}},{"type":"Feature","geometry":{"type":"Point","coordinates":[116.743269,35.647358]},"properties":{"icao":"ZSJG","iata":"JNG","name":"Jining Da'an Airport","country":"CN","continent":"AS","rank":null,"status":"partial","dailyProxy":4,"capturedFlights":4,"estDaily":null}},{"type":"Feature","geometry":{"type":"Point","coordinates":[117.6856,30.7403]},"properties":{"icao":"ZSJH","iata":"JUH","name":"Chizhou Jiuhuashan Airport","country":"CN","continent":"AS","rank":null,"status":"partial","dailyProxy":2,"capturedFlights":2,"estDaily":null}},{"type":"Feature","geometry":{"type":"Point","coordinates":[115.801111,29.476944]},"properties":{"icao":"ZSJJ","iata":"JIU","name":"Jiujiang Lushan Airport","country":"CN","continent":"AS","rank":null,"status":"partial","dailyProxy":3,"capturedFlights":3,"estDaily":null}},{"type":"Feature","geometry":{"type":"Point","coordinates":[117.216003,36.857201]},"properties":{"icao":"ZSJN","iata":"TNA","name":"Jinan Yaoqiang International Airport","country":"CN","continent":"AS","rank":648,"status":"partial","dailyProxy":27,"capturedFlights":85,"estDaily":27}},{"type":"Feature","geometry":{"type":"Point","coordinates":[118.898793,28.96613]},"properties":{"icao":"ZSJU","iata":"JUZ","name":"Quzhou Airport","country":"CN","continent":"AS","rank":null,"status":"partial","dailyProxy":7,"capturedFlights":7,"estDaily":null}},{"type":"Feature","geometry":{"type":"Point","coordinates":[120.663056,30.698056]},"properties":{"icao":"ZSJX","iata":"JNH","name":"Jiaxing Nanhu Airport","country":"CN","continent":"AS","rank":null,"status":"partial","dailyProxy":4,"capturedFlights":4,"estDaily":null}},{"type":"Feature","geometry":{"type":"Point","coordinates":[119.17899,34.41406]},"properties":{"icao":"ZSLG","iata":"LYG","name":"Lianyungang Huaguoshan International Airport","country":"CN","continent":"AS","rank":459,"status":"partial","dailyProxy":42,"capturedFlights":8,"estDaily":42}},{"type":"Feature","geometry":{"type":"Point","coordinates":[119.839,28.3727]},"properties":{"icao":"ZSLI","iata":"LIJ","name":"Lishui Airport","country":"CN","continent":"AS","rank":null,"status":"partial","dailyProxy":5,"capturedFlights":5,"estDaily":null}},{"type":"Feature","geometry":{"type":"Point","coordinates":[121.429001,28.562201]},"properties":{"icao":"ZSLQ","iata":"HYN","name":"Taizhou Luqiao Airport","country":"CN","continent":"AS","rank":null,"status":"partial","dailyProxy":11,"capturedFlights":11,"estDaily":null}},{"type":"Feature","geometry":{"type":"Point","coordinates":[118.411828,35.052918]},"properties":{"icao":"ZSLY","iata":"LYI","name":"Linyi Qiyang Airport","country":"CN","continent":"AS","rank":null,"status":"partial","dailyProxy":13,"capturedFlights":13,"estDaily":null}},{"type":"Feature","geometry":{"type":"Point","coordinates":[121.46199798583984,29.82670021057129]},"properties":{"icao":"ZSNB","iata":"NGB","name":"Ningbo Lishe International Airport","country":"CN","continent":"AS","rank":518,"status":"partial","dailyProxy":38,"capturedFlights":111,"estDaily":38}},{"type":"Feature","geometry":{"type":"Point","coordinates":[118.865949,31.735032]},"properties":{"icao":"ZSNJ","iata":"NKG","name":"Nanjing Lukou International Airport","country":"CN","continent":"AS","rank":274,"status":"partial","dailyProxy":72,"capturedFlights":155,"estDaily":72}},{"type":"Feature","geometry":{"type":"Point","coordinates":[120.980076,32.073566]},"properties":{"icao":"ZSNT","iata":"NTG","name":"Nantong Xingdong International Airport","country":"CN","continent":"AS","rank":null,"status":"partial","dailyProxy":19,"capturedFlights":19,"estDaily":null}},{"type":"Feature","geometry":{"type":"Point","coordinates":[116.9769,31.98779]},"properties":{"icao":"ZSOF","iata":"HFE","name":"Hefei Xinqiao International Airport","country":"CN","continent":"AS","rank":460,"status":"partial","dailyProxy":42,"capturedFlights":63,"estDaily":42}},{"type":"Feature","geometry":{"type":"Point","coordinates":[121.805,31.1434]},"properties":{"icao":"ZSPD","iata":"PVG","name":"Shanghai Pudong International Airport","country":"CN","continent":"AS","rank":null,"status":"complete","dailyProxy":123,"capturedFlights":1721,"estDaily":null}},{"type":"Feature","geometry":{"type":"Point","coordinates":[120.088171,36.361953]},"properties":{"icao":"ZSQD","iata":"TAO","name":"Qingdao Jiaodong International Airport","country":"CN","continent":"AS","rank":75,"status":"partial","dailyProxy":129,"capturedFlights":158,"estDaily":129}},{"type":"Feature","geometry":{"type":"Point","coordinates":[118.588599,24.795855]},"properties":{"icao":"ZSQZ","iata":"JJN","name":"Quanzhou Jinjiang International Airport","country":"CN","continent":"AS","rank":635,"status":"partial","dailyProxy":29,"capturedFlights":53,"estDaily":29}},{"type":"Feature","geometry":{"type":"Point","coordinates":[116.077016,25.960236]},"properties":{"icao":"ZSRJ","iata":"JRJ","name":"Ganzhou Ruijin Airport","country":"CN","continent":"AS","rank":null,"status":"partial","dailyProxy":3,"capturedFlights":3,"estDaily":null}},{"type":"Feature","geometry":{"type":"Point","coordinates":[119.324403,35.405033]},"properties":{"icao":"ZSRZ","iata":"RIZ","name":"Rizhao Shanzihe Airport","country":"CN","continent":"AS","rank":null,"status":"partial","dailyProxy":2,"capturedFlights":2,"estDaily":null}},{"type":"Feature","geometry":{"type":"Point","coordinates":[119.126657,33.792712]},"properties":{"icao":"ZSSH","iata":"HIA","name":"Huai'an Lianshui Airport","country":"CN","continent":"AS","rank":461,"status":"partial","dailyProxy":42,"capturedFlights":8,"estDaily":42}},{"type":"Feature","geometry":{"type":"Point","coordinates":[117.8336,26.4263]},"properties":{"icao":"ZSSM","iata":"SQJ","name":"Sanming Shaxian Airport","country":"CN","continent":"AS","rank":null,"status":"partial","dailyProxy":5,"capturedFlights":5,"estDaily":null}},{"type":"Feature","geometry":{"type":"Point","coordinates":[117.9643,28.3797]},"properties":{"icao":"ZSSR","iata":"SQD","name":"Shangrao Sanqingshan Airport","country":"CN","continent":"AS","rank":null,"status":"partial","dailyProxy":4,"capturedFlights":4,"estDaily":null}},{"type":"Feature","geometry":{"type":"Point","coordinates":[121.33426,31.198104]},"properties":{"icao":"ZSSS","iata":"SHA","name":"Shanghai Hongqiao International Airport","country":"CN","continent":"AS","rank":null,"status":"complete","dailyProxy":80,"capturedFlights":802,"estDaily":null}},{"type":"Feature","geometry":{"type":"Point","coordinates":[118.255997,29.733299]},"properties":{"icao":"ZSTX","iata":"TXN","name":"Huangshan Tunxi International Airport","country":"CN","continent":"AS","rank":462,"status":"partial","dailyProxy":42,"capturedFlights":2,"estDaily":42}},{"type":"Feature","geometry":{"type":"Point","coordinates":[118.66687,31.1045]},"properties":{"icao":"ZSWA","iata":"WHA","name":"Wuhu Xuanzhou Airport","country":"CN","continent":"AS","rank":null,"status":"partial","dailyProxy":4,"capturedFlights":4,"estDaily":null}},{"type":"Feature","geometry":{"type":"Point","coordinates":[122.228996,37.187099]},"properties":{"icao":"ZSWH","iata":"WEH","name":"Weihai Dashuibo Airport","country":"CN","continent":"AS","rank":null,"status":"partial","dailyProxy":15,"capturedFlights":15,"estDaily":null}},{"type":"Feature","geometry":{"type":"Point","coordinates":[120.43038,31.496952]},"properties":{"icao":"ZSWX","iata":"WUX","name":"Sunan Shuofang International Airport","country":"CN","continent":"AS","rank":721,"status":"partial","dailyProxy":23,"capturedFlights":77,"estDaily":23}},{"type":"Feature","geometry":{"type":"Point","coordinates":[118.000999,27.7019]},"properties":{"icao":"ZSWY","iata":"WUS","name":"Nanping Wuyishan Airport","country":"CN","continent":"AS","rank":null,"status":"partial","dailyProxy":4,"capturedFlights":4,"estDaily":null}},{"type":"Feature","geometry":{"type":"Point","coordinates":[120.853465,27.910572]},"properties":{"icao":"ZSWZ","iata":"WNZ","name":"Wenzhou Longwan International Airport","country":"CN","continent":"AS","rank":662,"status":"partial","dailyProxy":26,"capturedFlights":81,"estDaily":26}},{"type":"Feature","geometry":{"type":"Point","coordinates":[117.555278,34.059056]},"properties":{"icao":"ZSXZ","iata":"XUZ","name":"Xuzhou Guanyin International Airport","country":"CN","continent":"AS","rank":null,"status":"partial","dailyProxy":9,"capturedFlights":9,"estDaily":null}},{"type":"Feature","geometry":{"type":"Point","coordinates":[119.7198,32.5634]},"properties":{"icao":"ZSYA","iata":"YTY","name":"Yangzhou Taizhou Airport","country":"CN","continent":"AS","rank":null,"status":"partial","dailyProxy":17,"capturedFlights":17,"estDaily":null}},{"type":"Feature","geometry":{"type":"Point","coordinates":[114.3062,27.8025]},"properties":{"icao":"ZSYC","iata":"YIC","name":"Yichun Mingyueshan Airport","country":"CN","continent":"AS","rank":null,"status":"partial","dailyProxy":3,"capturedFlights":3,"estDaily":null}},{"type":"Feature","geometry":{"type":"Point","coordinates":[120.20545,33.428317]},"properties":{"icao":"ZSYN","iata":"YNZ","name":"Yancheng Nanyang International Airport","country":"CN","continent":"AS","rank":463,"status":"partial","dailyProxy":42,"capturedFlights":14,"estDaily":42}},{"type":"Feature","geometry":{"type":"Point","coordinates":[120.978124,37.659724]},"properties":{"icao":"ZSYT","iata":"YNT","name":"Yantai Penglai International Airport","country":"CN","continent":"AS","rank":581,"status":"partial","dailyProxy":32,"capturedFlights":54,"estDaily":32}},{"type":"Feature","geometry":{"type":"Point","coordinates":[120.03116,29.342095]},"properties":{"icao":"ZSYW","iata":"YIW","name":"Yiwu Airport","country":"CN","continent":"AS","rank":464,"status":"partial","dailyProxy":42,"capturedFlights":27,"estDaily":42}},{"type":"Feature","geometry":{"type":"Point","coordinates":[122.362307,29.933874]},"properties":{"icao":"ZSZS","iata":"HSN","name":"Zhoushan Putuoshan International Airport","country":"CN","continent":"AS","rank":465,"status":"partial","dailyProxy":42,"capturedFlights":5,"estDaily":42}},{"type":"Feature","geometry":{"type":"Point","coordinates":[80.053971,32.09794]},"properties":{"icao":"ZUAL","iata":"NGQ","name":"Ngari Gunsa Airport","country":"CN","continent":"AS","rank":null,"status":"partial","dailyProxy":1,"capturedFlights":1,"estDaily":null}},{"type":"Feature","geometry":{"type":"Point","coordinates":[106.644872,31.73842]},"properties":{"icao":"ZUBZ","iata":"BZX","name":"Bazhong Enyang Airport","country":"CN","continent":"AS","rank":null,"status":"partial","dailyProxy":7,"capturedFlights":7,"estDaily":null}},{"type":"Feature","geometry":{"type":"Point","coordinates":[106.651895,29.712254]},"properties":{"icao":"ZUCK","iata":"CKG","name":"Chongqing Jiangbei International Airport","country":"CN","continent":"AS","rank":50,"status":"partial","dailyProxy":146,"capturedFlights":246,"estDaily":146}},{"type":"Feature","geometry":{"type":"Point","coordinates":[107.435646,31.048815]},"properties":{"icao":"ZUDA","iata":"DZH","name":"Dazhou Jinya Airport","country":"CN","continent":"AS","rank":null,"status":"partial","dailyProxy":14,"capturedFlights":14,"estDaily":null}},{"type":"Feature","geometry":{"type":"Point","coordinates":[100.060317,29.31632]},"properties":{"icao":"ZUDC","iata":"DCY","name":"Daocheng Yading Airport","country":"CN","continent":"AS","rank":null,"status":"partial","dailyProxy":1,"capturedFlights":1,"estDaily":null}},{"type":"Feature","geometry":{"type":"Point","coordinates":[105.694571,32.390254]},"properties":{"icao":"ZUGU","iata":"GYS","name":"Guangyuan Panlong Airport","country":"CN","continent":"AS","rank":null,"status":"partial","dailyProxy":5,"capturedFlights":5,"estDaily":null}},{"type":"Feature","geometry":{"type":"Point","coordinates":[106.80402,26.541805]},"properties":{"icao":"ZUGY","iata":"KWE","name":"Guiyang Longdongbao International Airport","country":"CN","continent":"AS","rank":433,"status":"partial","dailyProxy":44,"capturedFlights":89,"estDaily":44}},{"type":"Feature","geometry":{"type":"Point","coordinates":[99.554167,31.7575]},"properties":{"icao":"ZUGZ","iata":"GZG","name":"Garze Gesar Airport","country":"CN","continent":"AS","rank":null,"status":"partial","dailyProxy":1,"capturedFlights":1,"estDaily":null}},{"type":"Feature","geometry":{"type":"Point","coordinates":[103.682222,32.853333]},"properties":{"icao":"ZUJZ","iata":"JZH","name":"Jiuzhai Huanglong Airport","country":"CN","continent":"AS","rank":null,"status":"partial","dailyProxy":1,"capturedFlights":1,"estDaily":null}},{"type":"Feature","geometry":{"type":"Point","coordinates":[106.034417,31.50191]},"properties":{"icao":"ZULA","iata":"LZG","name":"Langzhong Gucheng Airport","country":"CN","continent":"AS","rank":null,"status":"partial","dailyProxy":4,"capturedFlights":4,"estDaily":null}},{"type":"Feature","geometry":{"type":"Point","coordinates":[90.911951,29.298001]},"properties":{"icao":"ZULS","iata":"LXA","name":"Lhasa Gonggar International Airport","country":"CN","continent":"AS","rank":466,"status":"partial","dailyProxy":42,"capturedFlights":27,"estDaily":42}},{"type":"Feature","geometry":{"type":"Point","coordinates":[105.468407,29.030357]},"properties":{"icao":"ZULZ","iata":"LZO","name":"Luzhou Yunlong Airport","country":"CN","continent":"AS","rank":null,"status":"partial","dailyProxy":12,"capturedFlights":12,"estDaily":null}},{"type":"Feature","geometry":{"type":"Point","coordinates":[106.435416,27.961837]},"properties":{"icao":"ZUMT","iata":"WMT","name":"Zunyi Maotai Airport","country":"CN","continent":"AS","rank":null,"status":"partial","dailyProxy":6,"capturedFlights":6,"estDaily":null}},{"type":"Feature","geometry":{"type":"Point","coordinates":[104.740997,31.428101]},"properties":{"icao":"ZUMY","iata":"MIG","name":"Mianyang Nanjiao Airport","country":"CN","continent":"AS","rank":null,"status":"partial","dailyProxy":16,"capturedFlights":16,"estDaily":null}},{"type":"Feature","geometry":{"type":"Point","coordinates":[106.16415,30.798104]},"properties":{"icao":"ZUNC","iata":"NAO","name":"Nanchong Gaoping Airport","country":"CN","continent":"AS","rank":null,"status":"partial","dailyProxy":12,"capturedFlights":12,"estDaily":null}},{"type":"Feature","geometry":{"type":"Point","coordinates":[94.335297,29.303301]},"properties":{"icao":"ZUNZ","iata":"LZY","name":"Nyingchi Mainling Airport","country":"CN","continent":"AS","rank":null,"status":"partial","dailyProxy":5,"capturedFlights":5,"estDaily":null}},{"type":"Feature","geometry":{"type":"Point","coordinates":[104.441284,30.31252]},"properties":{"icao":"ZUTF","iata":"TFU","name":"Chengdu Tianfu International Airport","country":"CN","continent":"AS","rank":35,"status":"partial","dailyProxy":180,"capturedFlights":994,"estDaily":180}},{"type":"Feature","geometry":{"type":"Point","coordinates":[109.308889,27.883333]},"properties":{"icao":"ZUTR","iata":"TEN","name":"Tongren Fenghuang Airport","country":"CN","continent":"AS","rank":null,"status":"partial","dailyProxy":1,"capturedFlights":1,"estDaily":null}},{"type":"Feature","geometry":{"type":"Point","coordinates":[103.945966,30.558257]},"properties":{"icao":"ZUUU","iata":"CTU","name":"Chengdu Shuangliu International Airport","country":"CN","continent":"AS","rank":277,"status":"partial","dailyProxy":71,"capturedFlights":206,"estDaily":71}},{"type":"Feature","geometry":{"type":"Point","coordinates":[108.433,30.8017]},"properties":{"icao":"ZUWX","iata":"WXN","name":"Wanzhou Wuqiao Airport","country":"CN","continent":"AS","rank":null,"status":"partial","dailyProxy":8,"capturedFlights":8,"estDaily":null}},{"type":"Feature","geometry":{"type":"Point","coordinates":[102.183998,27.9891]},"properties":{"icao":"ZUXC","iata":"XIC","name":"Xichang Qingshan Airport","country":"CN","continent":"AS","rank":null,"status":"partial","dailyProxy":8,"capturedFlights":8,"estDaily":null}},{"type":"Feature","geometry":{"type":"Point","coordinates":[104.526157,28.858431]},"properties":{"icao":"ZUYB","iata":"YBP","name":"Yibin Wuliangye Airport","country":"CN","continent":"AS","rank":null,"status":"partial","dailyProxy":12,"capturedFlights":12,"estDaily":null}},{"type":"Feature","geometry":{"type":"Point","coordinates":[104.960804,25.083423]},"properties":{"icao":"ZUYI","iata":"ACX","name":"Xingyi Wanfenglin Airport","country":"CN","continent":"AS","rank":null,"status":"partial","dailyProxy":5,"capturedFlights":5,"estDaily":null}},{"type":"Feature","geometry":{"type":"Point","coordinates":[101.79852,26.54]},"properties":{"icao":"ZUZH","iata":"PZI","name":"Panzhihua Bao'anying Airport","country":"CN","continent":"AS","rank":null,"status":"partial","dailyProxy":5,"capturedFlights":5,"estDaily":null}},{"type":"Feature","geometry":{"type":"Point","coordinates":[107.247189,27.810723]},"properties":{"icao":"ZUZY","iata":"ZYI","name":"Zunyi Xinzhou Airport","country":"CN","continent":"AS","rank":null,"status":"partial","dailyProxy":6,"capturedFlights":6,"estDaily":null}},{"type":"Feature","geometry":{"type":"Point","coordinates":[80.291702,41.262501]},"properties":{"icao":"ZWAK","iata":"AKU","name":"Aksu Hongqipo Airport","country":"CN","continent":"AS","rank":null,"status":"partial","dailyProxy":4,"capturedFlights":4,"estDaily":null}},{"type":"Feature","geometry":{"type":"Point","coordinates":[81.26206,40.434748]},"properties":{"icao":"ZWAL","iata":"ACF","name":"Aral Tarim Airport","country":"CN","continent":"AS","rank":null,"status":"partial","dailyProxy":1,"capturedFlights":1,"estDaily":null}},{"type":"Feature","geometry":{"type":"Point","coordinates":[88.085808,47.749886]},"properties":{"icao":"ZWAT","iata":"AAT","name":"Altay Xuedu Airport","country":"CN","continent":"AS","rank":null,"status":"partial","dailyProxy":15,"capturedFlights":15,"estDaily":null}},{"type":"Feature","geometry":{"type":"Point","coordinates":[82.30007,44.895461]},"properties":{"icao":"ZWBL","iata":"BPL","name":"Bole Alashankou Airport","country":"CN","continent":"AS","rank":null,"status":"partial","dailyProxy":1,"capturedFlights":1,"estDaily":null}},{"type":"Feature","geometry":{"type":"Point","coordinates":[93.669197,42.8414]},"properties":{"icao":"ZWHM","iata":"HMI","name":"Hami Airport","country":"CN","continent":"AS","rank":null,"status":"partial","dailyProxy":2,"capturedFlights":2,"estDaily":null}},{"type":"Feature","geometry":{"type":"Point","coordinates":[82.872917,41.677856]},"properties":{"icao":"ZWKC","iata":"KCA","name":"Kuqa Qiuci Airport","country":"CN","continent":"AS","rank":null,"status":"partial","dailyProxy":1,"capturedFlights":1,"estDaily":null}},{"type":"Feature","geometry":{"type":"Point","coordinates":[86.140817,41.614979]},"properties":{"icao":"ZWKL","iata":"KRL","name":"Korla Licheng Airport","country":"CN","continent":"AS","rank":null,"status":"partial","dailyProxy":4,"capturedFlights":8,"estDaily":null}},{"type":"Feature","geometry":{"type":"Point","coordinates":[84.9527,45.46655]},"properties":{"icao":"ZWKM","iata":"KRY","name":"Karamay Airport","country":"CN","continent":"AS","rank":null,"status":"partial","dailyProxy":4,"capturedFlights":4,"estDaily":null}},{"type":"Feature","geometry":{"type":"Point","coordinates":[76.02023,39.542273]},"properties":{"icao":"ZWSH","iata":"KHG","name":"Kashgar Laining International Airport","country":"CN","continent":"AS","rank":468,"status":"partial","dailyProxy":42,"capturedFlights":14,"estDaily":42}},{"type":"Feature","geometry":{"type":"Point","coordinates":[83.340797,46.672501]},"properties":{"icao":"ZWTC","iata":"TCG","name":"Tacheng Qianquan Airport","country":"CN","continent":"AS","rank":null,"status":"partial","dailyProxy":1,"capturedFlights":1,"estDaily":null}},{"type":"Feature","geometry":{"type":"Point","coordinates":[79.86489868164062,37.03850173950195]},"properties":{"icao":"ZWTN","iata":"HTN","name":"Hotan Airport","country":"CN","continent":"AS","rank":null,"status":"partial","dailyProxy":3,"capturedFlights":3,"estDaily":null}},{"type":"Feature","geometry":{"type":"Point","coordinates":[87.479372,43.913584]},"properties":{"icao":"ZWWW","iata":"URC","name":"Ürümqi Tianshan International Airport","country":"CN","continent":"AS","rank":477,"status":"partial","dailyProxy":41,"capturedFlights":109,"estDaily":41}},{"type":"Feature","geometry":{"type":"Point","coordinates":[81.330299,43.955799]},"properties":{"icao":"ZWYN","iata":"YIN","name":"Ili Yining International Airport","country":"CN","continent":"AS","rank":null,"status":"partial","dailyProxy":7,"capturedFlights":7,"estDaily":null}},{"type":"Feature","geometry":{"type":"Point","coordinates":[122.853996,41.105301]},"properties":{"icao":"ZYAS","iata":"AOG","name":"Anshan Teng'ao Airport / Anshan Air Base","country":"CN","continent":"AS","rank":null,"status":"partial","dailyProxy":1,"capturedFlights":1,"estDaily":null}},{"type":"Feature","geometry":{"type":"Point","coordinates":[127.602222,42.066944]},"properties":{"icao":"ZYBS","iata":"NBS","name":"Changbaishan Airport","country":"CN","continent":"AS","rank":627,"status":"partial","dailyProxy":30,"capturedFlights":30,"estDaily":30}},{"type":"Feature","geometry":{"type":"Point","coordinates":[125.684998,43.996201]},"properties":{"icao":"ZYCC","iata":"CGQ","name":"Changchun Longjia International Airport","country":"CN","continent":"AS","rank":290,"status":"partial","dailyProxy":68,"capturedFlights":104,"estDaily":68}},{"type":"Feature","geometry":{"type":"Point","coordinates":[125.138642,46.750883]},"properties":{"icao":"ZYDQ","iata":"DQA","name":"Daqing Sartu Airport","country":"CN","continent":"AS","rank":null,"status":"partial","dailyProxy":11,"capturedFlights":11,"estDaily":null}},{"type":"Feature","geometry":{"type":"Point","coordinates":[126.25,45.623402]},"properties":{"icao":"ZYHB","iata":"HRB","name":"Harbin Taiping International Airport","country":"CN","continent":"AS","rank":103,"status":"partial","dailyProxy":95,"capturedFlights":164,"estDaily":95}},{"type":"Feature","geometry":{"type":"Point","coordinates":[130.46426,46.842793]},"properties":{"icao":"ZYJM","iata":"JMU","name":"Jiamusi Songjiang International Airport","country":"CN","continent":"AS","rank":null,"status":"partial","dailyProxy":13,"capturedFlights":13,"estDaily":null}},{"type":"Feature","geometry":{"type":"Point","coordinates":[131.193,45.293]},"properties":{"icao":"ZYJX","iata":"JXA","name":"Jixi Xingkaihu Airport","country":"CN","continent":"AS","rank":null,"status":"partial","dailyProxy":5,"capturedFlights":5,"estDaily":null}},{"type":"Feature","geometry":{"type":"Point","coordinates":[121.277114,40.936032]},"properties":{"icao":"ZYJZ","iata":"JNZ","name":"Jinzhou Bay Airport","country":"CN","continent":"AS","rank":null,"status":"partial","dailyProxy":4,"capturedFlights":4,"estDaily":null}},{"type":"Feature","geometry":{"type":"Point","coordinates":[129.019125,47.752056]},"properties":{"icao":"ZYLD","iata":"LDS","name":"Yichun Lindu Airport","country":"CN","continent":"AS","rank":null,"status":"partial","dailyProxy":2,"capturedFlights":2,"estDaily":null}},{"type":"Feature","geometry":{"type":"Point","coordinates":[123.914179,47.229969]},"properties":{"icao":"ZYQQ","iata":"NDG","name":"Qiqihar Sanjiazi Airport","country":"CN","continent":"AS","rank":469,"status":"partial","dailyProxy":42,"capturedFlights":4,"estDaily":42}},{"type":"Feature","geometry":{"type":"Point","coordinates":[124.552121,44.931143]},"properties":{"icao":"ZYSQ","iata":"YSQ","name":"Songyuan Chaganhu Airport","country":"CN","continent":"AS","rank":null,"status":"partial","dailyProxy":3,"capturedFlights":3,"estDaily":null}},{"type":"Feature","geometry":{"type":"Point","coordinates":[121.538477,38.965719]},"properties":{"icao":"ZYTL","iata":"DLC","name":"Dalian Zhoushuizi International Airport","country":"CN","continent":"AS","rank":119,"status":"partial","dailyProxy":89,"capturedFlights":119,"estDaily":89}},{"type":"Feature","geometry":{"type":"Point","coordinates":[123.483668,41.6398]},"properties":{"icao":"ZYTX","iata":"SHE","name":"Shenyang Taoxian International Airport","country":"CN","continent":"AS","rank":136,"status":"partial","dailyProxy":81,"capturedFlights":118,"estDaily":81}},{"type":"Feature","geometry":{"type":"Point","coordinates":[129.451004028,42.8828010559]},"properties":{"icao":"ZYYJ","iata":"YNJ","name":"Yanji Chaoyangchuan Airport","country":"CN","continent":"AS","rank":668,"status":"partial","dailyProxy":26,"capturedFlights":26,"estDaily":26}},{"type":"Feature","geometry":{"type":"Point","coordinates":[122.3586,40.542524]},"properties":{"icao":"ZYYK","iata":"YKH","name":"Yingkou Lanqi Airport","country":"CN","continent":"AS","rank":null,"status":"partial","dailyProxy":2,"capturedFlights":2,"estDaily":null}},{"type":"Feature","geometry":{"type":"Point","coordinates":[126.382814,34.991406]},"properties":{"icao":"RKJB","iata":"MWX","name":"Muan International Airport","country":"KR","continent":"AS","rank":4,"status":"planned","dailyProxy":415,"capturedFlights":null,"estDaily":415}},{"type":"Feature","geometry":{"type":"Point","coordinates":[18.242044,45.988891]},"properties":{"icao":"LHPP","iata":"PEV","name":"Pécs-Pogány International Airport","country":"HU","continent":"EU","rank":116,"status":"planned","dailyProxy":89,"capturedFlights":null,"estDaily":89}},{"type":"Feature","geometry":{"type":"Point","coordinates":[14.42832,48.948171]},"properties":{"icao":"LKCS","iata":"JCL","name":"České Budějovice South Bohemian Airport","country":"CZ","continent":"EU","rank":120,"status":"planned","dailyProxy":88,"capturedFlights":null,"estDaily":88}},{"type":"Feature","geometry":{"type":"Point","coordinates":[12.915,50.202999]},"properties":{"icao":"LKKV","iata":"KLV","name":"Karlovy Vary Airport","country":"CZ","continent":"EU","rank":121,"status":"planned","dailyProxy":88,"capturedFlights":null,"estDaily":88}},{"type":"Feature","geometry":{"type":"Point","coordinates":[15.73981,50.015049]},"properties":{"icao":"LKPD","iata":"PED","name":"Pardubice Airport","country":"CZ","continent":"EU","rank":123,"status":"planned","dailyProxy":88,"capturedFlights":null,"estDaily":88}},{"type":"Feature","geometry":{"type":"Point","coordinates":[79.885859,6.821638]},"properties":{"icao":"VCCC","iata":"RML","name":"Colombo Ratmalana International Airport","country":"LK","continent":"AS","rank":127,"status":"planned","dailyProxy":87,"capturedFlights":null,"estDaily":87}},{"type":"Feature","geometry":{"type":"Point","coordinates":[80.070099,9.79233]},"properties":{"icao":"VCCJ","iata":"JAF","name":"Jaffna International Airport","country":"LK","continent":"AS","rank":128,"status":"planned","dailyProxy":87,"capturedFlights":null,"estDaily":87}},{"type":"Feature","geometry":{"type":"Point","coordinates":[81.124163,6.283878]},"properties":{"icao":"VCRI","iata":"HRI","name":"Mattala Rajapaksa International Airport","country":"LK","continent":"AS","rank":129,"status":"planned","dailyProxy":87,"capturedFlights":null,"estDaily":87}},{"type":"Feature","geometry":{"type":"Point","coordinates":[160.054993,-9.428]},"properties":{"icao":"AGGH","iata":"HIR","name":"Honiara International Airport","country":"SB","continent":"OC","rank":137,"status":"planned","dailyProxy":80,"capturedFlights":null,"estDaily":80}},{"type":"Feature","geometry":{"type":"Point","coordinates":[146.726544,-6.567995]},"properties":{"icao":"AYNZ","iata":"LAE","name":"Nadzab Tomodachi International Airport","country":"PG","continent":"OC","rank":138,"status":"planned","dailyProxy":80,"capturedFlights":null,"estDaily":80}},{"type":"Feature","geometry":{"type":"Point","coordinates":[-51.67914,64.191066]},"properties":{"icao":"BGGH","iata":"GOH","name":"Nuuk International Airport","country":"GL","continent":"NA","rank":140,"status":"planned","dailyProxy":80,"capturedFlights":null,"estDaily":80}},{"type":"Feature","geometry":{"type":"Point","coordinates":[-4.33097,11.1601]},"properties":{"icao":"DFOO","iata":"BOY","name":"Bobo Dioulasso Airport","country":"BF","continent":"AF","rank":142,"status":"planned","dailyProxy":80,"capturedFlights":null,"estDaily":80}},{"type":"Feature","geometry":{"type":"Point","coordinates":[-58.445777,-51.822642]},"properties":{"icao":"EGYP","iata":"MPN","name":"Mount Pleasant Airport / RAF Mount Pleasant","country":"FK","continent":"SA","rank":145,"status":"planned","dailyProxy":80,"capturedFlights":null,"estDaily":80}},{"type":"Feature","geometry":{"type":"Point","coordinates":[-7.275782,62.063256]},"properties":{"icao":"EKVG","iata":"FAE","name":"Vágar Airport","country":"FO","continent":"EU","rank":146,"status":"planned","dailyProxy":80,"capturedFlights":null,"estDaily":80}},{"type":"Feature","geometry":{"type":"Point","coordinates":[25.166195,-17.831653]},"properties":{"icao":"FBKE","iata":"BBK","name":"Kasane International Airport","country":"BW","continent":"AF","rank":147,"status":"planned","dailyProxy":80,"capturedFlights":null,"estDaily":80}},{"type":"Feature","geometry":{"type":"Point","coordinates":[27.468826,-21.159183]},"properties":{"icao":"FBPM","iata":"FRW","name":"Phillip Gaonwe Matante International Airport","country":"BW","continent":"AF","rank":149,"status":"planned","dailyProxy":80,"capturedFlights":null,"estDaily":80}},{"type":"Feature","geometry":{"type":"Point","coordinates":[25.9182,-24.555201]},"properties":{"icao":"FBSK","iata":"GBE","name":"Sir Seretse Khama International Airport","country":"BW","continent":"AF","rank":150,"status":"planned","dailyProxy":80,"capturedFlights":null,"estDaily":80}},{"type":"Feature","geometry":{"type":"Point","coordinates":[31.716944,-26.358611]},"properties":{"icao":"FDSK","iata":"SHO","name":"King Mswati III International Airport","country":"SZ","continent":"AF","rank":153,"status":"planned","dailyProxy":80,"capturedFlights":null,"estDaily":80}},{"type":"Feature","geometry":{"type":"Point","coordinates":[9.80568,1.90547]},"properties":{"icao":"FGBT","iata":"BSG","name":"Bata International Airport","country":"GQ","continent":"AF","rank":155,"status":"planned","dailyProxy":80,"capturedFlights":null,"estDaily":80}},{"type":"Feature","geometry":{"type":"Point","coordinates":[45.281815,-12.809319]},"properties":{"icao":"FMCZ","iata":"DZA","name":"Dzaoudzi Pamandzi International Airport","country":"YT","continent":"AF","rank":158,"status":"planned","dailyProxy":80,"capturedFlights":null,"estDaily":80}},{"type":"Feature","geometry":{"type":"Point","coordinates":[49.392262,-18.113537]},"properties":{"icao":"FMMT","iata":"TMM","name":"Toamasina Ambalamanasy Airport","country":"MG","continent":"AF","rank":160,"status":"planned","dailyProxy":80,"capturedFlights":null,"estDaily":80}},{"type":"Feature","geometry":{"type":"Point","coordinates":[46.351233,-15.666842]},"properties":{"icao":"FMNM","iata":"MJN","name":"Amborovy Airport","country":"MG","continent":"AF","rank":161,"status":"planned","dailyProxy":80,"capturedFlights":null,"estDaily":80}},{"type":"Feature","geometry":{"type":"Point","coordinates":[8.75438,-0.711739]},"properties":{"icao":"FOOG","iata":"POG","name":"Port Gentil International Airport","country":"GA","continent":"AF","rank":162,"status":"planned","dailyProxy":80,"capturedFlights":null,"estDaily":80}},{"type":"Feature","geometry":{"type":"Point","coordinates":[13.438,-1.65616]},"properties":{"icao":"FOON","iata":"MVB","name":"M'Vengue El Hadj Omar Bongo Ondimba International Airport","country":"GA","continent":"AF","rank":164,"status":"planned","dailyProxy":80,"capturedFlights":null,"estDaily":80}},{"type":"Feature","geometry":{"type":"Point","coordinates":[6.71215,0.378175]},"properties":{"icao":"FPST","iata":"TMS","name":"São Tomé International Airport","country":"ST","continent":"AF","rank":165,"status":"planned","dailyProxy":80,"capturedFlights":null,"estDaily":80}},{"type":"Feature","geometry":{"type":"Point","coordinates":[34.9076,-19.7964]},"properties":{"icao":"FQBR","iata":"BEW","name":"Beira International Airport","country":"MZ","continent":"AF","rank":166,"status":"planned","dailyProxy":80,"capturedFlights":null,"estDaily":80}},{"type":"Feature","geometry":{"type":"Point","coordinates":[39.281799,-15.1056]},"properties":{"icao":"FQNP","iata":"APL","name":"Nampula Airport","country":"MZ","continent":"AF","rank":168,"status":"planned","dailyProxy":80,"capturedFlights":null,"estDaily":80}},{"type":"Feature","geometry":{"type":"Point","coordinates":[33.640202,-16.104799]},"properties":{"icao":"FQTT","iata":"TET","name":"Tete Airport","country":"MZ","continent":"AF","rank":169,"status":"planned","dailyProxy":80,"capturedFlights":null,"estDaily":80}},{"type":"Feature","geometry":{"type":"Point","coordinates":[25.836867,-18.097437]},"properties":{"icao":"FVFA","iata":"VFA","name":"Victoria Falls International Airport","country":"ZW","continent":"AF","rank":170,"status":"planned","dailyProxy":80,"capturedFlights":null,"estDaily":80}},{"type":"Feature","geometry":{"type":"Point","coordinates":[31.0928,-17.931801]},"properties":{"icao":"FVHA","iata":"HRE","name":"Robert Gabriel Mugabe International Airport","country":"ZW","continent":"AF","rank":171,"status":"planned","dailyProxy":80,"capturedFlights":null,"estDaily":80}},{"type":"Feature","geometry":{"type":"Point","coordinates":[28.622897,-20.016284]},"properties":{"icao":"FVJN","iata":"BUQ","name":"Joshua Mqabuko Nkomo International Airport","country":"ZW","continent":"AF","rank":172,"status":"planned","dailyProxy":80,"capturedFlights":null,"estDaily":80}},{"type":"Feature","geometry":{"type":"Point","coordinates":[27.554456,-29.456277]},"properties":{"icao":"FXMM","iata":"MSU","name":"Moshoeshoe I International Airport","country":"LS","continent":"AF","rank":175,"status":"planned","dailyProxy":80,"capturedFlights":null,"estDaily":80}},{"type":"Feature","geometry":{"type":"Point","coordinates":[14.647102,-22.979332]},"properties":{"icao":"FYWB","iata":"WVB","name":"Walvis Bay International Airport","country":"NA","continent":"AF","rank":176,"status":"planned","dailyProxy":80,"capturedFlights":null,"estDaily":80}},{"type":"Feature","geometry":{"type":"Point","coordinates":[-3.00758,16.730499]},"properties":{"icao":"GATB","iata":"TOM","name":"Tombouktou Airport","country":"ML","continent":"AF","rank":179,"status":"planned","dailyProxy":80,"capturedFlights":null,"estDaily":80}},{"type":"Feature","geometry":{"type":"Point","coordinates":[-13.1955,8.61644]},"properties":{"icao":"GFLL","iata":"FNA","name":"Lungi International Airport","country":"SL","continent":"AF","rank":181,"status":"planned","dailyProxy":80,"capturedFlights":null,"estDaily":80}},{"type":"Feature","geometry":{"type":"Point","coordinates":[-15.653596,11.894262]},"properties":{"icao":"GGOV","iata":"OXB","name":"Osvaldo Vieira International Airport","country":"GW","continent":"AF","rank":182,"status":"planned","dailyProxy":80,"capturedFlights":null,"estDaily":80}},{"type":"Feature","geometry":{"type":"Point","coordinates":[-13.224947,27.142467]},"properties":{"icao":"GMML","iata":"EUN","name":"Laayoune Hassan I International Airport","country":"EH","continent":"AF","rank":185,"status":"planned","dailyProxy":80,"capturedFlights":null,"estDaily":80}},{"type":"Feature","geometry":{"type":"Point","coordinates":[-17.030199,20.932404]},"properties":{"icao":"GQPP","iata":"NDB","name":"Nouadhibou International Airport","country":"MR","continent":"AF","rank":187,"status":"planned","dailyProxy":80,"capturedFlights":null,"estDaily":80}},{"type":"Feature","geometry":{"type":"Point","coordinates":[-75.835504,19.97474]},"properties":{"icao":"MUCU","iata":"SCU","name":"Antonio Maceo International Airport","country":"CU","continent":"NA","rank":201,"status":"planned","dailyProxy":80,"capturedFlights":null,"estDaily":80}},{"type":"Feature","geometry":{"type":"Point","coordinates":[-159.806,-21.2027]},"properties":{"icao":"NCRG","iata":"RAR","name":"Rarotonga International Airport","country":"CK","continent":"OC","rank":206,"status":"planned","dailyProxy":80,"capturedFlights":null,"estDaily":80}},{"type":"Feature","geometry":{"type":"Point","coordinates":[-175.149164,-21.241438]},"properties":{"icao":"NFTF","iata":"TBU","name":"Fua'amotu International Airport","country":"TO","continent":"OC","rank":207,"status":"planned","dailyProxy":80,"capturedFlights":null,"estDaily":80}},{"type":"Feature","geometry":{"type":"Point","coordinates":[-173.962006,-18.5853]},"properties":{"icao":"NFTV","iata":"VAV","name":"Vava'u International Airport","country":"TO","continent":"OC","rank":208,"status":"planned","dailyProxy":80,"capturedFlights":null,"estDaily":80}},{"type":"Feature","geometry":{"type":"Point","coordinates":[173.147003,1.38164]},"properties":{"icao":"NGTA","iata":"TRW","name":"Bonriki International Airport","country":"KI","continent":"OC","rank":209,"status":"planned","dailyProxy":80,"capturedFlights":null,"estDaily":80}},{"type":"Feature","geometry":{"type":"Point","coordinates":[-176.19865,-13.239445]},"properties":{"icao":"NLWW","iata":"WLS","name":"Hihifo Airport","country":"WF","continent":"OC","rank":210,"status":"planned","dailyProxy":80,"capturedFlights":null,"estDaily":80}},{"type":"Feature","geometry":{"type":"Point","coordinates":[-172.007996,-13.83]},"properties":{"icao":"NSFA","iata":"APW","name":"Faleolo International Airport","country":"WS","continent":"OC","rank":211,"status":"planned","dailyProxy":80,"capturedFlights":null,"estDaily":80}},{"type":"Feature","geometry":{"type":"Point","coordinates":[-170.710007,-14.331]},"properties":{"icao":"NSTU","iata":"PPG","name":"Pago Pago International Airport","country":"AS","continent":"OC","rank":212,"status":"planned","dailyProxy":80,"capturedFlights":null,"estDaily":80}},{"type":"Feature","geometry":{"type":"Point","coordinates":[168.320007,-17.699301]},"properties":{"icao":"NVVV","iata":"VLI","name":"Bauerfield International Airport","country":"VU","continent":"OC","rank":213,"status":"planned","dailyProxy":80,"capturedFlights":null,"estDaily":80}},{"type":"Feature","geometry":{"type":"Point","coordinates":[166.212997,-22.014601]},"properties":{"icao":"NWWW","iata":"NOU","name":"La Tontouta International Airport","country":"NC","continent":"OC","rank":214,"status":"planned","dailyProxy":80,"capturedFlights":null,"estDaily":80}},{"type":"Feature","geometry":{"type":"Point","coordinates":[43.231858,13.296941]},"properties":{"icao":"OYMK","iata":"","name":"Mokha International Airport","country":"YE","continent":"AS","rank":216,"status":"planned","dailyProxy":80,"capturedFlights":null,"estDaily":80}},{"type":"Feature","geometry":{"type":"Point","coordinates":[49.375289,14.662241]},"properties":{"icao":"OYRN","iata":"RIY","name":"Riyan International Airport","country":"YE","continent":"AS","rank":217,"status":"planned","dailyProxy":80,"capturedFlights":null,"estDaily":80}},{"type":"Feature","geometry":{"type":"Point","coordinates":[44.2197,15.4763]},"properties":{"icao":"OYSN","iata":"SAH","name":"Sanaa International Airport","country":"YE","continent":"AS","rank":218,"status":"planned","dailyProxy":80,"capturedFlights":null,"estDaily":80}},{"type":"Feature","geometry":{"type":"Point","coordinates":[48.788146,15.965887]},"properties":{"icao":"OYSY","iata":"GXF","name":"Seiyun Hadhramaut International Airport","country":"YE","continent":"AS","rank":219,"status":"planned","dailyProxy":80,"capturedFlights":null,"estDaily":80}},{"type":"Feature","geometry":{"type":"Point","coordinates":[145.241103,14.173267]},"properties":{"icao":"PGRO","iata":"ROP","name":"Rota International Airport","country":"MP","continent":"OC","rank":220,"status":"planned","dailyProxy":80,"capturedFlights":null,"estDaily":80}},{"type":"Feature","geometry":{"type":"Point","coordinates":[171.271656,7.06511]},"properties":{"icao":"PKMJ","iata":"MAJ","name":"Marshall Islands International Airport","country":"MH","continent":"OC","rank":221,"status":"planned","dailyProxy":80,"capturedFlights":null,"estDaily":80}},{"type":"Feature","geometry":{"type":"Point","coordinates":[-157.350011,1.986278]},"properties":{"icao":"PLCH","iata":"CXI","name":"Cassidy International Airport","country":"KI","continent":"OC","rank":222,"status":"planned","dailyProxy":80,"capturedFlights":null,"estDaily":80}},{"type":"Feature","geometry":{"type":"Point","coordinates":[151.843002,7.46187]},"properties":{"icao":"PTKK","iata":"TKK","name":"Chuuk International Airport","country":"FM","continent":"OC","rank":223,"status":"planned","dailyProxy":80,"capturedFlights":null,"estDaily":80}},{"type":"Feature","geometry":{"type":"Point","coordinates":[162.957993,5.35698]},"properties":{"icao":"PTSA","iata":"KSA","name":"Kosrae International Airport","country":"FM","continent":"OC","rank":224,"status":"planned","dailyProxy":80,"capturedFlights":null,"estDaily":80}},{"type":"Feature","geometry":{"type":"Point","coordinates":[138.082993,9.49891]},"properties":{"icao":"PTYA","iata":"YAP","name":"Yap International Airport","country":"FM","continent":"OC","rank":225,"status":"planned","dailyProxy":80,"capturedFlights":null,"estDaily":80}},{"type":"Feature","geometry":{"type":"Point","coordinates":[-55.837584,-27.227537]},"properties":{"icao":"SGEN","iata":"ENO","name":"Teniente Ramon A. Ayub Gonzalez International Airport","country":"PY","continent":"SA","rank":227,"status":"planned","dailyProxy":80,"capturedFlights":null,"estDaily":80}},{"type":"Feature","geometry":{"type":"Point","coordinates":[-54.839544,-25.457186]},"properties":{"icao":"SGES","iata":"AGT","name":"Guaraní International Airport","country":"PY","continent":"SA","rank":228,"status":"planned","dailyProxy":80,"capturedFlights":null,"estDaily":80}},{"type":"Feature","geometry":{"type":"Point","coordinates":[-65.149611,-19.246835]},"properties":{"icao":"SLAL","iata":"SRE","name":"Alcantarí International Airport","country":"BO","continent":"SA","rank":229,"status":"planned","dailyProxy":80,"capturedFlights":null,"estDaily":80}},{"type":"Feature","geometry":{"type":"Point","coordinates":[-68.189416,-16.510272]},"properties":{"icao":"SLLP","iata":"LPB","name":"El Alto International Airport","country":"BO","continent":"SA","rank":231,"status":"planned","dailyProxy":80,"capturedFlights":null,"estDaily":80}},{"type":"Feature","geometry":{"type":"Point","coordinates":[-67.075829,-17.956151]},"properties":{"icao":"SLOR","iata":"ORU","name":"Juan Mendoza International Airport","country":"BO","continent":"SA","rank":232,"status":"planned","dailyProxy":80,"capturedFlights":null,"estDaily":80}},{"type":"Feature","geometry":{"type":"Point","coordinates":[-66.857553,-20.441304]},"properties":{"icao":"SLUY","iata":"UYU","name":"Joya Andina International Airport","country":"BO","continent":"SA","rank":233,"status":"planned","dailyProxy":80,"capturedFlights":null,"estDaily":80}},{"type":"Feature","geometry":{"type":"Point","coordinates":[-64.692222,10.111111]},"properties":{"icao":"SVBC","iata":"BLA","name":"General José Antonio Anzoategui International Airport","country":"VE","continent":"SA","rank":238,"status":"planned","dailyProxy":80,"capturedFlights":null,"estDaily":80}},{"type":"Feature","geometry":{"type":"Point","coordinates":[-69.35862,10.042747]},"properties":{"icao":"SVBM","iata":"BRM","name":"Jacinto Lara International Airport","country":"VE","continent":"SA","rank":239,"status":"planned","dailyProxy":80,"capturedFlights":null,"estDaily":80}},{"type":"Feature","geometry":{"type":"Point","coordinates":[-71.729307,10.557542]},"properties":{"icao":"SVMC","iata":"MAR","name":"La Chinita International Airport","country":"VE","continent":"SA","rank":240,"status":"planned","dailyProxy":80,"capturedFlights":null,"estDaily":80}},{"type":"Feature","geometry":{"type":"Point","coordinates":[-63.966599,10.912603]},"properties":{"icao":"SVMG","iata":"PMV","name":"Del Caribe Santiago Mariño International Airport","country":"VE","continent":"NA","rank":241,"status":"planned","dailyProxy":80,"capturedFlights":null,"estDaily":80}},{"type":"Feature","geometry":{"type":"Point","coordinates":[-62.760399,8.28853]},"properties":{"icao":"SVPR","iata":"PZO","name":"General Manuel Carlos Piar International Airport","country":"VE","continent":"SA","rank":243,"status":"planned","dailyProxy":80,"capturedFlights":null,"estDaily":80}},{"type":"Feature","geometry":{"type":"Point","coordinates":[-67.928398,10.149733]},"properties":{"icao":"SVVA","iata":"VLN","name":"Arturo Michelena International Airport","country":"VE","continent":"SA","rank":244,"status":"planned","dailyProxy":80,"capturedFlights":null,"estDaily":80}},{"type":"Feature","geometry":{"type":"Point","coordinates":[-62.193204,16.791835]},"properties":{"icao":"TRPG","iata":"MNI","name":"John A. Osborne Airport","country":"MS","continent":"NA","rank":248,"status":"planned","dailyProxy":80,"capturedFlights":null,"estDaily":80}},{"type":"Feature","geometry":{"type":"Point","coordinates":[33.975101,45.0522]},"properties":{"icao":"UKFF","iata":"SIP","name":"Simferopol International Airport","country":"UA","continent":"EU","rank":251,"status":"planned","dailyProxy":80,"capturedFlights":null,"estDaily":80}},{"type":"Feature","geometry":{"type":"Point","coordinates":[23.9561,49.8125]},"properties":{"icao":"UKLL","iata":"LWO","name":"Lviv International Airport","country":"UA","continent":"EU","rank":252,"status":"planned","dailyProxy":80,"capturedFlights":null,"estDaily":80}},{"type":"Feature","geometry":{"type":"Point","coordinates":[22.263399,48.6343]},"properties":{"icao":"UKLU","iata":"UDJ","name":"Uzhhorod International Airport","country":"UA","continent":"EU","rank":253,"status":"planned","dailyProxy":80,"capturedFlights":null,"estDaily":80}},{"type":"Feature","geometry":{"type":"Point","coordinates":[125.524507,-8.546562]},"properties":{"icao":"WPDL","iata":"DIL","name":"Presidente Nicolau Lobato International Airport","country":"TL","continent":"AS","rank":254,"status":"planned","dailyProxy":80,"capturedFlights":null,"estDaily":80}},{"type":"Feature","geometry":{"type":"Point","coordinates":[124.337873,-9.198419]},"properties":{"icao":"WPOC","iata":"OEC","name":"Oecusse Route of the Sandalwood International Airport","country":"TL","continent":"AS","rank":255,"status":"planned","dailyProxy":80,"capturedFlights":null,"estDaily":80}},{"type":"Feature","geometry":{"type":"Point","coordinates":[96.834103,-12.192218]},"properties":{"icao":"YPCC","iata":"CCK","name":"Cocos (Keeling) Islands Airport","country":"CC","continent":"AS","rank":256,"status":"planned","dailyProxy":80,"capturedFlights":null,"estDaily":80}},{"type":"Feature","geometry":{"type":"Point","coordinates":[125.669998,39.224098]},"properties":{"icao":"ZKPY","iata":"FNJ","name":"Pyongyang Sunan International Airport","country":"KP","continent":"AS","rank":257,"status":"planned","dailyProxy":80,"capturedFlights":null,"estDaily":80}},{"type":"Feature","geometry":{"type":"Point","coordinates":[120.482002,22.700199]},"properties":{"icao":"RCSQ","iata":"","name":"Pingtung Air Force Base North","country":"TW","continent":"AS","rank":284,"status":"planned","dailyProxy":69,"capturedFlights":null,"estDaily":69}},{"type":"Feature","geometry":{"type":"Point","coordinates":[28.086201,36.405399]},"properties":{"icao":"LGRP","iata":"RHO","name":"Rhodes International Airport Diagoras","country":"GR","continent":"AS","rank":296,"status":"planned","dailyProxy":66,"capturedFlights":null,"estDaily":66}},{"type":"Feature","geometry":{"type":"Point","coordinates":[120.271883,14.794833]},"properties":{"icao":"RPLB","iata":"SFS","name":"Subic Bay International Airport / Naval Air Station Cubi Point","country":"PH","continent":"AS","rank":300,"status":"planned","dailyProxy":66,"capturedFlights":null,"estDaily":66}},{"type":"Feature","geometry":{"type":"Point","coordinates":[73.468404,5.817407]},"properties":{"icao":"VRDA","iata":"NMF","name":"Maafaru International Airport","country":"MV","continent":"AS","rank":314,"status":"planned","dailyProxy":65,"capturedFlights":null,"estDaily":65}},{"type":"Feature","geometry":{"type":"Point","coordinates":[73.152627,-0.692975]},"properties":{"icao":"VRMG","iata":"GAN","name":"Gan International Airport","country":"MV","continent":"AS","rank":315,"status":"planned","dailyProxy":65,"capturedFlights":null,"estDaily":65}},{"type":"Feature","geometry":{"type":"Point","coordinates":[73.167072,6.743235]},"properties":{"icao":"VRMH","iata":"HAQ","name":"Hanimaadhoo International Airport","country":"MV","continent":"AS","rank":316,"status":"planned","dailyProxy":65,"capturedFlights":null,"estDaily":65}},{"type":"Feature","geometry":{"type":"Point","coordinates":[12.83352,61.16508]},"properties":{"icao":"ESKS","iata":"SCR","name":"Scandinavian Mountains Airport","country":"SE","continent":"EU","rank":329,"status":"planned","dailyProxy":61,"capturedFlights":null,"estDaily":61}},{"type":"Feature","geometry":{"type":"Point","coordinates":[13.376327,55.535564]},"properties":{"icao":"ESMS","iata":"MMX","name":"Malmö Sturup Airport","country":"SE","continent":"EU","rank":330,"status":"planned","dailyProxy":61,"capturedFlights":null,"estDaily":61}},{"type":"Feature","geometry":{"type":"Point","coordinates":[20.3368,67.821999]},"properties":{"icao":"ESNQ","iata":"KRN","name":"Kiruna Airport","country":"SE","continent":"EU","rank":331,"status":"planned","dailyProxy":61,"capturedFlights":null,"estDaily":61}},{"type":"Feature","geometry":{"type":"Point","coordinates":[20.282801,63.791801]},"properties":{"icao":"ESNU","iata":"UME","name":"Umeå Airport","country":"SE","continent":"EU","rank":332,"status":"planned","dailyProxy":61,"capturedFlights":null,"estDaily":61}},{"type":"Feature","geometry":{"type":"Point","coordinates":[16.6336,59.589401]},"properties":{"icao":"ESOW","iata":"VST","name":"Stockholm Västerås Airport","country":"SE","continent":"EU","rank":333,"status":"planned","dailyProxy":61,"capturedFlights":null,"estDaily":61}},{"type":"Feature","geometry":{"type":"Point","coordinates":[18.346201,57.6628]},"properties":{"icao":"ESSV","iata":"VBY","name":"Visby Airport","country":"SE","continent":"EU","rank":336,"status":"planned","dailyProxy":61,"capturedFlights":null,"estDaily":61}},{"type":"Feature","geometry":{"type":"Point","coordinates":[27.515173,42.569917]},"properties":{"icao":"LBBG","iata":"BOJ","name":"Burgas Airport","country":"BG","continent":"EU","rank":379,"status":"planned","dailyProxy":50,"capturedFlights":null,"estDaily":50}},{"type":"Feature","geometry":{"type":"Point","coordinates":[10.960713,50.978281]},"properties":{"icao":"EDDE","iata":"ERF","name":"Erfurt-Weimar Airport","country":"DE","continent":"EU","rank":393,"status":"planned","dailyProxy":47,"capturedFlights":null,"estDaily":47}},{"type":"Feature","geometry":{"type":"Point","coordinates":[27.4053,68.6073]},"properties":{"icao":"EFIV","iata":"IVL","name":"Ivalo Airport","country":"FI","continent":"EU","rank":401,"status":"planned","dailyProxy":47,"capturedFlights":null,"estDaily":47}},{"type":"Feature","geometry":{"type":"Point","coordinates":[27.7978,63.007099]},"properties":{"icao":"EFKU","iata":"KUO","name":"Kuopio Airport","country":"FI","continent":"EU","rank":403,"status":"planned","dailyProxy":47,"capturedFlights":null,"estDaily":47}},{"type":"Feature","geometry":{"type":"Point","coordinates":[28.144743,61.044601]},"properties":{"icao":"EFLP","iata":"LPP","name":"Lappeenranta Airport","country":"FI","continent":"EU","rank":404,"status":"planned","dailyProxy":47,"capturedFlights":null,"estDaily":47}},{"type":"Feature","geometry":{"type":"Point","coordinates":[19.898199,60.1222]},"properties":{"icao":"EFMA","iata":"MHQ","name":"Mariehamn Airport","country":"FI","continent":"EU","rank":405,"status":"planned","dailyProxy":47,"capturedFlights":null,"estDaily":47}},{"type":"Feature","geometry":{"type":"Point","coordinates":[25.354601,64.930099]},"properties":{"icao":"EFOU","iata":"OUL","name":"Oulu Airport","country":"FI","continent":"EU","rank":406,"status":"planned","dailyProxy":47,"capturedFlights":null,"estDaily":47}},{"type":"Feature","geometry":{"type":"Point","coordinates":[23.604401,61.414101]},"properties":{"icao":"EFTP","iata":"TMP","name":"Tampere-Pirkkala Airport","country":"FI","continent":"EU","rank":407,"status":"planned","dailyProxy":47,"capturedFlights":null,"estDaily":47}},{"type":"Feature","geometry":{"type":"Point","coordinates":[21.762543,63.05023]},"properties":{"icao":"EFVA","iata":"VAA","name":"Vaasa Airport","country":"FI","continent":"EU","rank":409,"status":"planned","dailyProxy":47,"capturedFlights":null,"estDaily":47}},{"type":"Feature","geometry":{"type":"Point","coordinates":[153.506641,-28.165962]},"properties":{"icao":"YBCG","iata":"OOL","name":"Gold Coast Airport","country":"AU","continent":"OC","rank":413,"status":"planned","dailyProxy":46,"capturedFlights":null,"estDaily":46}},{"type":"Feature","geometry":{"type":"Point","coordinates":[122.2283,-17.949194]},"properties":{"icao":"YBRM","iata":"BME","name":"Broome International Airport","country":"AU","continent":"OC","rank":414,"status":"planned","dailyProxy":46,"capturedFlights":null,"estDaily":46}},{"type":"Feature","geometry":{"type":"Point","coordinates":[153.08319,-26.593324]},"properties":{"icao":"YBSU","iata":"MCY","name":"Sunshine Coast Airport","country":"AU","continent":"OC","rank":415,"status":"planned","dailyProxy":46,"capturedFlights":null,"estDaily":46}},{"type":"Feature","geometry":{"type":"Point","coordinates":[151.793335,-27.558332]},"properties":{"icao":"YBWW","iata":"WTB","name":"Toowoomba Wellcamp Airport","country":"AU","continent":"OC","rank":416,"status":"planned","dailyProxy":46,"capturedFlights":null,"estDaily":46}},{"type":"Feature","geometry":{"type":"Point","coordinates":[144.467196,-38.040269]},"properties":{"icao":"YMAV","iata":"AVV","name":"Melbourne Avalon International Airport","country":"AU","continent":"OC","rank":417,"status":"planned","dailyProxy":46,"capturedFlights":null,"estDaily":46}},{"type":"Feature","geometry":{"type":"Point","coordinates":[147.513022,-42.837032]},"properties":{"icao":"YMHB","iata":"HBA","name":"Hobart International Airport","country":"AU","continent":"OC","rank":418,"status":"planned","dailyProxy":46,"capturedFlights":null,"estDaily":46}},{"type":"Feature","geometry":{"type":"Point","coordinates":[118.629789,-20.382787]},"properties":{"icao":"YPPD","iata":"PHE","name":"Port Hedland International Airport","country":"AU","continent":"OC","rank":421,"status":"planned","dailyProxy":46,"capturedFlights":null,"estDaily":46}},{"type":"Feature","geometry":{"type":"Point","coordinates":[150.71472,-33.88806]},"properties":{"icao":"YSWS","iata":"WSI","name":"[Duplicate] Western Sydney International Airport","country":"AU","continent":"OC","rank":422,"status":"planned","dailyProxy":46,"capturedFlights":null,"estDaily":46}},{"type":"Feature","geometry":{"type":"Point","coordinates":[151.835025,-32.796114]},"properties":{"icao":"YWLM","iata":"NTL","name":"Newcastle Airport","country":"AU","continent":"OC","rank":423,"status":"planned","dailyProxy":46,"capturedFlights":null,"estDaily":46}},{"type":"Feature","geometry":{"type":"Point","coordinates":[96.200996,19.623501]},"properties":{"icao":"VYNT","iata":"NYT","name":"Nay Pyi Taw International Airport","country":"MM","continent":"AS","rank":430,"status":"planned","dailyProxy":45,"capturedFlights":null,"estDaily":45}},{"type":"Feature","geometry":{"type":"Point","coordinates":[94.812827,40.161953]},"properties":{"icao":"ZLDH","iata":"DNH","name":"Dunhuang Mogao International Airport","country":"CN","continent":"AS","rank":457,"status":"planned","dailyProxy":42,"capturedFlights":null,"estDaily":42}},{"type":"Feature","geometry":{"type":"Point","coordinates":[89.299157,29.350876]},"properties":{"icao":"ZURK","iata":"RKZ","name":"Xigaze Peace Airport / Shigatse Air Base","country":"CN","continent":"AS","rank":467,"status":"planned","dailyProxy":42,"capturedFlights":null,"estDaily":42}},{"type":"Feature","geometry":{"type":"Point","coordinates":[21.856242,43.336538]},"properties":{"icao":"LYNI","iata":"INI","name":"Niš Constantine the Great Airport","country":"RS","continent":"EU","rank":475,"status":"planned","dailyProxy":41,"capturedFlights":null,"estDaily":41}},{"type":"Feature","geometry":{"type":"Point","coordinates":[168.746379,-45.019205]},"properties":{"icao":"NZQN","iata":"ZQN","name":"Queenstown Airport","country":"NZ","continent":"OC","rank":480,"status":"planned","dailyProxy":40,"capturedFlights":null,"estDaily":40}},{"type":"Feature","geometry":{"type":"Point","coordinates":[174.806862,-41.326839]},"properties":{"icao":"NZWN","iata":"WLG","name":"Wellington International Airport","country":"NZ","continent":"OC","rank":481,"status":"planned","dailyProxy":40,"capturedFlights":null,"estDaily":40}},{"type":"Feature","geometry":{"type":"Point","coordinates":[46.320383,40.738692]},"properties":{"icao":"UBBG","iata":"GNJ","name":"Ganja International Airport","country":"AZ","continent":"AS","rank":482,"status":"planned","dailyProxy":40,"capturedFlights":null,"estDaily":40}},{"type":"Feature","geometry":{"type":"Point","coordinates":[45.458401,39.188801]},"properties":{"icao":"UBBN","iata":"NAJ","name":"Nakhchivan International Airport","country":"AZ","continent":"AS","rank":483,"status":"planned","dailyProxy":40,"capturedFlights":null,"estDaily":40}},{"type":"Feature","geometry":{"type":"Point","coordinates":[15.353565,44.096986]},"properties":{"icao":"LDZD","iata":"ZAD","name":"Zadar Airport","country":"HR","continent":"EU","rank":492,"status":"planned","dailyProxy":39,"capturedFlights":null,"estDaily":39}},{"type":"Feature","geometry":{"type":"Point","coordinates":[48.230075,30.367887]},"properties":{"icao":"OIAA","iata":"ABD","name":"Abadan Ayatollah Jami International Airport","country":"IR","continent":"AS","rank":502,"status":"planned","dailyProxy":38,"capturedFlights":null,"estDaily":38}},{"type":"Feature","geometry":{"type":"Point","coordinates":[50.826698,35.7761]},"properties":{"icao":"OIIP","iata":"PYK","name":"Payam International Airport","country":"IR","continent":"AS","rank":507,"status":"planned","dailyProxy":38,"capturedFlights":null,"estDaily":38}},{"type":"Feature","geometry":{"type":"Point","coordinates":[56.949692,30.271276]},"properties":{"icao":"OIKK","iata":"KER","name":"Ayatollah Hashemi Rafsanjani International Airport","country":"IR","continent":"AS","rank":509,"status":"planned","dailyProxy":38,"capturedFlights":null,"estDaily":38}},{"type":"Feature","geometry":{"type":"Point","coordinates":[55.902353,26.754639]},"properties":{"icao":"OIKQ","iata":"GSM","name":"Qeshm International Airport","country":"IR","continent":"AS","rank":510,"status":"planned","dailyProxy":38,"capturedFlights":null,"estDaily":38}},{"type":"Feature","geometry":{"type":"Point","coordinates":[59.281258,32.896525]},"properties":{"icao":"OIMB","iata":"XBJ","name":"Birjand International Airport","country":"IR","continent":"AS","rank":511,"status":"planned","dailyProxy":38,"capturedFlights":null,"estDaily":38}},{"type":"Feature","geometry":{"type":"Point","coordinates":[60.9062,29.4757]},"properties":{"icao":"OIZH","iata":"ZAH","name":"Zahedan International Airport","country":"IR","continent":"AS","rank":515,"status":"planned","dailyProxy":38,"capturedFlights":null,"estDaily":38}},{"type":"Feature","geometry":{"type":"Point","coordinates":[-48.476207,-1.379279]},"properties":{"icao":"SBBE","iata":"BEL","name":"Val de Cans/Júlio Cezar Ribeiro International Airport","country":"BR","continent":"SA","rank":532,"status":"planned","dailyProxy":35,"capturedFlights":null,"estDaily":35}},{"type":"Feature","geometry":{"type":"Point","coordinates":[-60.690648,2.84615]},"properties":{"icao":"SBBV","iata":"BVB","name":"Atlas Brasil Cantanhede International Airport","country":"BR","continent":"SA","rank":534,"status":"planned","dailyProxy":35,"capturedFlights":null,"estDaily":35}},{"type":"Feature","geometry":{"type":"Point","coordinates":[-49.1758,-25.5285]},"properties":{"icao":"SBCT","iata":"CWB","name":"Curitiba-Afonso Pena International Airport","country":"BR","continent":"SA","rank":536,"status":"planned","dailyProxy":35,"capturedFlights":null,"estDaily":35}},{"type":"Feature","geometry":{"type":"Point","coordinates":[-56.116699,-15.6529]},"properties":{"icao":"SBCY","iata":"CGB","name":"Várzea Grande–Marechal Rondon International Airport","country":"BR","continent":"SA","rank":537,"status":"planned","dailyProxy":35,"capturedFlights":null,"estDaily":35}},{"type":"Feature","geometry":{"type":"Point","coordinates":[-54.489444,-25.594167]},"properties":{"icao":"SBFI","iata":"IGU","name":"Cataratas International Airport","country":"BR","continent":"SA","rank":539,"status":"planned","dailyProxy":35,"capturedFlights":null,"estDaily":35}},{"type":"Feature","geometry":{"type":"Point","coordinates":[-48.552502,-27.670279]},"properties":{"icao":"SBFL","iata":"FLN","name":"Hercílio Luz International Airport","country":"BR","continent":"SA","rank":540,"status":"planned","dailyProxy":35,"capturedFlights":null,"estDaily":35}},{"type":"Feature","geometry":{"type":"Point","coordinates":[-49.220699,-16.632]},"properties":{"icao":"SBGO","iata":"GYN","name":"Santa Genoveva International Airport","country":"BR","continent":"SA","rank":542,"status":"planned","dailyProxy":35,"capturedFlights":null,"estDaily":35}},{"type":"Feature","geometry":{"type":"Point","coordinates":[-34.950554,-7.148691]},"properties":{"icao":"SBJP","iata":"JPA","name":"Presidente Castro Pinto International Airport","country":"BR","continent":"SA","rank":543,"status":"planned","dailyProxy":35,"capturedFlights":null,"estDaily":35}},{"type":"Feature","geometry":{"type":"Point","coordinates":[-35.791839,-9.512559]},"properties":{"icao":"SBMO","iata":"MCZ","name":"Zumbi dos Palmares International Airport","country":"BR","continent":"SA","rank":545,"status":"planned","dailyProxy":35,"capturedFlights":null,"estDaily":35}},{"type":"Feature","geometry":{"type":"Point","coordinates":[-48.650979,-26.879431]},"properties":{"icao":"SBNF","iata":"NVT","name":"Ministro Victor Konder International Airport","country":"BR","continent":"SA","rank":546,"status":"planned","dailyProxy":35,"capturedFlights":null,"estDaily":35}},{"type":"Feature","geometry":{"type":"Point","coordinates":[-51.167482,-29.993984]},"properties":{"icao":"SBPA","iata":"POA","name":"Porto Alegre-Salgado Filho International Airport","country":"BR","continent":"SA","rank":547,"status":"planned","dailyProxy":35,"capturedFlights":null,"estDaily":35}},{"type":"Feature","geometry":{"type":"Point","coordinates":[-39.080584,-16.438426]},"properties":{"icao":"SBPS","iata":"BPS","name":"Porto Seguro International Airport","country":"BR","continent":"SA","rank":548,"status":"planned","dailyProxy":35,"capturedFlights":null,"estDaily":35}},{"type":"Feature","geometry":{"type":"Point","coordinates":[-63.902338,-8.708491]},"properties":{"icao":"SBPV","iata":"PVH","name":"Governador Jorge Teixeira de Oliveira International Airport","country":"BR","continent":"SA","rank":549,"status":"planned","dailyProxy":35,"capturedFlights":null,"estDaily":35}},{"type":"Feature","geometry":{"type":"Point","coordinates":[-67.893984,-9.869031]},"properties":{"icao":"SBRB","iata":"RBR","name":"Rio Branco-Plácido de Castro International Airport","country":"BR","continent":"SA","rank":550,"status":"planned","dailyProxy":35,"capturedFlights":null,"estDaily":35}},{"type":"Feature","geometry":{"type":"Point","coordinates":[-43.16282,-22.910397]},"properties":{"icao":"SBRJ","iata":"SDU","name":"Santos Dumont Airport","country":"BR","continent":"SA","rank":552,"status":"planned","dailyProxy":35,"capturedFlights":null,"estDaily":35}},{"type":"Feature","geometry":{"type":"Point","coordinates":[-35.36661,-5.769822]},"properties":{"icao":"SBSG","iata":"NAT","name":"Rio Grande do Norte/São Gonçalo do Amarante–Governador Aluízio Alves International Airport","country":"BR","continent":"SA","rank":553,"status":"planned","dailyProxy":35,"capturedFlights":null,"estDaily":35}},{"type":"Feature","geometry":{"type":"Point","coordinates":[-44.235008,-2.586386]},"properties":{"icao":"SBSL","iata":"SLZ","name":"Marechal Cunha Machado International Airport","country":"BR","continent":"SA","rank":554,"status":"planned","dailyProxy":35,"capturedFlights":null,"estDaily":35}},{"type":"Feature","geometry":{"type":"Point","coordinates":[-46.654601,-23.627657]},"properties":{"icao":"SBSP","iata":"CGH","name":"Congonhas–Deputado Freitas Nobre Airport","country":"BR","continent":"SA","rank":555,"status":"planned","dailyProxy":35,"capturedFlights":null,"estDaily":35}},{"type":"Feature","geometry":{"type":"Point","coordinates":[-40.285,-20.258]},"properties":{"icao":"SBVT","iata":"VIX","name":"Eurico de Aguiar Salles International Airport","country":"BR","continent":"SA","rank":557,"status":"planned","dailyProxy":35,"capturedFlights":null,"estDaily":35}},{"type":"Feature","geometry":{"type":"Point","coordinates":[-18.072018,65.656573]},"properties":{"icao":"BIAR","iata":"AEY","name":"Akureyri International Airport","country":"IS","continent":"EU","rank":559,"status":"planned","dailyProxy":33,"capturedFlights":null,"estDaily":33}},{"type":"Feature","geometry":{"type":"Point","coordinates":[55.6092,24.2617]},"properties":{"icao":"OMAL","iata":"AAN","name":"Al Ain International Airport","country":"AE","continent":"AS","rank":567,"status":"planned","dailyProxy":33,"capturedFlights":null,"estDaily":33}},{"type":"Feature","geometry":{"type":"Point","coordinates":[56.62541,24.38604]},"properties":{"icao":"OOSH","iata":"OHS","name":"Suhar International Airport","country":"OM","continent":"AS","rank":578,"status":"planned","dailyProxy":32,"capturedFlights":null,"estDaily":32}},{"type":"Feature","geometry":{"type":"Point","coordinates":[26.302401,-29.092699]},"properties":{"icao":"FABL","iata":"BFN","name":"Bram Fischer International Airport","country":"ZA","continent":"AF","rank":587,"status":"planned","dailyProxy":30,"capturedFlights":null,"estDaily":30}},{"type":"Feature","geometry":{"type":"Point","coordinates":[27.825899,-33.035599]},"properties":{"icao":"FAEL","iata":"ELS","name":"King Phalo Airport","country":"ZA","continent":"AF","rank":588,"status":"planned","dailyProxy":30,"capturedFlights":null,"estDaily":30}},{"type":"Feature","geometry":{"type":"Point","coordinates":[22.378902,-34.0056]},"properties":{"icao":"FAGG","iata":"GRJ","name":"George Airport","country":"ZA","continent":"AF","rank":589,"status":"planned","dailyProxy":30,"capturedFlights":null,"estDaily":30}},{"type":"Feature","geometry":{"type":"Point","coordinates":[24.764872,-28.805401]},"properties":{"icao":"FAKM","iata":"KIM","name":"Kimberley Airport","country":"ZA","continent":"AF","rank":590,"status":"planned","dailyProxy":30,"capturedFlights":null,"estDaily":30}},{"type":"Feature","geometry":{"type":"Point","coordinates":[31.105325,-25.383327]},"properties":{"icao":"FAKN","iata":"MQP","name":"Kruger Mpumalanga International Airport","country":"ZA","continent":"AF","rank":591,"status":"planned","dailyProxy":30,"capturedFlights":null,"estDaily":30}},{"type":"Feature","geometry":{"type":"Point","coordinates":[27.926642,-25.938964]},"properties":{"icao":"FALA","iata":"HLA","name":"Lanseria International Airport","country":"ZA","continent":"AF","rank":592,"status":"planned","dailyProxy":30,"capturedFlights":null,"estDaily":30}},{"type":"Feature","geometry":{"type":"Point","coordinates":[25.617353,-33.989715]},"properties":{"icao":"FAPE","iata":"PLZ","name":"Chief Dawid Stuurman International Airport","country":"ZA","continent":"AF","rank":593,"status":"planned","dailyProxy":30,"capturedFlights":null,"estDaily":30}},{"type":"Feature","geometry":{"type":"Point","coordinates":[29.458615,-23.845269]},"properties":{"icao":"FAPP","iata":"PTG","name":"Polokwane International Airport","country":"ZA","continent":"AF","rank":594,"status":"planned","dailyProxy":30,"capturedFlights":null,"estDaily":30}},{"type":"Feature","geometry":{"type":"Point","coordinates":[73.226303,22.336201]},"properties":{"icao":"VABO","iata":"BDQ","name":"Vadodara International Airport","country":"IN","continent":"AS","rank":599,"status":"planned","dailyProxy":30,"capturedFlights":null,"estDaily":30}},{"type":"Feature","geometry":{"type":"Point","coordinates":[77.337402,23.2875]},"properties":{"icao":"VABP","iata":"BHO","name":"Raja Bhoj International Airport","country":"IN","continent":"AS","rank":600,"status":"planned","dailyProxy":30,"capturedFlights":null,"estDaily":30}},{"type":"Feature","geometry":{"type":"Point","coordinates":[71.039391,22.378824]},"properties":{"icao":"VAHS","iata":"HSR","name":"Rajkot International Airport","country":"IN","continent":"AS","rank":601,"status":"planned","dailyProxy":30,"capturedFlights":null,"estDaily":30}},{"type":"Feature","geometry":{"type":"Point","coordinates":[75.80051,22.721404]},"properties":{"icao":"VAID","iata":"IDR","name":"Devi Ahilya Bai Holkar International Airport","country":"IN","continent":"AS","rank":602,"status":"planned","dailyProxy":30,"capturedFlights":null,"estDaily":30}},{"type":"Feature","geometry":{"type":"Point","coordinates":[73.065253,18.984597]},"properties":{"icao":"VANM","iata":"NMI","name":"Navi Mumbai International Airport","country":"IN","continent":"AS","rank":603,"status":"planned","dailyProxy":30,"capturedFlights":null,"estDaily":30}},{"type":"Feature","geometry":{"type":"Point","coordinates":[73.912903,20.119101]},"properties":{"icao":"VAOZ","iata":"ISK","name":"Nashik International Airport","country":"IN","continent":"AS","rank":605,"status":"planned","dailyProxy":30,"capturedFlights":null,"estDaily":30}},{"type":"Feature","geometry":{"type":"Point","coordinates":[74.373655,19.689211]},"properties":{"icao":"VASD","iata":"SAG","name":"Shirdi International Airport","country":"IN","continent":"AS","rank":606,"status":"planned","dailyProxy":30,"capturedFlights":null,"estDaily":30}},{"type":"Feature","geometry":{"type":"Point","coordinates":[88.328598,26.6812]},"properties":{"icao":"VEBD","iata":"IXB","name":"Bagdogra Airport","country":"IN","continent":"AS","rank":607,"status":"planned","dailyProxy":30,"capturedFlights":null,"estDaily":30}},{"type":"Feature","geometry":{"type":"Point","coordinates":[82.862549,25.452171]},"properties":{"icao":"VEBN","iata":"VNS","name":"Lal Bahadur Shastri International Airport","country":"IN","continent":"AS","rank":608,"status":"planned","dailyProxy":30,"capturedFlights":null,"estDaily":30}},{"type":"Feature","geometry":{"type":"Point","coordinates":[93.896698,24.76]},"properties":{"icao":"VEIM","iata":"IMF","name":"Bir Tikendrajit International Airport","country":"IN","continent":"AS","rank":611,"status":"planned","dailyProxy":30,"capturedFlights":null,"estDaily":30}},{"type":"Feature","geometry":{"type":"Point","coordinates":[75.74142,29.186065]},"properties":{"icao":"VIHR","iata":"HSS","name":"Maharaja Agrasen International Airport","country":"IN","continent":"AS","rank":612,"status":"planned","dailyProxy":30,"capturedFlights":null,"estDaily":30}},{"type":"Feature","geometry":{"type":"Point","coordinates":[75.629799,30.748501]},"properties":{"icao":"VIHX","iata":"HWR","name":"Halwara International Airport","country":"IN","continent":"AS","rank":613,"status":"planned","dailyProxy":30,"capturedFlights":null,"estDaily":30}},{"type":"Feature","geometry":{"type":"Point","coordinates":[74.7742,33.987099]},"properties":{"icao":"VISR","iata":"SXR","name":"Sheikh ul Alam International Airport","country":"IN","continent":"AS","rank":614,"status":"planned","dailyProxy":30,"capturedFlights":null,"estDaily":30}},{"type":"Feature","geometry":{"type":"Point","coordinates":[80.804888,16.530011]},"properties":{"icao":"VOBZ","iata":"VGA","name":"Vijayawada International Airport","country":"IN","continent":"AS","rank":615,"status":"planned","dailyProxy":30,"capturedFlights":null,"estDaily":30}},{"type":"Feature","geometry":{"type":"Point","coordinates":[92.72902,11.640194]},"properties":{"icao":"VOPB","iata":"IXZ","name":"Veer Savarkar International Airport / INS Utkrosh","country":"IN","continent":"AS","rank":619,"status":"planned","dailyProxy":30,"capturedFlights":null,"estDaily":30}},{"type":"Feature","geometry":{"type":"Point","coordinates":[79.539869,13.631988]},"properties":{"icao":"VOTP","iata":"TIR","name":"Tirupati International Airport","country":"IN","continent":"AS","rank":620,"status":"planned","dailyProxy":30,"capturedFlights":null,"estDaily":30}},{"type":"Feature","geometry":{"type":"Point","coordinates":[35.238899,0.404458]},"properties":{"icao":"HKEL","iata":"EDL","name":"Eldoret International Airport","country":"KE","continent":"AF","rank":629,"status":"planned","dailyProxy":29,"capturedFlights":null,"estDaily":29}},{"type":"Feature","geometry":{"type":"Point","coordinates":[34.728901,-0.086139]},"properties":{"icao":"HKKI","iata":"KIS","name":"Kisumu International Airport","country":"KE","continent":"AF","rank":630,"status":"planned","dailyProxy":29,"capturedFlights":null,"estDaily":29}},{"type":"Feature","geometry":{"type":"Point","coordinates":[-74.523233,24.063041]},"properties":{"icao":"MYSM","iata":"ZSA","name":"San Salvador International Airport","country":"BS","continent":"NA","rank":641,"status":"planned","dailyProxy":27,"capturedFlights":null,"estDaily":27}},{"type":"Feature","geometry":{"type":"Point","coordinates":[59.623299,42.4884]},"properties":{"icao":"UZNN","iata":"NCU","name":"Nukus International Airport","country":"UZ","continent":"AS","rank":645,"status":"planned","dailyProxy":27,"capturedFlights":null,"estDaily":27}},{"type":"Feature","geometry":{"type":"Point","coordinates":[60.64338,41.58274]},"properties":{"icao":"UZNU","iata":"UGC","name":"Urgench International Airport","country":"UZ","continent":"AS","rank":646,"status":"planned","dailyProxy":27,"capturedFlights":null,"estDaily":27}},{"type":"Feature","geometry":{"type":"Point","coordinates":[64.482279,39.775319]},"properties":{"icao":"UZSB","iata":"BHK","name":"Bukhara International Airport","country":"UZ","continent":"AS","rank":647,"status":"planned","dailyProxy":27,"capturedFlights":null,"estDaily":27}},{"type":"Feature","geometry":{"type":"Point","coordinates":[-74.574495,-8.378064]},"properties":{"icao":"SPCL","iata":"PCL","name":"Cap FAP David Abenzur Rengifo International Airport","country":"PE","continent":"SA","rank":676,"status":"planned","dailyProxy":24,"capturedFlights":null,"estDaily":24}},{"type":"Feature","geometry":{"type":"Point","coordinates":[-79.828254,-6.789223]},"properties":{"icao":"SPHI","iata":"CIX","name":"Capitán FAP José A. Quiñones González International Airport","country":"PE","continent":"SA","rank":677,"status":"planned","dailyProxy":24,"capturedFlights":null,"estDaily":24}},{"type":"Feature","geometry":{"type":"Point","coordinates":[-70.15653,-15.467689]},"properties":{"icao":"SPJL","iata":"JUL","name":"Inca Manco Capac International Airport","country":"PE","continent":"SA","rank":678,"status":"planned","dailyProxy":24,"capturedFlights":null,"estDaily":24}},{"type":"Feature","geometry":{"type":"Point","coordinates":[-73.3088,-3.78474]},"properties":{"icao":"SPQT","iata":"IQT","name":"Coronel FAP Francisco Secada Vignetta International Airport","country":"PE","continent":"SA","rank":679,"status":"planned","dailyProxy":24,"capturedFlights":null,"estDaily":24}},{"type":"Feature","geometry":{"type":"Point","coordinates":[-71.569485,-16.340786]},"properties":{"icao":"SPQU","iata":"AQP","name":"Rodríguez Ballón International Airport","country":"PE","continent":"SA","rank":680,"status":"planned","dailyProxy":24,"capturedFlights":null,"estDaily":24}},{"type":"Feature","geometry":{"type":"Point","coordinates":[-79.108821,-8.082382]},"properties":{"icao":"SPRU","iata":"TRU","name":"Capitán FAP Carlos Martínez de Pinillos International Airport","country":"PE","continent":"SA","rank":681,"status":"planned","dailyProxy":24,"capturedFlights":null,"estDaily":24}},{"type":"Feature","geometry":{"type":"Point","coordinates":[-71.9387969971,-13.535699844400002]},"properties":{"icao":"SPZO","iata":"CUZ","name":"Alejandro Velasco Astete International Airport","country":"PE","continent":"SA","rank":682,"status":"planned","dailyProxy":24,"capturedFlights":null,"estDaily":24}},{"type":"Feature","geometry":{"type":"Point","coordinates":[62.328735,25.23298]},"properties":{"icao":"OPGW","iata":"GWD","name":"New Gwadar International Airport","country":"PK","continent":"AS","rank":699,"status":"planned","dailyProxy":23,"capturedFlights":null,"estDaily":23}},{"type":"Feature","geometry":{"type":"Point","coordinates":[75.538648,35.33866]},"properties":{"icao":"OPSD","iata":"KDU","name":"Skardu International Airport","country":"PK","continent":"AS","rank":702,"status":"planned","dailyProxy":23,"capturedFlights":null,"estDaily":23}},{"type":"Feature","geometry":{"type":"Point","coordinates":[63.028856,25.984767]},"properties":{"icao":"OPTU","iata":"TUK","name":"Turbat International Airport","country":"PK","continent":"AS","rank":703,"status":"planned","dailyProxy":23,"capturedFlights":null,"estDaily":23}},{"type":"Feature","geometry":{"type":"Point","coordinates":[-60.785,-32.9036]},"properties":{"icao":"SAAR","iata":"ROS","name":"Rosario Islas Malvinas International Airport","country":"AR","continent":"SA","rank":704,"status":"planned","dailyProxy":23,"capturedFlights":null,"estDaily":23}},{"type":"Feature","geometry":{"type":"Point","coordinates":[-58.415536,-34.559419]},"properties":{"icao":"SABE","iata":"AEP","name":"Aeroparque Jorge Newbery","country":"AR","continent":"SA","rank":705,"status":"planned","dailyProxy":23,"capturedFlights":null,"estDaily":23}},{"type":"Feature","geometry":{"type":"Point","coordinates":[-68.7929,-32.831699]},"properties":{"icao":"SAME","iata":"MDZ","name":"Governor Francisco Gabrielli International Airport","country":"AR","continent":"SA","rank":707,"status":"planned","dailyProxy":23,"capturedFlights":null,"estDaily":23}},{"type":"Feature","geometry":{"type":"Point","coordinates":[-65.104195,-26.837397]},"properties":{"icao":"SANT","iata":"TUC","name":"Teniente Benjamín Matienzo International Airport","country":"AR","continent":"SA","rank":708,"status":"planned","dailyProxy":23,"capturedFlights":null,"estDaily":23}},{"type":"Feature","geometry":{"type":"Point","coordinates":[-59.056125,-27.44991]},"properties":{"icao":"SARE","iata":"RES","name":"Resistencia International Airport","country":"AR","continent":"SA","rank":709,"status":"planned","dailyProxy":23,"capturedFlights":null,"estDaily":23}},{"type":"Feature","geometry":{"type":"Point","coordinates":[-65.486198,-24.856001]},"properties":{"icao":"SASA","iata":"SLA","name":"Martín Miguel de Güemes International Airport","country":"AR","continent":"SA","rank":710,"status":"planned","dailyProxy":23,"capturedFlights":null,"estDaily":23}},{"type":"Feature","geometry":{"type":"Point","coordinates":[-65.097801,-24.392799]},"properties":{"icao":"SASJ","iata":"JUJ","name":"Gobernador Horacio Guzman International Airport","country":"AR","continent":"SA","rank":711,"status":"planned","dailyProxy":23,"capturedFlights":null,"estDaily":23}},{"type":"Feature","geometry":{"type":"Point","coordinates":[-67.463355,-45.786941]},"properties":{"icao":"SAVC","iata":"CRD","name":"General Enrique Mosconi International Airport","country":"AR","continent":"SA","rank":712,"status":"planned","dailyProxy":23,"capturedFlights":null,"estDaily":23}},{"type":"Feature","geometry":{"type":"Point","coordinates":[-72.053949,-50.281997]},"properties":{"icao":"SAWC","iata":"FTE","name":"El Calafate - Commander Armando Tola International Airport","country":"AR","continent":"SA","rank":713,"status":"planned","dailyProxy":23,"capturedFlights":null,"estDaily":23}},{"type":"Feature","geometry":{"type":"Point","coordinates":[-69.308948,-51.608791]},"properties":{"icao":"SAWG","iata":"RGL","name":"Piloto Civil Norberto Fernández International Airport","country":"AR","continent":"SA","rank":714,"status":"planned","dailyProxy":23,"capturedFlights":null,"estDaily":23}},{"type":"Feature","geometry":{"type":"Point","coordinates":[-68.155701,-38.949001]},"properties":{"icao":"SAZN","iata":"NQN","name":"Presidente Perón International Airport","country":"AR","continent":"SA","rank":715,"status":"planned","dailyProxy":23,"capturedFlights":null,"estDaily":23}},{"type":"Feature","geometry":{"type":"Point","coordinates":[-71.157501,-41.151199]},"properties":{"icao":"SAZS","iata":"BRC","name":"Teniente Luis Candelaria International Airport","country":"AR","continent":"SA","rank":716,"status":"planned","dailyProxy":23,"capturedFlights":null,"estDaily":23}},{"type":"Feature","geometry":{"type":"Point","coordinates":[10.327206,55.475307]},"properties":{"icao":"EKOD","iata":"ODE","name":"Odense Hans Christian Andersen Airport","country":"DK","continent":"EU","rank":725,"status":"planned","dailyProxy":22,"capturedFlights":null,"estDaily":22}},{"type":"Feature","geometry":{"type":"Point","coordinates":[14.182981,42.431079]},"properties":{"icao":"LIBP","iata":"PSR","name":"Abruzzo Airport","country":"IT","continent":"EU","rank":726,"status":"planned","dailyProxy":22,"capturedFlights":null,"estDaily":22}},{"type":"Feature","geometry":{"type":"Point","coordinates":[9.05428,39.251499]},"properties":{"icao":"LIEE","iata":"CAG","name":"Cagliari Elmas Airport","country":"IT","continent":"EU","rank":729,"status":"planned","dailyProxy":22,"capturedFlights":null,"estDaily":22}},{"type":"Feature","geometry":{"type":"Point","coordinates":[9.518457,40.898953]},"properties":{"icao":"LIEO","iata":"OLB","name":"Olbia Costa Smeralda Airport","country":"IT","continent":"EU","rank":730,"status":"planned","dailyProxy":22,"capturedFlights":null,"estDaily":22}},{"type":"Feature","geometry":{"type":"Point","coordinates":[13.466672,45.827862]},"properties":{"icao":"LIPQ","iata":"TRS","name":"Trieste Airport","country":"IT","continent":"EU","rank":733,"status":"planned","dailyProxy":22,"capturedFlights":null,"estDaily":22}},{"type":"Feature","geometry":{"type":"Point","coordinates":[12.612198,44.020024]},"properties":{"icao":"LIPR","iata":"RMI","name":"Federico Fellini International Airport","country":"IT","continent":"EU","rank":734,"status":"planned","dailyProxy":22,"capturedFlights":null,"estDaily":22}},{"type":"Feature","geometry":{"type":"Point","coordinates":[6.665278,6.204167]},"properties":{"icao":"DNAS","iata":"ABB","name":"Asaba International Airport","country":"NG","continent":"AF","rank":736,"status":"planned","dailyProxy":21,"capturedFlights":null,"estDaily":21}},{"type":"Feature","geometry":{"type":"Point","coordinates":[9.744,10.482833]},"properties":{"icao":"DNBC","iata":"BCU","name":"Sir Abubakar Tafawa Balewa Bauchi State International Airport","country":"NG","continent":"AF","rank":737,"status":"planned","dailyProxy":21,"capturedFlights":null,"estDaily":21}},{"type":"Feature","geometry":{"type":"Point","coordinates":[4.369132,12.479048]},"properties":{"icao":"DNBK","iata":"","name":"Sir Ahmadu Bello International Airport","country":"NG","continent":"AF","rank":738,"status":"planned","dailyProxy":21,"capturedFlights":null,"estDaily":21}},{"type":"Feature","geometry":{"type":"Point","coordinates":[4.49392,8.44021]},"properties":{"icao":"DNIL","iata":"ILR","name":"General Tunde Idiagbon International Airport","country":"NG","continent":"AF","rank":740,"status":"planned","dailyProxy":21,"capturedFlights":null,"estDaily":21}},{"type":"Feature","geometry":{"type":"Point","coordinates":[7.32011,10.696]},"properties":{"icao":"DNKA","iata":"KAD","name":"Kaduna International Airport","country":"NG","continent":"AF","rank":741,"status":"planned","dailyProxy":21,"capturedFlights":null,"estDaily":21}},{"type":"Feature","geometry":{"type":"Point","coordinates":[13.080702,11.854163]},"properties":{"icao":"DNMA","iata":"MIU","name":"Maiduguri International Airport","country":"NG","continent":"AF","rank":743,"status":"planned","dailyProxy":21,"capturedFlights":null,"estDaily":21}},{"type":"Feature","geometry":{"type":"Point","coordinates":[6.94959,5.01549]},"properties":{"icao":"DNPO","iata":"PHC","name":"Port Harcourt International Airport","country":"NG","continent":"AF","rank":744,"status":"planned","dailyProxy":21,"capturedFlights":null,"estDaily":21}},{"type":"Feature","geometry":{"type":"Point","coordinates":[5.207547,12.915729]},"properties":{"icao":"DNSO","iata":"SKO","name":"Sadiq Abubakar III International Airport","country":"NG","continent":"AF","rank":745,"status":"planned","dailyProxy":21,"capturedFlights":null,"estDaily":21}},{"type":"Feature","geometry":{"type":"Point","coordinates":[-5.860808,30.265788]},"properties":{"icao":"GMAZ","iata":"OZG","name":"Zagora Airport","country":"MA","continent":"AF","rank":748,"status":"planned","dailyProxy":21,"capturedFlights":null,"estDaily":21}},{"type":"Feature","geometry":{"type":"Point","coordinates":[-6.315905,32.401895]},"properties":{"icao":"GMMD","iata":"BEM","name":"Beni Mellal Airport","country":"MA","continent":"AF","rank":751,"status":"planned","dailyProxy":21,"capturedFlights":null,"estDaily":21}},{"type":"Feature","geometry":{"type":"Point","coordinates":[-3.02821,34.9888]},"properties":{"icao":"GMMW","iata":"NDR","name":"Nador Al Aaroui International Airport","country":"MA","continent":"AF","rank":752,"status":"planned","dailyProxy":21,"capturedFlights":null,"estDaily":21}},{"type":"Feature","geometry":{"type":"Point","coordinates":[-6.90943,30.9391]},"properties":{"icao":"GMMZ","iata":"OZZ","name":"Ouarzazate International Airport","country":"MA","continent":"AF","rank":753,"status":"planned","dailyProxy":21,"capturedFlights":null,"estDaily":21}},{"type":"Feature","geometry":{"type":"Point","coordinates":[-5.32002,35.594299]},"properties":{"icao":"GMTN","iata":"TTU","name":"Sania Ramel Airport","country":"MA","continent":"AF","rank":754,"status":"planned","dailyProxy":21,"capturedFlights":null,"estDaily":21}},{"type":"Feature","geometry":{"type":"Point","coordinates":[157.263,-8.32797]},"properties":{"icao":"AGGM","iata":"MUA","name":"Munda Airport","country":"SB","continent":"OC","rank":784,"status":"planned","dailyProxy":20,"capturedFlights":null,"estDaily":20}},{"type":"Feature","geometry":{"type":"Point","coordinates":[166.919525,-0.547893]},"properties":{"icao":"ANYN","iata":"INU","name":"Nauru International Airport","country":"NR","continent":"OC","rank":785,"status":"planned","dailyProxy":20,"capturedFlights":null,"estDaily":20}},{"type":"Feature","geometry":{"type":"Point","coordinates":[144.821756,-7.496955]},"properties":{"icao":"AYBA","iata":"VMU","name":"Baimuru Airport","country":"PG","continent":"OC","rank":786,"status":"planned","dailyProxy":20,"capturedFlights":null,"estDaily":20}},{"type":"Feature","geometry":{"type":"Point","coordinates":[154.672698,-5.422299]},"properties":{"icao":"AYBK","iata":"BUA","name":"Buka Airport","country":"PG","continent":"OC","rank":787,"status":"planned","dailyProxy":20,"capturedFlights":null,"estDaily":20}},{"type":"Feature","geometry":{"type":"Point","coordinates":[142.932998657,-8.05000019073]},"properties":{"icao":"AYBM","iata":"OPU","name":"Balimo Airport","country":"PG","continent":"OC","rank":788,"status":"planned","dailyProxy":20,"capturedFlights":null,"estDaily":20}},{"type":"Feature","geometry":{"type":"Point","coordinates":[144.9709930419922,-6.024290084838867]},"properties":{"icao":"AYCH","iata":"CMU","name":"Chimbu Airport","country":"PG","continent":"OC","rank":789,"status":"planned","dailyProxy":20,"capturedFlights":null,"estDaily":20}},{"type":"Feature","geometry":{"type":"Point","coordinates":[143.207993,-9.08676]},"properties":{"icao":"AYDU","iata":"DAU","name":"Daru Airport","country":"PG","continent":"OC","rank":790,"status":"planned","dailyProxy":20,"capturedFlights":null,"estDaily":20}},{"type":"Feature","geometry":{"type":"Point","coordinates":[145.391998291,-6.081689834590001]},"properties":{"icao":"AYGA","iata":"GKA","name":"Goroka Airport","country":"PG","continent":"OC","rank":791,"status":"planned","dailyProxy":20,"capturedFlights":null,"estDaily":20}},{"type":"Feature","geometry":{"type":"Point","coordinates":[150.333999634,-10.3114995956]},"properties":{"icao":"AYGN","iata":"GUR","name":"Gurney Airport","country":"PG","continent":"OC","rank":792,"status":"planned","dailyProxy":20,"capturedFlights":null,"estDaily":20}},{"type":"Feature","geometry":{"type":"Point","coordinates":[148.309005737,-8.80453968048]},"properties":{"icao":"AYGR","iata":"PNP","name":"Girua Airport","country":"PG","continent":"OC","rank":793,"status":"planned","dailyProxy":20,"capturedFlights":null,"estDaily":20}},{"type":"Feature","geometry":{"type":"Point","coordinates":[150.407327,-5.463846]},"properties":{"icao":"AYHK","iata":"HKN","name":"Hoskins Airport","country":"PG","continent":"OC","rank":794,"status":"planned","dailyProxy":20,"capturedFlights":null,"estDaily":20}},{"type":"Feature","geometry":{"type":"Point","coordinates":[145.770996094,-7.96361017227]},"properties":{"icao":"AYKM","iata":"KMA","name":"Kerema Airport","country":"PG","continent":"OC","rank":795,"status":"planned","dailyProxy":20,"capturedFlights":null,"estDaily":20}},{"type":"Feature","geometry":{"type":"Point","coordinates":[150.807998657,-2.57940006256]},"properties":{"icao":"AYKV","iata":"KVG","name":"Kavieng Airport","country":"PG","continent":"OC","rank":796,"status":"planned","dailyProxy":20,"capturedFlights":null,"estDaily":20}},{"type":"Feature","geometry":{"type":"Point","coordinates":[145.789001465,-5.20707988739]},"properties":{"icao":"AYMD","iata":"MAG","name":"Madang Airport","country":"PG","continent":"OC","rank":797,"status":"planned","dailyProxy":20,"capturedFlights":null,"estDaily":20}},{"type":"Feature","geometry":{"type":"Point","coordinates":[144.299412,-5.828212]},"properties":{"icao":"AYMH","iata":"HGU","name":"Mount Hagen Kagamuga Airport","country":"PG","continent":"OC","rank":798,"status":"planned","dailyProxy":20,"capturedFlights":null,"estDaily":20}},{"type":"Feature","geometry":{"type":"Point","coordinates":[143.656998,-6.14774]},"properties":{"icao":"AYMN","iata":"MDU","name":"Mendi Airport","country":"PG","continent":"OC","rank":799,"status":"planned","dailyProxy":20,"capturedFlights":null,"estDaily":20}},{"type":"Feature","geometry":{"type":"Point","coordinates":[147.423996,-2.06189]},"properties":{"icao":"AYMO","iata":"MAS","name":"Momote Airport","country":"PG","continent":"OC","rank":800,"status":"planned","dailyProxy":20,"capturedFlights":null,"estDaily":20}},{"type":"Feature","geometry":{"type":"Point","coordinates":[152.380005,-4.34046]},"properties":{"icao":"AYTK","iata":"RAB","name":"Tokua Airport","country":"PG","continent":"OC","rank":801,"status":"planned","dailyProxy":20,"capturedFlights":null,"estDaily":20}},{"type":"Feature","geometry":{"type":"Point","coordinates":[141.3028,-2.6926]},"properties":{"icao":"AYVN","iata":"VAI","name":"Vanimo Airport","country":"PG","continent":"OC","rank":802,"status":"planned","dailyProxy":20,"capturedFlights":null,"estDaily":20}},{"type":"Feature","geometry":{"type":"Point","coordinates":[143.892231,-5.635293]},"properties":{"icao":"AYWD","iata":"WBM","name":"Wapenamanda Airport","country":"PG","continent":"OC","rank":803,"status":"planned","dailyProxy":20,"capturedFlights":null,"estDaily":20}},{"type":"Feature","geometry":{"type":"Point","coordinates":[143.669006348,-3.58383011818]},"properties":{"icao":"AYWK","iata":"WWK","name":"Wewak International Airport","country":"PG","continent":"OC","rank":804,"status":"planned","dailyProxy":20,"capturedFlights":null,"estDaily":20}},{"type":"Feature","geometry":{"type":"Point","coordinates":[-52.784698,68.721802]},"properties":{"icao":"BGAA","iata":"JEG","name":"Aasiaat Airport","country":"GL","continent":"NA","rank":805,"status":"planned","dailyProxy":20,"capturedFlights":null,"estDaily":20}},{"type":"Feature","geometry":{"type":"Point","coordinates":[-22.650499,70.743103]},"properties":{"icao":"BGCO","iata":"CNP","name":"Neerlerit Inaat Airport","country":"GL","continent":"NA","rank":806,"status":"planned","dailyProxy":20,"capturedFlights":null,"estDaily":20}},{"type":"Feature","geometry":{"type":"Point","coordinates":[-51.057098,69.243202]},"properties":{"icao":"BGJN","iata":"JAV","name":"Ilulissat Airport","country":"GL","continent":"NA","rank":807,"status":"planned","dailyProxy":20,"capturedFlights":null,"estDaily":20}},{"type":"Feature","geometry":{"type":"Point","coordinates":[-37.1236,65.573601]},"properties":{"icao":"BGKK","iata":"KUS","name":"Kulusuk Airport","country":"GL","continent":"NA","rank":808,"status":"planned","dailyProxy":20,"capturedFlights":null,"estDaily":20}},{"type":"Feature","geometry":{"type":"Point","coordinates":[-46.065001,60.76383]},"properties":{"icao":"BGQO","iata":"JJU","name":"Qaqortoq Airport","country":"GL","continent":"NA","rank":809,"status":"planned","dailyProxy":20,"capturedFlights":null,"estDaily":20}},{"type":"Feature","geometry":{"type":"Point","coordinates":[-69.388702,77.488602]},"properties":{"icao":"BGQQ","iata":"NAQ","name":"Qaanaaq Airport","country":"GL","continent":"NA","rank":810,"status":"planned","dailyProxy":20,"capturedFlights":null,"estDaily":20}},{"type":"Feature","geometry":{"type":"Point","coordinates":[-50.715294,67.010446]},"properties":{"icao":"BGSF","iata":"SFJ","name":"Kangerlussuaq International Airport","country":"GL","continent":"NA","rank":811,"status":"planned","dailyProxy":20,"capturedFlights":null,"estDaily":20}},{"type":"Feature","geometry":{"type":"Point","coordinates":[-53.729301,66.951302]},"properties":{"icao":"BGSS","iata":"JHS","name":"Sisimiut Airport","country":"GL","continent":"NA","rank":812,"status":"planned","dailyProxy":20,"capturedFlights":null,"estDaily":20}},{"type":"Feature","geometry":{"type":"Point","coordinates":[-68.700541,76.53063]},"properties":{"icao":"BGTL","iata":"THU","name":"Pituffik Space Base","country":"GL","continent":"NA","rank":813,"status":"planned","dailyProxy":20,"capturedFlights":null,"estDaily":20}},{"type":"Feature","geometry":{"type":"Point","coordinates":[-14.401399612426758,65.2833023071289]},"properties":{"icao":"BIEG","iata":"EGS","name":"Egilsstaðir Airport","country":"IS","continent":"EU","rank":814,"status":"planned","dailyProxy":20,"capturedFlights":null,"estDaily":20}},{"type":"Feature","geometry":{"type":"Point","coordinates":[-18.0173,66.5458]},"properties":{"icao":"BIGR","iata":"GRY","name":"Grímsey Airport","country":"IS","continent":"EU","rank":815,"status":"planned","dailyProxy":20,"capturedFlights":null,"estDaily":20}},{"type":"Feature","geometry":{"type":"Point","coordinates":[-15.2272,64.295601]},"properties":{"icao":"BIHN","iata":"HFN","name":"Hornafjörður Airport","country":"IS","continent":"EU","rank":816,"status":"planned","dailyProxy":20,"capturedFlights":null,"estDaily":20}},{"type":"Feature","geometry":{"type":"Point","coordinates":[-23.1353,66.058098]},"properties":{"icao":"BIIS","iata":"IFJ","name":"Ísafjörður Airport","country":"IS","continent":"EU","rank":817,"status":"planned","dailyProxy":20,"capturedFlights":null,"estDaily":20}},{"type":"Feature","geometry":{"type":"Point","coordinates":[-21.93759,64.128732]},"properties":{"icao":"BIRK","iata":"RKV","name":"Reykjavík Domestic Airport","country":"IS","continent":"EU","rank":818,"status":"planned","dailyProxy":20,"capturedFlights":null,"estDaily":20}},{"type":"Feature","geometry":{"type":"Point","coordinates":[-14.8506,65.720596]},"properties":{"icao":"BIVO","iata":"VPN","name":"Vopnafjörður Airport","country":"IS","continent":"EU","rank":819,"status":"planned","dailyProxy":20,"capturedFlights":null,"estDaily":20}},{"type":"Feature","geometry":{"type":"Point","coordinates":[8.62265,26.723499]},"properties":{"icao":"DAAP","iata":"VVZ","name":"Illizi Takhamalt Airport","country":"DZ","continent":"AF","rank":820,"status":"planned","dailyProxy":20,"capturedFlights":null,"estDaily":20}},{"type":"Feature","geometry":{"type":"Point","coordinates":[8.12071990967,35.4315986633]},"properties":{"icao":"DABS","iata":"TEE","name":"Cheikh Larbi Tébessi Airport","country":"DZ","continent":"AF","rank":822,"status":"planned","dailyProxy":20,"capturedFlights":null,"estDaily":20}},{"type":"Feature","geometry":{"type":"Point","coordinates":[-8.167099952700001,27.7003993988]},"properties":{"icao":"DAOF","iata":"TIN","name":"Tindouf Airport","country":"DZ","continent":"AF","rank":823,"status":"planned","dailyProxy":20,"capturedFlights":null,"estDaily":20}},{"type":"Feature","geometry":{"type":"Point","coordinates":[-2.269860029220581,31.645700454711914]},"properties":{"icao":"DAOR","iata":"CBH","name":"Béchar Boudghene Ben Ali Lotfi Airport","country":"DZ","continent":"AF","rank":824,"status":"planned","dailyProxy":20,"capturedFlights":null,"estDaily":20}},{"type":"Feature","geometry":{"type":"Point","coordinates":[0.92698,21.3778]},"properties":{"icao":"DATM","iata":"BMW","name":"Bordj Badji Mokhtar Airport","country":"DZ","continent":"AF","rank":825,"status":"planned","dailyProxy":20,"capturedFlights":null,"estDaily":20}},{"type":"Feature","geometry":{"type":"Point","coordinates":[2.861595,30.580732]},"properties":{"icao":"DAUE","iata":"ELG","name":"El Golea Airport","country":"DZ","continent":"AF","rank":827,"status":"planned","dailyProxy":20,"capturedFlights":null,"estDaily":20}},{"type":"Feature","geometry":{"type":"Point","coordinates":[3.79411,32.384102]},"properties":{"icao":"DAUG","iata":"GHA","name":"Noumérat - Moufdi Zakaria Airport","country":"DZ","continent":"AF","rank":828,"status":"planned","dailyProxy":20,"capturedFlights":null,"estDaily":20}},{"type":"Feature","geometry":{"type":"Point","coordinates":[6.14044,31.673]},"properties":{"icao":"DAUH","iata":"HME","name":"Hassi Messaoud-Oued Irara Krim Belkacem Airport","country":"DZ","continent":"AF","rank":829,"status":"planned","dailyProxy":20,"capturedFlights":null,"estDaily":20}},{"type":"Feature","geometry":{"type":"Point","coordinates":[2.51202,27.250999]},"properties":{"icao":"DAUI","iata":"INZ","name":"In Salah Airport","country":"DZ","continent":"AF","rank":830,"status":"planned","dailyProxy":20,"capturedFlights":null,"estDaily":20}},{"type":"Feature","geometry":{"type":"Point","coordinates":[6.08867,33.067799]},"properties":{"icao":"DAUK","iata":"TGR","name":"Touggourt Sidi Madhi Airport","country":"DZ","continent":"AF","rank":831,"status":"planned","dailyProxy":20,"capturedFlights":null,"estDaily":20}},{"type":"Feature","geometry":{"type":"Point","coordinates":[6.77679,33.511398]},"properties":{"icao":"DAUO","iata":"ELU","name":"Guemar Airport - مطار قمار بالوادي","country":"DZ","continent":"AF","rank":832,"status":"planned","dailyProxy":20,"capturedFlights":null,"estDaily":20}},{"type":"Feature","geometry":{"type":"Point","coordinates":[0.276033,29.237101]},"properties":{"icao":"DAUT","iata":"TMX","name":"Timimoun Airport","country":"DZ","continent":"AF","rank":833,"status":"planned","dailyProxy":20,"capturedFlights":null,"estDaily":20}},{"type":"Feature","geometry":{"type":"Point","coordinates":[5.41278,31.9172]},"properties":{"icao":"DAUU","iata":"OGX","name":"Ain Beida Airport","country":"DZ","continent":"AF","rank":834,"status":"planned","dailyProxy":20,"capturedFlights":null,"estDaily":20}},{"type":"Feature","geometry":{"type":"Point","coordinates":[9.64291,28.0515]},"properties":{"icao":"DAUZ","iata":"IAM","name":"Zarzaitine - In Aménas Airport","country":"DZ","continent":"AF","rank":835,"status":"planned","dailyProxy":20,"capturedFlights":null,"estDaily":20}},{"type":"Feature","geometry":{"type":"Point","coordinates":[0.532547,6.579691]},"properties":{"icao":"DGAH","iata":"","name":"Ho Airport","country":"GH","continent":"AF","rank":836,"status":"planned","dailyProxy":20,"capturedFlights":null,"estDaily":20}},{"type":"Feature","geometry":{"type":"Point","coordinates":[-2.32876,7.36183]},"properties":{"icao":"DGSN","iata":"NYI","name":"Sunyani Airport","country":"GH","continent":"AF","rank":837,"status":"planned","dailyProxy":20,"capturedFlights":null,"estDaily":20}},{"type":"Feature","geometry":{"type":"Point","coordinates":[-1.7747600078582764,4.896059989929199]},"properties":{"icao":"DGTK","iata":"TKD","name":"Takoradi Airport","country":"GH","continent":"AF","rank":838,"status":"planned","dailyProxy":20,"capturedFlights":null,"estDaily":20}},{"type":"Feature","geometry":{"type":"Point","coordinates":[-5.07367,7.7388]},"properties":{"icao":"DIBK","iata":"BYK","name":"Bouaké Airport","country":"CI","continent":"AF","rank":839,"status":"planned","dailyProxy":20,"capturedFlights":null,"estDaily":20}},{"type":"Feature","geometry":{"type":"Point","coordinates":[-5.55666,9.38718]},"properties":{"icao":"DIKO","iata":"HGO","name":"Korhogo Airport","country":"CI","continent":"AF","rank":840,"status":"planned","dailyProxy":20,"capturedFlights":null,"estDaily":20}},{"type":"Feature","geometry":{"type":"Point","coordinates":[-6.66082,4.74672]},"properties":{"icao":"DISP","iata":"SPY","name":"San Pedro Airport","country":"CI","continent":"AF","rank":841,"status":"planned","dailyProxy":20,"capturedFlights":null,"estDaily":20}},{"type":"Feature","geometry":{"type":"Point","coordinates":[8.093,4.8725]},"properties":{"icao":"DNAI","iata":"QUO","name":"Akwa Ibom International Airport","country":"NG","continent":"AF","rank":842,"status":"planned","dailyProxy":20,"capturedFlights":null,"estDaily":20}},{"type":"Feature","geometry":{"type":"Point","coordinates":[5.3010101318359375,7.246739864349365]},"properties":{"icao":"DNAK","iata":"AKR","name":"Akure Airport","country":"NG","continent":"AF","rank":843,"status":"planned","dailyProxy":20,"capturedFlights":null,"estDaily":20}},{"type":"Feature","geometry":{"type":"Point","coordinates":[5.5995001792907715,6.316979885101318]},"properties":{"icao":"DNBE","iata":"BNI","name":"Benin Airport","country":"NG","continent":"AF","rank":844,"status":"planned","dailyProxy":20,"capturedFlights":null,"estDaily":20}},{"type":"Feature","geometry":{"type":"Point","coordinates":[6.203327,4.95759]},"properties":{"icao":"DNBY","iata":"","name":"Bayelsa International Airport","country":"NG","continent":"AF","rank":845,"status":"planned","dailyProxy":20,"capturedFlights":null,"estDaily":20}},{"type":"Feature","geometry":{"type":"Point","coordinates":[8.347200393676758,4.976019859313965]},"properties":{"icao":"DNCA","iata":"CBQ","name":"Margaret Ekpo International Airport","country":"NG","continent":"AF","rank":846,"status":"planned","dailyProxy":20,"capturedFlights":null,"estDaily":20}},{"type":"Feature","geometry":{"type":"Point","coordinates":[10.9,10.298889]},"properties":{"icao":"DNGO","iata":"GMO","name":"Gombe Lawanti International Airport","country":"NG","continent":"AF","rank":847,"status":"planned","dailyProxy":20,"capturedFlights":null,"estDaily":20}},{"type":"Feature","geometry":{"type":"Point","coordinates":[3.97832989692688,7.362460136413574]},"properties":{"icao":"DNIB","iata":"IBA","name":"Ibadan Airport","country":"NG","continent":"AF","rank":848,"status":"planned","dailyProxy":20,"capturedFlights":null,"estDaily":20}},{"type":"Feature","geometry":{"type":"Point","coordinates":[7.20603,5.42706]},"properties":{"icao":"DNIM","iata":"QOW","name":"Sam Mbakwe International Cargo Airport","country":"NG","continent":"AF","rank":849,"status":"planned","dailyProxy":20,"capturedFlights":null,"estDaily":20}},{"type":"Feature","geometry":{"type":"Point","coordinates":[8.869050025939941,9.639829635620117]},"properties":{"icao":"DNJO","iata":"JOS","name":"Yakubu Gowon Airport","country":"NG","continent":"AF","rank":850,"status":"planned","dailyProxy":20,"capturedFlights":null,"estDaily":20}},{"type":"Feature","geometry":{"type":"Point","coordinates":[7.66045,13.0078]},"properties":{"icao":"DNKT","iata":"DKA","name":"Umaru Musa Yar'adua Airport","country":"NG","continent":"AF","rank":851,"status":"planned","dailyProxy":20,"capturedFlights":null,"estDaily":20}},{"type":"Feature","geometry":{"type":"Point","coordinates":[8.61394,7.70388]},"properties":{"icao":"DNMK","iata":"MDI","name":"Makurdi Airport","country":"NG","continent":"AF","rank":852,"status":"planned","dailyProxy":20,"capturedFlights":null,"estDaily":20}},{"type":"Feature","geometry":{"type":"Point","coordinates":[7.021389,4.846111]},"properties":{"icao":"DNPM","iata":"PHG","name":"Port Harcourt City Airport / Port Harcourt Air Force Base","country":"NG","continent":"AF","rank":853,"status":"planned","dailyProxy":20,"capturedFlights":null,"estDaily":20}},{"type":"Feature","geometry":{"type":"Point","coordinates":[5.8187,5.59821]},"properties":{"icao":"DNSU","iata":"QRW","name":"Warri Airport","country":"NG","continent":"AF","rank":854,"status":"planned","dailyProxy":20,"capturedFlights":null,"estDaily":20}},{"type":"Feature","geometry":{"type":"Point","coordinates":[12.430399894714355,9.257550239562988]},"properties":{"icao":"DNYO","iata":"YOL","name":"Yola Airport","country":"NG","continent":"AF","rank":855,"status":"planned","dailyProxy":20,"capturedFlights":null,"estDaily":20}},{"type":"Feature","geometry":{"type":"Point","coordinates":[8.983759880065918,13.779000282287598]},"properties":{"icao":"DRZR","iata":"ZND","name":"Zinder Airport","country":"NE","continent":"AF","rank":856,"status":"planned","dailyProxy":20,"capturedFlights":null,"estDaily":20}},{"type":"Feature","geometry":{"type":"Point","coordinates":[14.1523,53.8787]},"properties":{"icao":"EDAH","iata":"HDF","name":"Heringsdorf Airport","country":"DE","continent":"EU","rank":857,"status":"planned","dailyProxy":20,"capturedFlights":null,"estDaily":20}},{"type":"Feature","geometry":{"type":"Point","coordinates":[8.34047,54.9132]},"properties":{"icao":"EDXW","iata":"GWT","name":"Westerland Sylt Airport","country":"DE","continent":"EU","rank":861,"status":"planned","dailyProxy":20,"capturedFlights":null,"estDaily":20}},{"type":"Feature","geometry":{"type":"Point","coordinates":[22.830699920654297,58.99079895019531]},"properties":{"icao":"EEKA","iata":"KDL","name":"Kärdla Airport","country":"EE","continent":"EU","rank":862,"status":"planned","dailyProxy":20,"capturedFlights":null,"estDaily":20}},{"type":"Feature","geometry":{"type":"Point","coordinates":[22.50950050354004,58.22990036010742]},"properties":{"icao":"EEKE","iata":"URE","name":"Kuressaare Airport","country":"EE","continent":"EU","rank":863,"status":"planned","dailyProxy":20,"capturedFlights":null,"estDaily":20}},{"type":"Feature","geometry":{"type":"Point","coordinates":[24.47279930114746,58.41899871826172]},"properties":{"icao":"EEPU","iata":"EPU","name":"Pärnu Airport","country":"EE","continent":"EU","rank":864,"status":"planned","dailyProxy":20,"capturedFlights":null,"estDaily":20}},{"type":"Feature","geometry":{"type":"Point","coordinates":[26.686473,58.307438]},"properties":{"icao":"EETU","iata":"TAY","name":"Tartu Airport","country":"EE","continent":"EU","rank":865,"status":"planned","dailyProxy":20,"capturedFlights":null,"estDaily":20}},{"type":"Feature","geometry":{"type":"Point","coordinates":[23.424299240112,68.362602233887]},"properties":{"icao":"EFET","iata":"ENF","name":"Enontekio Airport","country":"FI","continent":"EU","rank":866,"status":"planned","dailyProxy":20,"capturedFlights":null,"estDaily":20}},{"type":"Feature","geometry":{"type":"Point","coordinates":[29.619398,62.658815]},"properties":{"icao":"EFJO","iata":"JOE","name":"Joensuu Airport","country":"FI","continent":"EU","rank":867,"status":"planned","dailyProxy":20,"capturedFlights":null,"estDaily":20}},{"type":"Feature","geometry":{"type":"Point","coordinates":[25.678301,62.399502]},"properties":{"icao":"EFJY","iata":"JYV","name":"Jyväskylä Airport","country":"FI","continent":"EU","rank":868,"status":"planned","dailyProxy":20,"capturedFlights":null,"estDaily":20}},{"type":"Feature","geometry":{"type":"Point","coordinates":[24.582099914551,65.778701782227]},"properties":{"icao":"EFKE","iata":"KEM","name":"Kemi-Tornio Airport","country":"FI","continent":"EU","rank":869,"status":"planned","dailyProxy":20,"capturedFlights":null,"estDaily":20}},{"type":"Feature","geometry":{"type":"Point","coordinates":[27.6924,64.2855]},"properties":{"icao":"EFKI","iata":"KAJ","name":"Kajaani Airport","country":"FI","continent":"EU","rank":870,"status":"planned","dailyProxy":20,"capturedFlights":null,"estDaily":20}},{"type":"Feature","geometry":{"type":"Point","coordinates":[23.143101,63.721199]},"properties":{"icao":"EFKK","iata":"KOK","name":"Kokkola-Pietarsaari Airport","country":"FI","continent":"EU","rank":871,"status":"planned","dailyProxy":20,"capturedFlights":null,"estDaily":20}},{"type":"Feature","geometry":{"type":"Point","coordinates":[29.239401,65.987602]},"properties":{"icao":"EFKS","iata":"KAO","name":"Kuusamo Airport","country":"FI","continent":"EU","rank":872,"status":"planned","dailyProxy":20,"capturedFlights":null,"estDaily":20}},{"type":"Feature","geometry":{"type":"Point","coordinates":[21.799999,61.4617]},"properties":{"icao":"EFPO","iata":"POR","name":"Pori Airport","country":"FI","continent":"EU","rank":873,"status":"planned","dailyProxy":20,"capturedFlights":null,"estDaily":20}},{"type":"Feature","geometry":{"type":"Point","coordinates":[28.945101,61.9431]},"properties":{"icao":"EFSA","iata":"SVL","name":"Savonlinna Airport","country":"FI","continent":"EU","rank":874,"status":"planned","dailyProxy":20,"capturedFlights":null,"estDaily":20}},{"type":"Feature","geometry":{"type":"Point","coordinates":[-2.21472,49.706104]},"properties":{"icao":"EGJA","iata":"ACI","name":"Alderney Airport","country":"GG","continent":"EU","rank":875,"status":"planned","dailyProxy":20,"capturedFlights":null,"estDaily":20}},{"type":"Feature","geometry":{"type":"Point","coordinates":[8.5534,55.525902]},"properties":{"icao":"EKEB","iata":"EBJ","name":"Esbjerg Airport","country":"DK","continent":"EU","rank":876,"status":"planned","dailyProxy":20,"capturedFlights":null,"estDaily":20}},{"type":"Feature","geometry":{"type":"Point","coordinates":[9.104311,56.297139]},"properties":{"icao":"EKKA","iata":"KRP","name":"Midtjyllands Airport / Air Base Karup","country":"DK","continent":"EU","rank":877,"status":"planned","dailyProxy":20,"capturedFlights":null,"estDaily":20}},{"type":"Feature","geometry":{"type":"Point","coordinates":[14.7596,55.063301]},"properties":{"icao":"EKRN","iata":"RNN","name":"Bornholm Airport","country":"DK","continent":"EU","rank":879,"status":"planned","dailyProxy":20,"capturedFlights":null,"estDaily":20}},{"type":"Feature","geometry":{"type":"Point","coordinates":[9.791729927062988,54.96440124511719]},"properties":{"icao":"EKSB","iata":"SGD","name":"Sønderborg Airport","country":"DK","continent":"EU","rank":880,"status":"planned","dailyProxy":20,"capturedFlights":null,"estDaily":20}},{"type":"Feature","geometry":{"type":"Point","coordinates":[16.139379,69.295193]},"properties":{"icao":"ENAN","iata":"ANX","name":"Andøya Airport, Andenes","country":"NO","continent":"EU","rank":881,"status":"planned","dailyProxy":20,"capturedFlights":null,"estDaily":20}},{"type":"Feature","geometry":{"type":"Point","coordinates":[23.3717,69.976097]},"properties":{"icao":"ENAT","iata":"ALF","name":"Alta Airport","country":"NO","continent":"EU","rank":882,"status":"planned","dailyProxy":20,"capturedFlights":null,"estDaily":20}},{"type":"Feature","geometry":{"type":"Point","coordinates":[12.2175,65.461098]},"properties":{"icao":"ENBN","iata":"BNN","name":"Brønnøysund Airport, Brønnøy","country":"NO","continent":"EU","rank":883,"status":"planned","dailyProxy":20,"capturedFlights":null,"estDaily":20}},{"type":"Feature","geometry":{"type":"Point","coordinates":[29.692612,70.60025]},"properties":{"icao":"ENBS","iata":"BJF","name":"Båtsfjord Airport","country":"NO","continent":"EU","rank":884,"status":"planned","dailyProxy":20,"capturedFlights":null,"estDaily":20}},{"type":"Feature","geometry":{"type":"Point","coordinates":[29.034097,70.871517]},"properties":{"icao":"ENBV","iata":"BVG","name":"Berlevåg Airport","country":"NO","continent":"EU","rank":885,"status":"planned","dailyProxy":20,"capturedFlights":null,"estDaily":20}},{"type":"Feature","geometry":{"type":"Point","coordinates":[5.0247201919556,61.583599090576]},"properties":{"icao":"ENFL","iata":"FRO","name":"Florø Airport","country":"NO","continent":"EU","rank":887,"status":"planned","dailyProxy":20,"capturedFlights":null,"estDaily":20}},{"type":"Feature","geometry":{"type":"Point","coordinates":[5.20836,59.345299]},"properties":{"icao":"ENHD","iata":"HAU","name":"Haugesund Airport, Karmøy","country":"NO","continent":"EU","rank":888,"status":"planned","dailyProxy":20,"capturedFlights":null,"estDaily":20}},{"type":"Feature","geometry":{"type":"Point","coordinates":[23.6686,70.679703]},"properties":{"icao":"ENHF","iata":"HFT","name":"Hammerfest Airport","country":"NO","continent":"EU","rank":889,"status":"planned","dailyProxy":20,"capturedFlights":null,"estDaily":20}},{"type":"Feature","geometry":{"type":"Point","coordinates":[25.983601,71.009697]},"properties":{"icao":"ENHV","iata":"HVG","name":"Honningsvåg Airport, Valan","country":"NO","continent":"EU","rank":890,"status":"planned","dailyProxy":20,"capturedFlights":null,"estDaily":20}},{"type":"Feature","geometry":{"type":"Point","coordinates":[7.82452,63.111801]},"properties":{"icao":"ENKB","iata":"KSU","name":"Kristiansund Airport, Kvernberget","country":"NO","continent":"EU","rank":891,"status":"planned","dailyProxy":20,"capturedFlights":null,"estDaily":20}},{"type":"Feature","geometry":{"type":"Point","coordinates":[29.8913,69.7258]},"properties":{"icao":"ENKR","iata":"KKN","name":"Kirkenes Airport, Høybuktmoen","country":"NO","continent":"EU","rank":892,"status":"planned","dailyProxy":20,"capturedFlights":null,"estDaily":20}},{"type":"Feature","geometry":{"type":"Point","coordinates":[13.609399795532,68.152496337891]},"properties":{"icao":"ENLK","iata":"LKN","name":"Leknes Airport","country":"NO","continent":"EU","rank":893,"status":"planned","dailyProxy":20,"capturedFlights":null,"estDaily":20}},{"type":"Feature","geometry":{"type":"Point","coordinates":[27.8267,71.029701]},"properties":{"icao":"ENMH","iata":"MEH","name":"Mehamn Airport","country":"NO","continent":"EU","rank":894,"status":"planned","dailyProxy":20,"capturedFlights":null,"estDaily":20}},{"type":"Feature","geometry":{"type":"Point","coordinates":[7.2625,62.744701]},"properties":{"icao":"ENML","iata":"MOL","name":"Molde Airport, Årø","country":"NO","continent":"EU","rank":895,"status":"planned","dailyProxy":20,"capturedFlights":null,"estDaily":20}},{"type":"Feature","geometry":{"type":"Point","coordinates":[13.2149,65.783997]},"properties":{"icao":"ENMS","iata":"MJF","name":"Mosjøen Airport, Kjærstad","country":"NO","continent":"EU","rank":896,"status":"planned","dailyProxy":20,"capturedFlights":null,"estDaily":20}},{"type":"Feature","geometry":{"type":"Point","coordinates":[24.973499,70.068802]},"properties":{"icao":"ENNA","iata":"LKL","name":"Lakselv Airport, Banak","country":"NO","continent":"EU","rank":897,"status":"planned","dailyProxy":20,"capturedFlights":null,"estDaily":20}},{"type":"Feature","geometry":{"type":"Point","coordinates":[9.604000091552734,63.69889831542969]},"properties":{"icao":"ENOL","iata":"OLA","name":"Ørland Airport","country":"NO","continent":"EU","rank":898,"status":"planned","dailyProxy":20,"capturedFlights":null,"estDaily":20}},{"type":"Feature","geometry":{"type":"Point","coordinates":[6.0741000175476,62.180000305176]},"properties":{"icao":"ENOV","iata":"HOV","name":"Ørsta-Volda Airport, Hovden","country":"NO","continent":"EU","rank":899,"status":"planned","dailyProxy":20,"capturedFlights":null,"estDaily":20}},{"type":"Feature","geometry":{"type":"Point","coordinates":[14.301400184631,66.363899230957]},"properties":{"icao":"ENRA","iata":"MQN","name":"Mo i Rana Airport, Røssvoll","country":"NO","continent":"EU","rank":900,"status":"planned","dailyProxy":20,"capturedFlights":null,"estDaily":20}},{"type":"Feature","geometry":{"type":"Point","coordinates":[11.14610004425,64.838302612305]},"properties":{"icao":"ENRM","iata":"RVK","name":"Rørvik Airport, Ryum","country":"NO","continent":"EU","rank":901,"status":"planned","dailyProxy":20,"capturedFlights":null,"estDaily":20}},{"type":"Feature","geometry":{"type":"Point","coordinates":[11.342300415039,62.578399658203]},"properties":{"icao":"ENRO","iata":"RRS","name":"Røros Airport","country":"NO","continent":"EU","rank":902,"status":"planned","dailyProxy":20,"capturedFlights":null,"estDaily":20}},{"type":"Feature","geometry":{"type":"Point","coordinates":[15.4656,78.246101]},"properties":{"icao":"ENSB","iata":"LYR","name":"Svalbard Airport, Longyear","country":"NO","continent":"EU","rank":903,"status":"planned","dailyProxy":20,"capturedFlights":null,"estDaily":20}},{"type":"Feature","geometry":{"type":"Point","coordinates":[14.6692,68.243301]},"properties":{"icao":"ENSH","iata":"SVJ","name":"Svolvær Airport, Helle","country":"NO","continent":"EU","rank":904,"status":"planned","dailyProxy":20,"capturedFlights":null,"estDaily":20}},{"type":"Feature","geometry":{"type":"Point","coordinates":[15.033417,68.578827]},"properties":{"icao":"ENSK","iata":"SKN","name":"Stokmarknes Airport, Skagen","country":"NO","continent":"EU","rank":905,"status":"planned","dailyProxy":20,"capturedFlights":null,"estDaily":20}},{"type":"Feature","geometry":{"type":"Point","coordinates":[5.34085,59.791901]},"properties":{"icao":"ENSO","iata":"SRP","name":"Stord Airport, Sørstokken","country":"NO","continent":"EU","rank":906,"status":"planned","dailyProxy":20,"capturedFlights":null,"estDaily":20}},{"type":"Feature","geometry":{"type":"Point","coordinates":[20.9594,69.786797]},"properties":{"icao":"ENSR","iata":"SOJ","name":"Sørkjosen Airport","country":"NO","continent":"EU","rank":907,"status":"planned","dailyProxy":20,"capturedFlights":null,"estDaily":20}},{"type":"Feature","geometry":{"type":"Point","coordinates":[31.044901,70.3554]},"properties":{"icao":"ENSS","iata":"VAW","name":"Vardø Airport, Svartnes","country":"NO","continent":"EU","rank":908,"status":"planned","dailyProxy":20,"capturedFlights":null,"estDaily":20}},{"type":"Feature","geometry":{"type":"Point","coordinates":[12.4689,65.956802]},"properties":{"icao":"ENST","iata":"SSJ","name":"Sandnessjøen Airport, Stokka","country":"NO","continent":"EU","rank":909,"status":"planned","dailyProxy":20,"capturedFlights":null,"estDaily":20}},{"type":"Feature","geometry":{"type":"Point","coordinates":[29.8447,70.0653]},"properties":{"icao":"ENVD","iata":"VDS","name":"Vadsø Airport","country":"NO","continent":"EU","rank":910,"status":"planned","dailyProxy":20,"capturedFlights":null,"estDaily":20}},{"type":"Feature","geometry":{"type":"Point","coordinates":[21.214742,51.38937]},"properties":{"icao":"EPRA","iata":"RDO","name":"Warsaw Radom Airport","country":"PL","continent":"EU","rank":912,"status":"planned","dailyProxy":20,"capturedFlights":null,"estDaily":20}},{"type":"Feature","geometry":{"type":"Point","coordinates":[20.9377,53.481899]},"properties":{"icao":"EPSY","iata":"SZY","name":"Olsztyn-Mazury Airport","country":"PL","continent":"EU","rank":913,"status":"planned","dailyProxy":20,"capturedFlights":null,"estDaily":20}},{"type":"Feature","geometry":{"type":"Point","coordinates":[15.265,56.266701]},"properties":{"icao":"ESDF","iata":"RNB","name":"Ronneby Airport","country":"SE","continent":"EU","rank":915,"status":"planned","dailyProxy":20,"capturedFlights":null,"estDaily":20}},{"type":"Feature","geometry":{"type":"Point","coordinates":[14.068699836730957,57.757598876953125]},"properties":{"icao":"ESGJ","iata":"JKG","name":"Jönköping Airport","country":"SE","continent":"EU","rank":916,"status":"planned","dailyProxy":20,"capturedFlights":null,"estDaily":20}},{"type":"Feature","geometry":{"type":"Point","coordinates":[12.345000267028809,58.31809997558594]},"properties":{"icao":"ESGT","iata":"THN","name":"Trollhättan-Vänersborg Airport","country":"SE","continent":"EU","rank":917,"status":"planned","dailyProxy":20,"capturedFlights":null,"estDaily":20}},{"type":"Feature","geometry":{"type":"Point","coordinates":[14.5114,60.957901]},"properties":{"icao":"ESKM","iata":"MXX","name":"Mora Airport","country":"SE","continent":"EU","rank":918,"status":"planned","dailyProxy":20,"capturedFlights":null,"estDaily":20}},{"type":"Feature","geometry":{"type":"Point","coordinates":[16.2876,56.685501]},"properties":{"icao":"ESMQ","iata":"KLR","name":"Kalmar Airport","country":"SE","continent":"EU","rank":919,"status":"planned","dailyProxy":20,"capturedFlights":null,"estDaily":20}},{"type":"Feature","geometry":{"type":"Point","coordinates":[12.820199966430664,56.69110107421875]},"properties":{"icao":"ESMT","iata":"HAD","name":"Halmstad Airport","country":"SE","continent":"EU","rank":920,"status":"planned","dailyProxy":20,"capturedFlights":null,"estDaily":20}},{"type":"Feature","geometry":{"type":"Point","coordinates":[20.814599990844727,67.13240051269531]},"properties":{"icao":"ESNG","iata":"GEV","name":"Gällivare Airport","country":"SE","continent":"EU","rank":922,"status":"planned","dailyProxy":20,"capturedFlights":null,"estDaily":20}},{"type":"Feature","geometry":{"type":"Point","coordinates":[17.7689,63.048599]},"properties":{"icao":"ESNK","iata":"KRF","name":"Kramfors-Sollefteå Höga Kusten Airport","country":"SE","continent":"EU","rank":923,"status":"planned","dailyProxy":20,"capturedFlights":null,"estDaily":20}},{"type":"Feature","geometry":{"type":"Point","coordinates":[18.7162,64.548302]},"properties":{"icao":"ESNL","iata":"LYC","name":"Lycksele Airport","country":"SE","continent":"EU","rank":924,"status":"planned","dailyProxy":20,"capturedFlights":null,"estDaily":20}},{"type":"Feature","geometry":{"type":"Point","coordinates":[17.443899154663086,62.528099060058594]},"properties":{"icao":"ESNN","iata":"SDL","name":"Sundsvall-Härnösand Airport","country":"SE","continent":"EU","rank":925,"status":"planned","dailyProxy":20,"capturedFlights":null,"estDaily":20}},{"type":"Feature","geometry":{"type":"Point","coordinates":[18.989999771118164,63.40829849243164]},"properties":{"icao":"ESNO","iata":"OER","name":"Örnsköldsvik Airport","country":"SE","continent":"EU","rank":926,"status":"planned","dailyProxy":20,"capturedFlights":null,"estDaily":20}},{"type":"Feature","geometry":{"type":"Point","coordinates":[21.076900482177734,64.62480163574219]},"properties":{"icao":"ESNS","iata":"SFT","name":"Skellefteå Airport","country":"SE","continent":"EU","rank":927,"status":"planned","dailyProxy":20,"capturedFlights":null,"estDaily":20}},{"type":"Feature","geometry":{"type":"Point","coordinates":[16.833599,64.579102]},"properties":{"icao":"ESNV","iata":"VHM","name":"Vilhelmina South Lapland Airport","country":"SE","continent":"EU","rank":928,"status":"planned","dailyProxy":20,"capturedFlights":null,"estDaily":20}},{"type":"Feature","geometry":{"type":"Point","coordinates":[15.038000106811523,59.22370147705078]},"properties":{"icao":"ESOE","iata":"ORB","name":"Örebro Airport","country":"SE","continent":"EU","rank":931,"status":"planned","dailyProxy":20,"capturedFlights":null,"estDaily":20}},{"type":"Feature","geometry":{"type":"Point","coordinates":[13.3374,59.444698]},"properties":{"icao":"ESOK","iata":"KSD","name":"Karlstad Airport","country":"SE","continent":"EU","rank":932,"status":"planned","dailyProxy":20,"capturedFlights":null,"estDaily":20}},{"type":"Feature","geometry":{"type":"Point","coordinates":[15.5152,60.422001]},"properties":{"icao":"ESSD","iata":"BLE","name":"Dala Airport","country":"SE","continent":"EU","rank":934,"status":"planned","dailyProxy":20,"capturedFlights":null,"estDaily":20}},{"type":"Feature","geometry":{"type":"Point","coordinates":[16.250600814819336,58.586299896240234]},"properties":{"icao":"ESSP","iata":"NRK","name":"Norrköping Airport","country":"SE","continent":"EU","rank":935,"status":"planned","dailyProxy":20,"capturedFlights":null,"estDaily":20}},{"type":"Feature","geometry":{"type":"Point","coordinates":[12.9913,60.1576]},"properties":{"icao":"ESST","iata":"TYF","name":"Torsby Airport","country":"SE","continent":"EU","rank":936,"status":"planned","dailyProxy":20,"capturedFlights":null,"estDaily":20}},{"type":"Feature","geometry":{"type":"Point","coordinates":[12.847100257873535,56.29610061645508]},"properties":{"icao":"ESTA","iata":"AGH","name":"Ängelholm-Helsingborg Airport","country":"SE","continent":"EU","rank":937,"status":"planned","dailyProxy":20,"capturedFlights":null,"estDaily":20}},{"type":"Feature","geometry":{"type":"Point","coordinates":[8.659201,53.767689]},"properties":{"icao":"ETMN","iata":"FCN","name":"Sea-Airport Cuxhaven/Nordholz / Nordholz Naval Airbase","country":"DE","continent":"EU","rank":938,"status":"planned","dailyProxy":20,"capturedFlights":null,"estDaily":20}},{"type":"Feature","geometry":{"type":"Point","coordinates":[12.2783,53.918201]},"properties":{"icao":"ETNL","iata":"RLG","name":"Rostock-Laage Airport","country":"DE","continent":"EU","rank":939,"status":"planned","dailyProxy":20,"capturedFlights":null,"estDaily":20}},{"type":"Feature","geometry":{"type":"Point","coordinates":[-12.114796,-46.181902]},"properties":{"icao":"FAHS","iata":"HDS","name":"Eastgate Airport / Air Force Base Hoedspruit","country":"ZA","continent":"AF","rank":940,"status":"planned","dailyProxy":20,"capturedFlights":null,"estDaily":20}},{"type":"Feature","geometry":{"type":"Point","coordinates":[30.343000412,-30.8574008942]},"properties":{"icao":"FAMG","iata":"MGH","name":"Margate Airport","country":"ZA","continent":"AF","rank":941,"status":"planned","dailyProxy":20,"capturedFlights":null,"estDaily":20}},{"type":"Feature","geometry":{"type":"Point","coordinates":[25.548000335699996,-25.798400878900004]},"properties":{"icao":"FAMM","iata":"MBD","name":"Mmabatho International Airport","country":"ZA","continent":"AF","rank":942,"status":"planned","dailyProxy":20,"capturedFlights":null,"estDaily":20}},{"type":"Feature","geometry":{"type":"Point","coordinates":[32.0443,-27.626101]},"properties":{"icao":"FAMU","iata":"MZQ","name":"Mkuze Airport","country":"ZA","continent":"AF","rank":943,"status":"planned","dailyProxy":20,"capturedFlights":null,"estDaily":20}},{"type":"Feature","geometry":{"type":"Point","coordinates":[31.1553993225,-23.937200546299998]},"properties":{"icao":"FAPH","iata":"PHW","name":"Hendrik Van Eck Airport","country":"ZA","continent":"AF","rank":944,"status":"planned","dailyProxy":20,"capturedFlights":null,"estDaily":20}},{"type":"Feature","geometry":{"type":"Point","coordinates":[29.4844,-23.9261]},"properties":{"icao":"FAPI","iata":"","name":"Pietersburg Municipal Airport","country":"ZA","continent":"AF","rank":945,"status":"planned","dailyProxy":20,"capturedFlights":null,"estDaily":20}},{"type":"Feature","geometry":{"type":"Point","coordinates":[30.3987007141,-29.649000167799997]},"properties":{"icao":"FAPM","iata":"PZB","name":"Pietermaritzburg Airport","country":"ZA","continent":"AF","rank":946,"status":"planned","dailyProxy":20,"capturedFlights":null,"estDaily":20}},{"type":"Feature","geometry":{"type":"Point","coordinates":[32.0920982361,-28.740999221800003]},"properties":{"icao":"FARB","iata":"RCB","name":"Richards Bay Airport","country":"ZA","continent":"AF","rank":947,"status":"planned","dailyProxy":20,"capturedFlights":null,"estDaily":20}},{"type":"Feature","geometry":{"type":"Point","coordinates":[22.9993,-27.6486]},"properties":{"icao":"FASS","iata":"SIS","name":"Sishen Airport","country":"ZA","continent":"AF","rank":948,"status":"planned","dailyProxy":20,"capturedFlights":null,"estDaily":20}},{"type":"Feature","geometry":{"type":"Point","coordinates":[31.588587,-24.96085]},"properties":{"icao":"FASZ","iata":"SZK","name":"Skukuza Airport","country":"ZA","continent":"AF","rank":949,"status":"planned","dailyProxy":20,"capturedFlights":null,"estDaily":20}},{"type":"Feature","geometry":{"type":"Point","coordinates":[21.263592,-28.400246]},"properties":{"icao":"FAUP","iata":"UTN","name":"Upington Airport","country":"ZA","continent":"AF","rank":950,"status":"planned","dailyProxy":20,"capturedFlights":null,"estDaily":20}},{"type":"Feature","geometry":{"type":"Point","coordinates":[28.6733551025,-31.546363184900002]},"properties":{"icao":"FAUT","iata":"UTT","name":"K. D. Matanzima Airport","country":"ZA","continent":"AF","rank":951,"status":"planned","dailyProxy":20,"capturedFlights":null,"estDaily":20}},{"type":"Feature","geometry":{"type":"Point","coordinates":[-14.392744,-7.970179]},"properties":{"icao":"FHAW","iata":"ASI","name":"RAF Ascension Island","country":"SH","continent":"AF","rank":952,"status":"planned","dailyProxy":20,"capturedFlights":null,"estDaily":20}},{"type":"Feature","geometry":{"type":"Point","coordinates":[-5.646066,-15.958898]},"properties":{"icao":"FHSH","iata":"HLE","name":"Saint Helena International Airport","country":"SH","continent":"AF","rank":953,"status":"planned","dailyProxy":20,"capturedFlights":null,"estDaily":20}},{"type":"Feature","geometry":{"type":"Point","coordinates":[63.359326,-19.756696]},"properties":{"icao":"FIMR","iata":"RRG","name":"Sir Charles Gaetan Duval Airport","country":"MU","continent":"AF","rank":954,"status":"planned","dailyProxy":20,"capturedFlights":null,"estDaily":20}},{"type":"Feature","geometry":{"type":"Point","coordinates":[14.257399559020996,10.451399803161621]},"properties":{"icao":"FKKL","iata":"MVR","name":"Salak Airport","country":"CM","continent":"AF","rank":955,"status":"planned","dailyProxy":20,"capturedFlights":null,"estDaily":20}},{"type":"Feature","geometry":{"type":"Point","coordinates":[13.559200286865234,7.3570098876953125]},"properties":{"icao":"FKKN","iata":"NGE","name":"N'Gaoundéré Airport","country":"CM","continent":"AF","rank":956,"status":"planned","dailyProxy":20,"capturedFlights":null,"estDaily":20}},{"type":"Feature","geometry":{"type":"Point","coordinates":[28.663889,-12.997222]},"properties":{"icao":"FLND","iata":"","name":"Peter Zuze Air Force Base","country":"ZM","continent":"AF","rank":957,"status":"planned","dailyProxy":20,"capturedFlights":null,"estDaily":20}},{"type":"Feature","geometry":{"type":"Point","coordinates":[44.430044,-12.131047]},"properties":{"icao":"FMCV","iata":"AJN","name":"Ouani Airport","country":"KM","continent":"AF","rank":958,"status":"planned","dailyProxy":20,"capturedFlights":null,"estDaily":20}},{"type":"Feature","geometry":{"type":"Point","coordinates":[49.8158,-17.093901]},"properties":{"icao":"FMMS","iata":"SMS","name":"Sainte Marie Airport","country":"MG","continent":"AF","rank":959,"status":"planned","dailyProxy":20,"capturedFlights":null,"estDaily":20}},{"type":"Feature","geometry":{"type":"Point","coordinates":[44.3176,-20.2847]},"properties":{"icao":"FMMV","iata":"MOQ","name":"Morondava Airport","country":"MG","continent":"AF","rank":960,"status":"planned","dailyProxy":20,"capturedFlights":null,"estDaily":20}},{"type":"Feature","geometry":{"type":"Point","coordinates":[49.291698,-12.3494]},"properties":{"icao":"FMNA","iata":"DIE","name":"Arrachart Airport","country":"MG","continent":"AF","rank":961,"status":"planned","dailyProxy":20,"capturedFlights":null,"estDaily":20}},{"type":"Feature","geometry":{"type":"Point","coordinates":[44.482484,-16.74453]},"properties":{"icao":"FMNQ","iata":"BPY","name":"Besalampy Airport","country":"MG","continent":"AF","rank":963,"status":"planned","dailyProxy":20,"capturedFlights":null,"estDaily":20}},{"type":"Feature","geometry":{"type":"Point","coordinates":[49.689081,-15.437742]},"properties":{"icao":"FMNR","iata":"WMN","name":"Maroantsetra Airport","country":"MG","continent":"AF","rank":964,"status":"planned","dailyProxy":20,"capturedFlights":null,"estDaily":20}},{"type":"Feature","geometry":{"type":"Point","coordinates":[50.174702,-14.2786]},"properties":{"icao":"FMNS","iata":"SVB","name":"Sambava Airport","country":"MG","continent":"AF","rank":965,"status":"planned","dailyProxy":20,"capturedFlights":null,"estDaily":20}},{"type":"Feature","geometry":{"type":"Point","coordinates":[46.9561,-25.038099]},"properties":{"icao":"FMSD","iata":"FTU","name":"Tôlanaro Airport","country":"MG","continent":"AF","rank":966,"status":"planned","dailyProxy":20,"capturedFlights":null,"estDaily":20}},{"type":"Feature","geometry":{"type":"Point","coordinates":[48.358299,-21.201799]},"properties":{"icao":"FMSM","iata":"MNJ","name":"Mananjary Airport","country":"MG","continent":"AF","rank":967,"status":"planned","dailyProxy":20,"capturedFlights":null,"estDaily":20}},{"type":"Feature","geometry":{"type":"Point","coordinates":[43.7285,-23.3834]},"properties":{"icao":"FMST","iata":"TLE","name":"Toliara Airport","country":"MG","continent":"AF","rank":968,"status":"planned","dailyProxy":20,"capturedFlights":null,"estDaily":20}},{"type":"Feature","geometry":{"type":"Point","coordinates":[14.246999740600586,-6.269899845123291]},"properties":{"icao":"FNBC","iata":"SSY","name":"Mbanza Congo Airport","country":"AO","continent":"AF","rank":969,"status":"planned","dailyProxy":20,"capturedFlights":null,"estDaily":20}},{"type":"Feature","geometry":{"type":"Point","coordinates":[12.188145,-5.59839]},"properties":{"icao":"FNCA","iata":"CAB","name":"Cabinda Airport","country":"AO","continent":"AF","rank":970,"status":"planned","dailyProxy":20,"capturedFlights":null,"estDaily":20}},{"type":"Feature","geometry":{"type":"Point","coordinates":[13.4869,-12.4792]},"properties":{"icao":"FNCT","iata":"CBT","name":"Catumbela Airport","country":"AO","continent":"AF","rank":971,"status":"planned","dailyProxy":20,"capturedFlights":null,"estDaily":20}},{"type":"Feature","geometry":{"type":"Point","coordinates":[20.818500518798828,-7.400889873504639]},"properties":{"icao":"FNDU","iata":"DUE","name":"Dundo Airport","country":"AO","continent":"AF","rank":972,"status":"planned","dailyProxy":20,"capturedFlights":null,"estDaily":20}},{"type":"Feature","geometry":{"type":"Point","coordinates":[15.683799743700002,-17.0435009003]},"properties":{"icao":"FNGI","iata":"VPE","name":"Ngjiva Pereira Airport","country":"AO","continent":"AF","rank":973,"status":"planned","dailyProxy":20,"capturedFlights":null,"estDaily":20}},{"type":"Feature","geometry":{"type":"Point","coordinates":[15.7605,-12.8089]},"properties":{"icao":"FNHU","iata":"NOV","name":"Albano Machado Airport","country":"AO","continent":"AF","rank":974,"status":"planned","dailyProxy":20,"capturedFlights":null,"estDaily":20}},{"type":"Feature","geometry":{"type":"Point","coordinates":[16.312400817871094,-9.525090217590332]},"properties":{"icao":"FNMA","iata":"MEG","name":"Malanje Airport","country":"AO","continent":"AF","rank":975,"status":"planned","dailyProxy":20,"capturedFlights":null,"estDaily":20}},{"type":"Feature","geometry":{"type":"Point","coordinates":[17.71980094909668,-14.657600402832031]},"properties":{"icao":"FNME","iata":"SPP","name":"Menongue Airport","country":"AO","continent":"AF","rank":976,"status":"planned","dailyProxy":20,"capturedFlights":null,"estDaily":20}},{"type":"Feature","geometry":{"type":"Point","coordinates":[12.1468,-15.2612]},"properties":{"icao":"FNMO","iata":"MSZ","name":"Welwitschia Mirabilis International Airport","country":"AO","continent":"AF","rank":977,"status":"planned","dailyProxy":20,"capturedFlights":null,"estDaily":20}},{"type":"Feature","geometry":{"type":"Point","coordinates":[15.287699699401855,-7.754509925842285]},"properties":{"icao":"FNNG","iata":"GXG","name":"Negage Airport","country":"AO","continent":"AF","rank":978,"status":"planned","dailyProxy":20,"capturedFlights":null,"estDaily":20}},{"type":"Feature","geometry":{"type":"Point","coordinates":[12.371800422668457,-6.141089916229248]},"properties":{"icao":"FNSO","iata":"SZA","name":"Soyo Airport","country":"AO","continent":"AF","rank":979,"status":"planned","dailyProxy":20,"capturedFlights":null,"estDaily":20}},{"type":"Feature","geometry":{"type":"Point","coordinates":[13.576653,-14.924839]},"properties":{"icao":"FNUB","iata":"SDD","name":"Lubango Mukanka International Airport","country":"AO","continent":"AF","rank":980,"status":"planned","dailyProxy":20,"capturedFlights":null,"estDaily":20}},{"type":"Feature","geometry":{"type":"Point","coordinates":[11.581399917602539,1.5431100130081177]},"properties":{"icao":"FOGO","iata":"OYE","name":"Oyem Airport","country":"GA","continent":"AF","rank":981,"status":"planned","dailyProxy":20,"capturedFlights":null,"estDaily":20}},{"type":"Feature","geometry":{"type":"Point","coordinates":[12.890899658203125,0.5792109966278076]},"properties":{"icao":"FOOK","iata":"MKU","name":"Makokou Airport","country":"GA","continent":"AF","rank":982,"status":"planned","dailyProxy":20,"capturedFlights":null,"estDaily":20}},{"type":"Feature","geometry":{"type":"Point","coordinates":[7.411081,1.661155]},"properties":{"icao":"FPPR","iata":"PCP","name":"Principe Airport","country":"ST","continent":"AF","rank":983,"status":"planned","dailyProxy":20,"capturedFlights":null,"estDaily":20}},{"type":"Feature","geometry":{"type":"Point","coordinates":[33.42900085449219,-19.15130043029785]},"properties":{"icao":"FQCH","iata":"VPY","name":"Chimoio Airport","country":"MZ","continent":"AF","rank":984,"status":"planned","dailyProxy":20,"capturedFlights":null,"estDaily":20}},{"type":"Feature","geometry":{"type":"Point","coordinates":[35.408501,-23.8764]},"properties":{"icao":"FQIN","iata":"INH","name":"Inhambane Airport","country":"MZ","continent":"AF","rank":985,"status":"planned","dailyProxy":20,"capturedFlights":null,"estDaily":20}},{"type":"Feature","geometry":{"type":"Point","coordinates":[35.2663,-13.274]},"properties":{"icao":"FQLC","iata":"VXC","name":"Lichinga Airport","country":"MZ","continent":"AF","rank":986,"status":"planned","dailyProxy":20,"capturedFlights":null,"estDaily":20}},{"type":"Feature","geometry":{"type":"Point","coordinates":[40.7122,-14.4882]},"properties":{"icao":"FQNC","iata":"MNC","name":"Nacala International Airport","country":"MZ","continent":"AF","rank":987,"status":"planned","dailyProxy":20,"capturedFlights":null,"estDaily":20}},{"type":"Feature","geometry":{"type":"Point","coordinates":[40.524867,-12.993302]},"properties":{"icao":"FQPB","iata":"POL","name":"Pemba Airport","country":"MZ","continent":"AF","rank":988,"status":"planned","dailyProxy":20,"capturedFlights":null,"estDaily":20}},{"type":"Feature","geometry":{"type":"Point","coordinates":[36.86909866333008,-17.855499267578125]},"properties":{"icao":"FQQL","iata":"UEL","name":"Quelimane Airport","country":"MZ","continent":"AF","rank":989,"status":"planned","dailyProxy":20,"capturedFlights":null,"estDaily":20}},{"type":"Feature","geometry":{"type":"Point","coordinates":[35.31330108642578,-22.018400192260742]},"properties":{"icao":"FQVL","iata":"VNX","name":"Vilankulo Airport","country":"MZ","continent":"AF","rank":990,"status":"planned","dailyProxy":20,"capturedFlights":null,"estDaily":20}},{"type":"Feature","geometry":{"type":"Point","coordinates":[55.691561,-4.319256]},"properties":{"icao":"FSPP","iata":"PRI","name":"Praslin Island Airport","country":"SC","continent":"AF","rank":991,"status":"planned","dailyProxy":20,"capturedFlights":null,"estDaily":20}},{"type":"Feature","geometry":{"type":"Point","coordinates":[20.844299,13.847]},"properties":{"icao":"FTTC","iata":"AEH","name":"Abeche Airport","country":"TD","continent":"AF","rank":992,"status":"planned","dailyProxy":20,"capturedFlights":null,"estDaily":20}},{"type":"Feature","geometry":{"type":"Point","coordinates":[28.885,-16.5198]},"properties":{"icao":"FVKB","iata":"KAB","name":"Kariba Airport","country":"ZW","continent":"AF","rank":993,"status":"planned","dailyProxy":20,"capturedFlights":null,"estDaily":20}},{"type":"Feature","geometry":{"type":"Point","coordinates":[24.176688,-17.634258]},"properties":{"icao":"FYKM","iata":"MPA","name":"Katima Mulilo Airport","country":"NA","continent":"AF","rank":994,"status":"planned","dailyProxy":20,"capturedFlights":null,"estDaily":20}},{"type":"Feature","geometry":{"type":"Point","coordinates":[15.242899894714355,-26.687400817871094]},"properties":{"icao":"FYLZ","iata":"LUD","name":"Luderitz Airport","country":"NA","continent":"AF","rank":995,"status":"planned","dailyProxy":20,"capturedFlights":null,"estDaily":20}},{"type":"Feature","geometry":{"type":"Point","coordinates":[15.9526,-17.878201]},"properties":{"icao":"FYOA","iata":"OND","name":"Ondangwa Airport","country":"NA","continent":"AF","rank":996,"status":"planned","dailyProxy":20,"capturedFlights":null,"estDaily":20}},{"type":"Feature","geometry":{"type":"Point","coordinates":[16.44638,-28.585318]},"properties":{"icao":"FYOG","iata":"OMD","name":"Oranjemund Airport","country":"NA","continent":"AF","rank":997,"status":"planned","dailyProxy":20,"capturedFlights":null,"estDaily":20}},{"type":"Feature","geometry":{"type":"Point","coordinates":[19.7194,-17.956499]},"properties":{"icao":"FYRU","iata":"NDU","name":"Rundu Airport","country":"NA","continent":"AF","rank":998,"status":"planned","dailyProxy":20,"capturedFlights":null,"estDaily":20}},{"type":"Feature","geometry":{"type":"Point","coordinates":[14.35879,-20.54424]},"properties":{"icao":"FYTF","iata":"","name":"Twyfelfontein Airport","country":"NA","continent":"AF","rank":999,"status":"planned","dailyProxy":20,"capturedFlights":null,"estDaily":20}},{"type":"Feature","geometry":{"type":"Point","coordinates":[17.079002,-22.60492]},"properties":{"icao":"FYWE","iata":"ERS","name":"Eros Airport","country":"NA","continent":"AF","rank":1000,"status":"planned","dailyProxy":20,"capturedFlights":null,"estDaily":20}}]}