{"type": "FeatureCollection", "features": [{"type": "Feature", "properties": {"name": "臺東豐年機場", "name_en": "Taitung Airport", "icao": "RCFN", "iata": "TTT"}, "geometry": {"type": "Polygon", "coordinates": [[[121.0902094, 22.7475502], [121.0915483, 22.747694], [121.0933385, 22.7478789], [121.0935304, 22.7479265], [121.0939849, 22.7484296], [121.0958252, 22.7505478], [121.0974444, 22.7523907], [121.0993081, 22.7545103], [121.1007267, 22.7561343], [121.1008, 22.756278], [121.1008407, 22.7564422], [121.1008111, 22.7568488], [121.1007322, 22.7576969], [121.1007273, 22.7578303], [121.1007555, 22.7579448], [121.1008717, 22.7581425], [121.1014998, 22.758796], [121.1023163, 22.7597832], [121.1023634, 22.7598406], [121.1026797, 22.7602257], [121.1030254, 22.7607205], [121.1033271, 22.7613104], [121.1037318, 22.7618218], [121.1043353, 22.762584], [121.1045157, 22.7628046], [121.1056477, 22.7642498], [121.10644, 22.7652344], [121.1081418, 22.7672937], [121.108239, 22.7673753], [121.1085303, 22.767062], [121.1091859, 22.7662636], [121.1097664, 22.7658265], [121.1102802, 22.7653722], [121.1111327, 22.7647509], [121.1106476, 22.7641846], [121.109215, 22.762465], [121.1090877, 22.7624312], [121.1085442, 22.7616556], [121.1085426, 22.7597401], [121.1085325, 22.7588214], [121.1085572, 22.7576754], [121.1085753, 22.7573836], [121.1085794, 22.7569398], [121.1085352, 22.7564728], [121.1086447, 22.756384], [121.1086819, 22.7562769], [121.1086797, 22.7561684], [121.1086475, 22.7561021], [121.1086938, 22.7559502], [121.1088023, 22.7557832], [121.1089008, 22.7556701], [121.1090264, 22.7555593], [121.109644, 22.7551458], [121.1094393, 22.754801], [121.1089018, 22.7550856], [121.1087157, 22.7551004], [121.108563, 22.7549326], [121.1084739, 22.7547785], [121.1081362, 22.7548298], [121.1080041, 22.7549854], [121.1074225, 22.7552631], [121.1064396, 22.7552318], [121.1050892, 22.7552894], [121.1046427, 22.7553644], [121.1042515, 22.7554952], [121.1032647, 22.755795], [121.1016748, 22.753994], [121.1003536, 22.7524858], [121.0990423, 22.7509534], [121.0976114, 22.749321], [121.095944, 22.7474118], [121.094574, 22.7458046], [121.0937527, 22.744837], [121.0930187, 22.7440289], [121.0925225, 22.7443924], [121.0916233, 22.745059], [121.0913092, 22.7450583], [121.0903168, 22.7449564], [121.0902918, 22.7449708], [121.0902741, 22.7449941], [121.0902423, 22.7453946], [121.0901297, 22.7469575], [121.0900967, 22.7474386], [121.0901042, 22.7474835], [121.090121, 22.7475211], [121.0901625, 22.7475418], [121.0902094, 22.7475502]]]}}, {"type": "Feature", "properties": {"name": "蘭嶼機場 Seyseykedan No Sikoki No Irala", "name_en": "Lanyu Airport", "icao": "RCLY", "iata": "KYD"}, "geometry": {"type": "Polygon", "coordinates": [[[121.5294307, 22.0325004], [121.5290482, 22.0320775], [121.531503, 22.0301381], [121.531544, 22.0301755], [121.5328876, 22.0290946], [121.5341401, 22.0280327], [121.5344379, 22.027752], [121.5344842, 22.0275913], [121.534442, 22.0274857], [121.5348187, 22.027192], [121.5349537, 22.0273411], [121.5350955, 22.0271928], [121.5353238, 22.0270854], [121.5356544, 22.0267103], [121.5360213, 22.0266145], [121.5379356, 22.025092], [121.5377281, 22.0248971], [121.5378376, 22.024815], [121.5379705, 22.0249583], [121.5381539, 22.0248646], [121.5382331, 22.0247281], [121.5383138, 22.0247971], [121.5385589, 22.0250038], [121.5386703, 22.0250342], [121.538853, 22.0250228], [121.5388467, 22.025093], [121.5372207, 22.0263709], [121.5371698, 22.0264595], [121.5370834, 22.0267395], [121.537059, 22.026842], [121.5369819, 22.0270346], [121.536893, 22.0271665], [121.5367791, 22.0272846], [121.5361306, 22.0277944], [121.5357881, 22.0280675], [121.5356503, 22.028092], [121.5355248, 22.0281164], [121.53521, 22.0280699], [121.5349179, 22.0281467], [121.5348591, 22.0281137], [121.5343372, 22.0284987], [121.5337993, 22.0289356], [121.5331531, 22.0294806], [121.5322357, 22.0302038], [121.5320174, 22.0305762], [121.5319854, 22.0305638], [121.5319269, 22.030635], [121.5317383, 22.0308048], [121.5315335, 22.0310071], [121.531393, 22.0312114], [121.5310882, 22.0311951], [121.5294307, 22.0325004]]]}}, {"type": "Feature", "properties": {"name": "嘉義水上機場", "name_en": "Chiayi Airport", "icao": "RCKU", "iata": "CYI"}, "geometry": {"type": "Polygon", "coordinates": [[[120.3974937, 23.466721], [120.3974804, 23.4668365], [120.3992068, 23.4671335], [120.3997331, 23.4672337], [120.4000207, 23.4674294], [120.4002319, 23.4676877], [120.400412, 23.4680594], [120.4004959, 23.4680979], [120.4006333, 23.4681959], [120.4008431, 23.4684829], [120.4010148, 23.4686543], [120.4011025, 23.4687663], [120.4012932, 23.4690848], [120.4014649, 23.4692772], [120.4016175, 23.4694277], [120.4019838, 23.4696377], [120.4021287, 23.4697951], [120.4021936, 23.4699736], [120.4023118, 23.470215], [120.402411, 23.470334], [120.4028574, 23.470565], [120.4029184, 23.4706455], [120.4029451, 23.4711074], [120.4029795, 23.4712858], [120.4030138, 23.4713488], [120.403174, 23.4714853], [120.4033495, 23.4716043], [120.4033991, 23.4718282], [120.4034334, 23.4721012], [120.4033991, 23.4721992], [120.4033877, 23.4723391], [120.403464, 23.472885], [120.4034601, 23.4735324], [120.4034067, 23.4739908], [120.4033533, 23.4741028], [120.4031664, 23.4742322], [120.4030596, 23.4743827], [120.4029108, 23.4745682], [120.4027925, 23.4746521], [120.4026666, 23.4747011], [120.4024873, 23.4747256], [120.4020524, 23.4747711], [120.4017663, 23.4750161], [120.4016023, 23.475226], [120.4014764, 23.475345], [120.4012704, 23.4754815], [120.4011178, 23.4755339], [120.4008126, 23.4756144], [120.4006485, 23.4756319], [120.4002975, 23.4756634], [120.4000457, 23.4756074], [120.3996871, 23.4756074], [120.3993667, 23.4756739], [120.3993285, 23.4756529], [120.3991721, 23.4756074], [120.3986151, 23.4757194], [120.3984549, 23.4757544], [120.3984282, 23.4757999], [120.3984664, 23.4760903], [120.3985007, 23.4762128], [120.3984168, 23.4763912], [120.3983481, 23.4765102], [120.3983939, 23.4766222], [120.3983901, 23.4767167], [120.3983176, 23.4768776], [120.3982985, 23.4770176], [120.3981573, 23.4772485], [120.3980391, 23.4774865], [120.3981535, 23.4777069], [120.3982146, 23.4778959], [120.398287, 23.4780918], [120.3981993, 23.4782878], [120.3980925, 23.4784103], [120.3979399, 23.4785677], [120.3978025, 23.4786832], [120.3976156, 23.4787287], [120.3974897, 23.4786972], [120.3974287, 23.4785327], [120.3972913, 23.4782528], [120.3971807, 23.4779799], [120.3971197, 23.4779379], [120.3967839, 23.4780079], [120.3965856, 23.4780429], [120.3963719, 23.4780289], [120.3961201, 23.4779484], [120.3959027, 23.4778889], [120.3956166, 23.4778504], [120.3954487, 23.4777804], [120.3952809, 23.4777524], [120.3951244, 23.4777734], [120.3949795, 23.4778679], [120.3946323, 23.4778644], [120.3944263, 23.4778504], [120.3943424, 23.4777489], [120.3940067, 23.4778889], [120.3939227, 23.4778714], [120.3935641, 23.4777979], [120.393423, 23.4777979], [120.3929881, 23.4780219], [120.3924578, 23.4782738], [120.3920763, 23.4783928], [120.3918626, 23.4785607], [120.3917291, 23.4788651], [120.3911836, 23.4787112], [120.3911607, 23.4787847], [120.3911378, 23.479586], [120.391092, 23.4797714], [120.3909051, 23.4798274], [120.3907906, 23.4798764], [120.3908097, 23.4800163], [120.3908746, 23.4802368], [120.3907639, 23.4803698], [120.3905312, 23.4804432], [120.3903023, 23.4805202], [120.3900963, 23.4805237], [120.3900429, 23.4802788], [120.3900925, 23.4800968], [120.3900124, 23.4800094], [120.3897644, 23.4800233], [120.389753, 23.4798519], [120.3897301, 23.4798204], [120.3896194, 23.4798309], [120.3893524, 23.4798904], [120.3892494, 23.4798834], [120.3891082, 23.4797574], [120.3890434, 23.4795335], [120.38899, 23.479271], [120.3889976, 23.4789666], [120.3890205, 23.4782668], [120.3890554, 23.4780727], [120.3890695, 23.4779762], [120.3891006, 23.4773395], [120.3891426, 23.4770211], [120.3891807, 23.4754045], [120.3890815, 23.475394], [120.389079, 23.4753522], [120.3890739, 23.4752645], [120.3889966, 23.4749335], [120.3886649, 23.4746795], [120.3884585, 23.4744774], [120.3881688, 23.4742138], [120.3881677, 23.474052], [120.3881762, 23.4738717], [120.3880846, 23.4735409], [120.3879988, 23.473313], [120.3877577, 23.473144], [120.3877654, 23.4726821], [120.3877844, 23.4723776], [120.3872656, 23.4722412], [120.3870749, 23.4722621], [120.3867048, 23.4724266], [120.3862165, 23.4728185], [120.3860219, 23.4728675], [120.3857244, 23.4728885], [120.3856137, 23.472885], [120.3853848, 23.4728325], [120.3850682, 23.4728045], [120.3848431, 23.4727101], [120.3846676, 23.4725666], [120.3845341, 23.4724756], [120.384412, 23.4722656], [120.3843548, 23.4722167], [120.3842937, 23.4721852], [120.3839962, 23.4722551], [120.383752, 23.4722167], [120.3835422, 23.4721327], [120.383298, 23.4719507], [120.3827449, 23.4715518], [120.3825045, 23.4712858], [120.3821345, 23.4707819], [120.3818216, 23.4703515], [120.3815241, 23.470327], [120.3812952, 23.4703305], [120.3812189, 23.4701276], [120.3811884, 23.4695362], [120.3811884, 23.4685109], [120.3811655, 23.4675905], [120.3809747, 23.4675485], [120.3809595, 23.4670236], [120.38099, 23.4667192], [120.3810892, 23.4664399], [120.3813135, 23.4660065], [120.3819838, 23.464559], [120.3823214, 23.4638311], [120.3826391, 23.4631308], [120.383456, 23.4615647], [120.3838167, 23.4607488], [120.3844195, 23.4595519], [120.3844386, 23.4590095], [120.3844538, 23.4581346], [120.3844862, 23.4571546], [120.3845186, 23.4538187], [120.3845933, 23.4516246], [120.3857493, 23.4516211], [120.3857455, 23.4514041], [120.3857645, 23.4506797], [120.3858332, 23.4504347], [120.3859782, 23.4501477], [120.3861498, 23.4499202], [120.3864131, 23.4497102], [120.3867221, 23.4495422], [120.3869624, 23.4494932], [120.3874088, 23.4494547], [120.3875461, 23.4494337], [120.3886639, 23.4483942], [120.3887974, 23.4478448], [120.3889119, 23.4471658], [120.3890149, 23.4468438], [120.3892476, 23.4464693], [120.3895146, 23.4460493], [120.3899572, 23.4454053], [120.3904531, 23.4446668], [120.3905332, 23.4446283], [120.3907431, 23.4446913], [120.3907202, 23.4447858], [120.3936005, 23.4454438], [120.3941727, 23.4456118], [120.3944627, 23.4455348], [120.3947335, 23.4455943], [120.3950132, 23.4456553], [120.3950201, 23.4456264], [120.3951293, 23.4451663], [120.3953193, 23.44421], [120.3954143, 23.4437791], [120.395665, 23.4429633], [120.3956966, 23.4428325], [120.3957283, 23.4428132], [120.3958893, 23.442208], [120.3960977, 23.4414381], [120.3963194, 23.4406271], [120.396512, 23.4399783], [120.3966492, 23.4395934], [120.3966862, 23.4395062], [120.396673, 23.4394336], [120.3967627, 23.4392133], [120.3968577, 23.4389833], [120.3968788, 23.4389179], [120.3968867, 23.438717], [120.3968999, 23.4386395], [120.3969316, 23.4385403], [120.3973353, 23.4382812], [120.3975437, 23.4381941], [120.3977337, 23.4381384], [120.3979949, 23.438073], [120.3983459, 23.4380294], [120.3984889, 23.4380137], [120.3985184, 23.4379711], [120.3987745, 23.437937], [120.3989715, 23.4379214], [120.3996208, 23.4380614], [120.3999215, 23.4382467], [120.400223, 23.4384353], [120.4005576, 23.4386592], [120.4008728, 23.4388861], [120.4010136, 23.4390196], [120.4011429, 23.4391939], [120.4012326, 23.4394118], [120.4013382, 23.4396418], [120.4013566, 23.4397096], [120.4013408, 23.439758], [120.4012959, 23.4397749], [120.4013052, 23.4398549], [120.4014082, 23.4401524], [120.4014158, 23.4402504], [120.4013472, 23.4405024], [120.4013192, 23.440604], [120.4012899, 23.4407474], [120.4011412, 23.4412374], [120.4010153, 23.4415804], [120.4009504, 23.4418989], [120.4009123, 23.442158], [120.4007902, 23.4423715], [120.4006008, 23.4427627], [120.4006015, 23.4427646], [120.4006452, 23.4428895], [120.4005956, 23.443061], [120.4005384, 23.4433515], [120.4004621, 23.443642], [120.4003209, 23.443929], [120.4002523, 23.4441495], [120.4001836, 23.4444155], [120.4001607, 23.444615], [120.4001912, 23.4450175], [120.4001607, 23.445119], [120.4000501, 23.4454445], [120.4000081, 23.445588], [120.4000043, 23.4458715], [120.4000615, 23.446204], [120.4001073, 23.446456], [120.4001111, 23.446603], [120.4000424, 23.4468795], [120.3999623, 23.447219], [120.3998898, 23.4474815], [120.3997754, 23.447842], [120.3996381, 23.448115], [120.3995846, 23.448227], [120.3996686, 23.4484755], [120.3998212, 23.4487205], [120.399825, 23.4489095], [120.3998021, 23.4493434], [120.399783, 23.4497004], [120.3997334, 23.4501064], [120.3996838, 23.4504459], [120.3996609, 23.4506664], [120.3995579, 23.4509184], [120.3995579, 23.4509849], [120.3998402, 23.4509849], [120.3998402, 23.4507364], [120.400073, 23.4507364], [120.4006605, 23.4507679], [120.4015989, 23.4516359], [120.4018202, 23.4518598], [120.4018088, 23.4520173], [120.4022704, 23.4524688], [120.4028693, 23.4520558], [120.4025107, 23.4517514], [120.4027053, 23.4515554], [120.402793, 23.4516009], [120.4030029, 23.4517898], [120.4030486, 23.4518493], [120.4034263, 23.4522203], [120.4034416, 23.4522553], [120.403289, 23.4523953], [120.4032279, 23.4523988], [120.4029189, 23.4521258], [120.4025107, 23.4524163], [120.4023505, 23.4525353], [120.403247, 23.4534208], [120.4035446, 23.4537182], [120.4037887, 23.4539667], [120.4038612, 23.4540402], [120.4038624, 23.4541929], [120.403862, 23.4543228], [120.4039547, 23.4543354], [120.403949, 23.4551461], [120.4039375, 23.4553211], [120.4039947, 23.4555591], [120.4040749, 23.4558776], [120.4036934, 23.4558846], [120.4036476, 23.4559196], [120.403626, 23.4565236], [120.4030718, 23.4565273], [120.4030558, 23.4571052], [120.4030558, 23.4579099], [120.403012, 23.4591646], [120.4029761, 23.4599876], [120.4029322, 23.4600278], [120.401744, 23.4600168], [120.4016802, 23.4600168], [120.4016403, 23.4599656], [120.4015925, 23.4594865], [120.3999258, 23.4594901], [120.3997104, 23.4596474], [120.398897, 23.4602838], [120.3986059, 23.4605106], [120.3985381, 23.4616189], [120.3985262, 23.4623468], [120.3985461, 23.4626175], [120.3984783, 23.462954], [120.3983627, 23.4633892], [120.3980756, 23.4644134], [120.3976211, 23.466169], [120.3974937, 23.466721]]]}}, {"type": "Feature", "properties": {"name": "馬祖南竿機場", "name_en": "Matsu Nangan Airport", "icao": "RCFG", "iata": "LZN"}, "geometry": {"type": "Polygon", "coordinates": [[[119.9572096, 26.1562878], [119.9577941, 26.1574218], [119.9591659, 26.1596457], [119.9598416, 26.1608628], [119.9605169, 26.1621216], [119.9609487, 26.162957], [119.9610211, 26.1631688], [119.9612465, 26.1637248], [119.961975, 26.1650639], [119.9627319, 26.1663623], [119.9627489, 26.1664584], [119.9626998, 26.1665257], [119.9618045, 26.1668489], [119.9616912, 26.1668582], [119.9616244, 26.166777], [119.9613824, 26.1663885], [119.9609089, 26.1656999], [119.9605013, 26.1649145], [119.9602616, 26.1641937], [119.9572937, 26.1596999], [119.9570843, 26.1596174], [119.9571314, 26.1594155], [119.9565732, 26.1593255], [119.9561779, 26.1590442], [119.9557777, 26.1591469], [119.9555105, 26.1587232], [119.9552495, 26.1588793], [119.9550157, 26.1586417], [119.9545621, 26.1578463], [119.9544279, 26.1575898], [119.9547303, 26.1569313], [119.9548156, 26.1568972], [119.9550134, 26.1565106], [119.9551549, 26.1561474], [119.9551611, 26.156076], [119.9551139, 26.1559526], [119.9547357, 26.1552274], [119.9544994, 26.1548224], [119.9542304, 26.1542828], [119.9542204, 26.1542268], [119.9542367, 26.154154], [119.9542178, 26.1539245], [119.9545075, 26.1537628], [119.9542388, 26.1532293], [119.9542252, 26.1531718], [119.9542245, 26.1531398], [119.9542376, 26.1530952], [119.9542741, 26.1530533], [119.9543347, 26.1530182], [119.9546864, 26.1528285], [119.9549187, 26.1526882], [119.9550015, 26.1526362], [119.9550985, 26.1525794], [119.9551691, 26.1525611], [119.9552281, 26.1525619], [119.9552793, 26.1525686], [119.9553377, 26.1525895], [119.9553801, 26.1526301], [119.9562019, 26.1541919], [119.9570034, 26.1558982], [119.9572096, 26.1562878]]]}}, {"type": "Feature", "properties": {"name": "澎湖機場", "name_en": "Penghu Airport", "icao": "RCQC", "iata": "MZG"}, "geometry": {"type": "Polygon", "coordinates": [[[119.6253791, 23.5647669], [119.6253482, 23.5645848], [119.625366, 23.5644191], [119.621853, 23.5546538], [119.6216427, 23.5540255], [119.6217321, 23.5537237], [119.6219832, 23.5535502], [119.6246558, 23.5527278], [119.625167, 23.552319], [119.6255006, 23.5519274], [119.6256382, 23.5517255], [119.6259332, 23.5517481], [119.6263164, 23.5519849], [119.6265886, 23.5523159], [119.6266246, 23.5525382], [119.6267441, 23.5531011], [119.6268234, 23.5538194], [119.6270633, 23.5543547], [119.6278535, 23.5550798], [119.6314682, 23.5580749], [119.6317433, 23.5583087], [119.6318472, 23.5584668], [119.6320493, 23.5591599], [119.6320299, 23.5592164], [119.6314087, 23.5610309], [119.630998, 23.5616427], [119.6305345, 23.5618905], [119.6305855, 23.5621379], [119.6332648, 23.5613378], [119.6332841, 23.561385], [119.6334669, 23.5613346], [119.6340273, 23.5630203], [119.6350229, 23.5657043], [119.6324298, 23.5664768], [119.6329088, 23.5677529], [119.6311143, 23.5683441], [119.6316238, 23.5697139], [119.6328644, 23.5693403], [119.6332328, 23.5703749], [119.6319618, 23.5707531], [119.6328237, 23.573145], [119.6340439, 23.5727751], [119.6360904, 23.5788462], [119.6368676, 23.5802991], [119.6370182, 23.5806212], [119.6371169, 23.5808322], [119.6370433, 23.5809446], [119.6370046, 23.5810038], [119.6370607, 23.5811124], [119.6365802, 23.5813641], [119.6363556, 23.581467], [119.6360873, 23.5815642], [119.6359937, 23.5816614], [119.6361559, 23.5819817], [119.636262, 23.5820446], [119.6365615, 23.5819188], [119.6366926, 23.5820675], [119.6360811, 23.583011], [119.635195, 23.5848525], [119.6348893, 23.5852813], [119.6346584, 23.5854815], [119.6343589, 23.5855616], [119.6339782, 23.5855444], [119.6336662, 23.58543], [119.6335227, 23.5853099], [119.6333418, 23.5851212], [119.63215, 23.5831311], [119.6318817, 23.5826279], [119.631214, 23.5806835], [119.6304715, 23.5784484], [119.6301595, 23.5779852], [119.6295065, 23.5745337], [119.6286318, 23.572768], [119.6277114, 23.5706186], [119.6267443, 23.5711472], [119.6268153, 23.5713509], [119.6263179, 23.5714973], [119.6260227, 23.5713508], [119.6250513, 23.5713728], [119.6248523, 23.5713489], [119.6246457, 23.5707276], [119.6246387, 23.5705697], [119.6246022, 23.5704074], [119.6243871, 23.5699181], [119.624166, 23.5691174], [119.6242154, 23.5689716], [119.624157, 23.5686397], [119.6240022, 23.5681676], [119.6239479, 23.568002], [119.6239549, 23.5678052], [119.6240767, 23.5675744], [119.6243049, 23.5675933], [119.6245034, 23.5678125], [119.6244655, 23.5679253], [119.6245535, 23.5681551], [119.6252161, 23.5681325], [119.625373, 23.5689362], [119.6255801, 23.5697023], [119.6256644, 23.5702814], [119.6258826, 23.5704159], [119.6261697, 23.5703635], [119.6264796, 23.5702252], [119.626433, 23.5700499], [119.6265967, 23.5700051], [119.6265668, 23.5698822], [119.6271065, 23.5697433], [119.6265945, 23.5684135], [119.6257105, 23.5657919], [119.6253272, 23.5647855], [119.6253791, 23.5647669]]]}}, {"type": "Feature", "properties": {"name": "臺中清泉崗機場", "name_en": "Taichung Airport", "icao": "RCMQ", "iata": "RMQ"}, "geometry": {"type": "Polygon", "coordinates": [[[120.5979796, 24.2509099], [120.5979737, 24.2511337], [120.5980126, 24.2513302], [120.5985724, 24.2525039], [120.5991293, 24.2536203], [120.5999166, 24.2551789], [120.6003477, 24.2560769], [120.6005004, 24.2563798], [120.6007726, 24.2569839], [120.6011764, 24.2575661], [120.6013881, 24.2578903], [120.6016548, 24.2581991], [120.6024804, 24.2589943], [120.6025688, 24.2591335], [120.6026667, 24.2592876], [120.6044407, 24.2625956], [120.6072689, 24.2680996], [120.6107067, 24.2749696], [120.6136111, 24.2805194], [120.613772, 24.2809131], [120.6137805, 24.2811003], [120.6134402, 24.2865419], [120.6134953, 24.2867581], [120.6144142, 24.2876585], [120.6145429, 24.2878004], [120.6146237, 24.2878004], [120.6147734, 24.287694], [120.6150608, 24.2873038], [120.6151156, 24.2873922], [120.614965, 24.2877485], [120.6148543, 24.288106], [120.616787, 24.2900261], [120.6190478, 24.2923415], [120.6197258, 24.2924429], [120.6202614, 24.2924822], [120.6214242, 24.2925314], [120.6231845, 24.2925608], [120.6237658, 24.2925903], [120.624218, 24.2925167], [120.6256603, 24.2923059], [120.6259299, 24.29234], [120.6262206, 24.2923106], [120.6264789, 24.2924284], [120.6270442, 24.2925608], [120.6274156, 24.2925608], [120.6279301, 24.2924108], [120.6286245, 24.2921253], [120.6287896, 24.289586], [120.6289843, 24.2890612], [120.6290309, 24.2882431], [120.6288785, 24.2876951], [120.6289674, 24.2856961], [120.6290605, 24.2855764], [120.6291494, 24.2837279], [120.6293061, 24.2834192], [120.6293103, 24.2830101], [120.6292299, 24.2828518], [120.6293442, 24.2816979], [120.6293188, 24.2815667], [120.6297642, 24.2758042], [120.6298807, 24.2758119], [120.6299315, 24.2751423], [120.6299061, 24.2749339], [120.629851, 24.2749378], [120.6296944, 24.2742141], [120.6299378, 24.2736371], [120.6300518, 24.2728962], [120.6301178, 24.2724677], [120.6302143, 24.2701889], [120.6319776, 24.2703336], [120.6421641, 24.2709001], [120.642697, 24.2710365], [120.6430084, 24.2710256], [120.6433437, 24.2704525], [120.6449004, 24.2702396], [120.6450641, 24.270042], [120.6451449, 24.2700202], [120.6453754, 24.2702631], [120.6457347, 24.2703176], [120.6459412, 24.2702904], [120.6521926, 24.2660695], [120.6530139, 24.2662316], [120.6537125, 24.2658457], [120.6525567, 24.2648151], [120.651278, 24.2632287], [120.6491823, 24.2607468], [120.6469482, 24.257757], [120.6421343, 24.2515228], [120.6378592, 24.246675], [120.6313911, 24.2416291], [120.6303048, 24.2411067], [120.6299619, 24.2414544], [120.6291405, 24.2421223], [120.6285351, 24.2423578], [120.6277095, 24.2425392], [120.6211471, 24.2425778], [120.6198417, 24.2427752], [120.6150419, 24.2443845], [120.6150165, 24.2474882], [120.6137463, 24.2475037], [120.6105794, 24.2483761], [120.6076158, 24.2491095], [120.6064472, 24.2493257], [120.6056979, 24.2478009], [120.6034412, 24.2488084], [120.6013582, 24.2497002], [120.6002997, 24.2500669], [120.6002489, 24.2501943], [120.599707, 24.2501827], [120.5987883, 24.2501904], [120.5983903, 24.2503603], [120.5981405, 24.2506112], [120.5979796, 24.2509099]]]}}, {"type": "Feature", "properties": {"name": "金門尚義機場", "name_en": "Kinmen Airport", "icao": "RCBS", "iata": "KNH"}, "geometry": {"type": "Polygon", "coordinates": [[[118.3745895, 24.4334812], [118.372039, 24.4327108], [118.3708962, 24.432376], [118.3708092, 24.4323508], [118.3707235, 24.4322897], [118.3706155, 24.432211], [118.3705443, 24.4321287], [118.3704747, 24.4320391], [118.3704099, 24.4319953], [118.3696153, 24.4317134], [118.3694304, 24.4316391], [118.3690871, 24.4314817], [118.3682877, 24.4311036], [118.3672619, 24.4306383], [118.3667834, 24.4303646], [118.3665936, 24.4302062], [118.3664314, 24.4300946], [118.3635725, 24.4288489], [118.3617061, 24.4279849], [118.3587206, 24.4266383], [118.3583202, 24.4264356], [118.3581118, 24.4262162], [118.3573693, 24.4257714], [118.3571022, 24.4255282], [118.3569915, 24.4253681], [118.354093, 24.4240515], [118.3534873, 24.4236067], [118.3483547, 24.4212819], [118.3468501, 24.4211515], [118.3440493, 24.4200009], [118.3439255, 24.4200424], [118.3432611, 24.4211633], [118.3480347, 24.4233047], [118.3478309, 24.4239397], [118.3493651, 24.42477], [118.349382, 24.424852], [118.3493973, 24.4249263], [118.3562852, 24.4279448], [118.3562637, 24.4281401], [118.3558882, 24.4287653], [118.3559741, 24.4289216], [118.3573474, 24.4294882], [118.3609844, 24.4311097], [118.3609415, 24.4313832], [118.3626493, 24.4322836], [118.3623171, 24.4329122], [118.3636263, 24.4334874], [118.3650599, 24.4335667], [118.3651179, 24.4339678], [118.3652714, 24.4340322], [118.3658897, 24.4342917], [118.3660363, 24.4343532], [118.3663428, 24.4346196], [118.3665805, 24.4347384], [118.3665851, 24.4348756], [118.3665797, 24.4350578], [118.366576, 24.4351809], [118.366573, 24.4352168], [118.3664963, 24.4352215], [118.3663556, 24.4351406], [118.3662183, 24.4353044], [118.3663955, 24.4354371], [118.3667325, 24.4355893], [118.3667912, 24.4354899], [118.3668528, 24.4353857], [118.3668608, 24.4353722], [118.367043, 24.4353096], [118.3671212, 24.4353498], [118.367439, 24.4355362], [118.3674368, 24.4355398], [118.367798, 24.4357231], [118.367828, 24.4357384], [118.3678179, 24.4357546], [118.3679616, 24.4358275], [118.3680648, 24.4358799], [118.3681901, 24.4359435], [118.3682962, 24.4359974], [118.3684269, 24.4360637], [118.3685353, 24.4361188], [118.3686469, 24.4361755], [118.3686839, 24.4361942], [118.3687059, 24.4362054], [118.3686919, 24.4362279], [118.3688948, 24.4363309], [118.3691204, 24.4364455], [118.3691354, 24.4364215], [118.3691447, 24.4364065], [118.3691884, 24.4364286], [118.3694139, 24.4360673], [118.3695973, 24.4361597], [118.36944, 24.4364155], [118.3695148, 24.4364516], [118.3694265, 24.4365883], [118.3696708, 24.4366801], [118.3696925, 24.4366443], [118.3702146, 24.4357892], [118.370319, 24.4357593], [118.3705052, 24.4358486], [118.3707039, 24.4357941], [118.3717551, 24.4355096], [118.3737157, 24.4357409], [118.3739306, 24.4354918], [118.3742237, 24.4352368], [118.3745038, 24.4345964], [118.3743996, 24.4345074], [118.3743475, 24.4343592], [118.3744996, 24.4340889], [118.3745895, 24.4334812]]]}}, {"type": "Feature", "properties": {"name": "屏南機場", "name_en": "Linluo Township South", "icao": "RCDC", "iata": "PIF"}, "geometry": {"type": "Polygon", "coordinates": [[[120.4593086, 22.6868212], [120.4573095, 22.683727], [120.4557162, 22.6813364], [120.4554876, 22.6810738], [120.454756, 22.6806236], [120.4517336, 22.6797658], [120.4512763, 22.6795839], [120.4509241, 22.6791871], [120.4505279, 22.6786674], [120.4495951, 22.6766538], [120.4479098, 22.6729575], [120.4473869, 22.6716669], [120.4469144, 22.6704054], [120.4467739, 22.6694773], [120.4464928, 22.6681304], [120.446128, 22.6670582], [120.4481252, 22.6671676], [120.4541055, 22.6670453], [120.4544176, 22.6670018], [120.460167, 22.667055], [120.4629448, 22.6674386], [120.464192, 22.6675846], [120.4647875, 22.66767], [120.4653868, 22.6678314], [120.4687911, 22.6713583], [120.4693924, 22.6716305], [120.4712763, 22.67186], [120.4721803, 22.6721537], [120.4752123, 22.6722166], [120.4771912, 22.6723354], [120.477541, 22.6724537], [120.4777824, 22.6727438], [120.4777035, 22.6751761], [120.4774884, 22.6755461], [120.4772239, 22.6758669], [120.4769332, 22.6760624], [120.4755476, 22.6764075], [120.4731393, 22.6770937], [120.4728448, 22.6772727], [120.472642, 22.6775018], [120.4725873, 22.6776118], [120.4722091, 22.6776241], [120.4721388, 22.6784654], [120.4714769, 22.6783839], [120.4714984, 22.677884], [120.4712811, 22.6778642], [120.4712194, 22.6781092], [120.4704664, 22.6780811], [120.4704809, 22.6784136], [120.4704178, 22.6791329], [120.470608, 22.6791661], [120.4703462, 22.6811993], [120.4704583, 22.6814871], [120.470506, 22.6817065], [120.4705696, 22.6819735], [120.4706732, 22.6819655], [120.4707131, 22.6821071], [120.4708727, 22.6826661], [120.4709103, 22.6827357], [120.4711283, 22.6827993], [120.4713121, 22.6854809], [120.4711286, 22.6870367], [120.4709433, 22.6881766], [120.4709679, 22.6886713], [120.4711997, 22.6895193], [120.4593086, 22.6868212]]]}}, {"type": "Feature", "properties": {"name": "臺北松山機場", "name_en": "Taipei Songshan Airport", "icao": "RCSS", "iata": "TSA"}, "geometry": {"type": "Polygon", "coordinates": [[[121.5638071, 25.0631097], [121.5635079, 25.0642687], [121.5645428, 25.0644195], [121.5643292, 25.0657714], [121.5645264, 25.0658026], [121.5644159, 25.0659631], [121.5645571, 25.066025], [121.5650023, 25.0671246], [121.5651153, 25.0674126], [121.5656529, 25.0675921], [121.5664044, 25.0678538], [121.5671737, 25.068105], [121.5676371, 25.0682139], [121.5680199, 25.0683101], [121.568119, 25.0683422], [121.5682274, 25.0688895], [121.5682432, 25.0691805], [121.5681847, 25.0694832], [121.5680641, 25.0697658], [121.5677471, 25.0700822], [121.5673292, 25.0703198], [121.566995, 25.0703786], [121.5644619, 25.0703798], [121.5639234, 25.0703986], [121.5632448, 25.0704508], [121.562258, 25.0705517], [121.5614124, 25.0706928], [121.5598982, 25.0707078], [121.55614, 25.0708857], [121.5562344, 25.071356], [121.5566445, 25.0718694], [121.5566686, 25.0720637], [121.5559305, 25.0720571], [121.5557865, 25.0720604], [121.5546977, 25.0720951], [121.5546996, 25.0718336], [121.554367, 25.0718519], [121.5531962, 25.0718811], [121.5520448, 25.0719111], [121.5514172, 25.0719248], [121.5514142, 25.0719869], [121.5513059, 25.0719899], [121.5512085, 25.0719889], [121.5511286, 25.072002], [121.550493, 25.0719734], [121.5499634, 25.0719868], [121.5498725, 25.0719618], [121.5495889, 25.0719127], [121.5495311, 25.0717734], [121.5495433, 25.0715835], [121.5494451, 25.0711254], [121.5448899, 25.0713454], [121.5447991, 25.0713498], [121.5444901, 25.0713647], [121.5444921, 25.0712001], [121.5432655, 25.0712566], [121.53856, 25.0714672], [121.5385578, 25.0713764], [121.5385338, 25.0704122], [121.5385329, 25.0701461], [121.5385089, 25.0694167], [121.5385357, 25.0692966], [121.538489, 25.0692511], [121.5384499, 25.0692129], [121.5386521, 25.0689466], [121.5384825, 25.0689404], [121.5384643, 25.0684932], [121.5397529, 25.0685631], [121.5401631, 25.0685816], [121.5404918, 25.0684977], [121.5408969, 25.0683583], [121.5412259, 25.0682727], [121.5415231, 25.068221], [121.5418837, 25.0681472], [121.5424773, 25.067846], [121.5432255, 25.0674834], [121.5435341, 25.0673338], [121.5439693, 25.0671229], [121.5443262, 25.0669289], [121.5457931, 25.0659941], [121.5472808, 25.0652055], [121.5475266, 25.0648352], [121.5474732, 25.0647328], [121.5474415, 25.0646925], [121.5480522, 25.0644612], [121.5492025, 25.0636416], [121.5501052, 25.0629917], [121.5507837, 25.0621729], [121.5505936, 25.061759], [121.5510497, 25.0616959], [121.5513155, 25.0617239], [121.5545119, 25.0620603], [121.5546599, 25.0620746], [121.5574007, 25.0622822], [121.5590472, 25.0625308], [121.5590987, 25.0625452], [121.5593558, 25.0625956], [121.5594623, 25.0625365], [121.5606836, 25.0627146], [121.5617256, 25.0628464], [121.562076, 25.0628907], [121.5638071, 25.0631097]]]}}, {"type": "Feature", "properties": {"name": "臺南機場", "name_en": "Tainan Airport", "icao": "RCNN", "iata": "TNN"}, "geometry": {"type": "Polygon", "coordinates": [[[120.2015138, 22.9578635], [120.2016661, 22.9542431], [120.201702, 22.9531871], [120.2017068, 22.9525623], [120.2016595, 22.9520938], [120.2016998, 22.951078], [120.2017572, 22.9493878], [120.2018053, 22.9481999], [120.2018596, 22.947063], [120.2018535, 22.9456845], [120.201206, 22.9455252], [120.2006203, 22.9453269], [120.1997749, 22.9445537], [120.1994208, 22.9442223], [120.199231, 22.9437762], [120.1989788, 22.943116], [120.1988371, 22.9427899], [120.198755, 22.9425107], [120.1985595, 22.9417802], [120.1984405, 22.9414958], [120.1983866, 22.9412949], [120.1982988, 22.9408826], [120.198252, 22.9406805], [120.1982524, 22.940388], [120.1982764, 22.9401921], [120.198359, 22.9398974], [120.1985142, 22.9396223], [120.198752, 22.9392733], [120.1991675, 22.9387006], [120.1993285, 22.9385458], [120.1998826, 22.938027], [120.2001758, 22.9377558], [120.2003637, 22.9376027], [120.2009051, 22.9371924], [120.2010183, 22.9371501], [120.2012993, 22.9370215], [120.2017907, 22.9367911], [120.2021189, 22.9367744], [120.2021829, 22.9367337], [120.2022168, 22.9367172], [120.2027953, 22.9364888], [120.2029113, 22.936427], [120.2029269, 22.9363347], [120.2029353, 22.9354256], [120.202948, 22.9347157], [120.2029549, 22.9337896], [120.2052525, 22.9338548], [120.2057046, 22.9339066], [120.2066106, 22.933933], [120.2071738, 22.9339034], [120.2081486, 22.9338558], [120.2081941, 22.9339589], [120.2086363, 22.934009], [120.2088652, 22.9340215], [120.21062, 22.9341522], [120.2110222, 22.9341796], [120.2117878, 22.9342687], [120.2121632, 22.9345916], [120.2121469, 22.9346668], [120.212281, 22.9347219], [120.2128704, 22.9353164], [120.2139346, 22.9363935], [120.2151458, 22.9376133], [120.2164633, 22.9389407], [120.2167152, 22.93923], [120.216997, 22.9394893], [120.216947, 22.9400482], [120.2171902, 22.940302], [120.217124, 22.9407681], [120.2171224, 22.9410348], [120.2170919, 22.9411971], [120.2170284, 22.9412], [120.2169875, 22.9412376], [120.2170231, 22.941299], [120.2169012, 22.9414649], [120.2168906, 22.9416017], [120.2166383, 22.9419844], [120.2164598, 22.9422634], [120.2161416, 22.943574], [120.2162023, 22.9439807], [120.2159531, 22.9440049], [120.2159532, 22.9440495], [120.2152738, 22.9440248], [120.215267, 22.9446458], [120.2164926, 22.9446629], [120.2164943, 22.9455135], [120.2165084, 22.946174], [120.216515, 22.9469989], [120.2163421, 22.9470004], [120.216339, 22.9470329], [120.2163291, 22.9470902], [120.2163429, 22.9471826], [120.2165229, 22.9471872], [120.2165268, 22.9473354], [120.2165273, 22.9474394], [120.2163026, 22.9474385], [120.2162935, 22.9475111], [120.2157145, 22.9475352], [120.2157396, 22.9477452], [120.214764, 22.9478142], [120.2147731, 22.9480947], [120.2139225, 22.947992], [120.2129627, 22.9479625], [120.2117597, 22.949029], [120.2117181, 22.9503607], [120.2137825, 22.9503929], [120.2138006, 22.9503576], [120.2138069, 22.9498], [120.2139171, 22.9497975], [120.2139171, 22.9493892], [120.2139837, 22.9493428], [120.2160377, 22.9493857], [120.2160513, 22.9494597], [120.2161385, 22.9494605], [120.2161867, 22.9493904], [120.2166235, 22.9494111], [120.2166079, 22.9501238], [120.2166616, 22.9515486], [120.2166305, 22.9522299], [120.2165872, 22.9522752], [120.2165754, 22.9523877], [120.2165754, 22.9524898], [120.2166062, 22.9524939], [120.2166608, 22.9525616], [120.2166488, 22.9536185], [120.2166214, 22.9553608], [120.216435, 22.9554851], [120.2164367, 22.9555724], [120.2164378, 22.9556278], [120.2164984, 22.955637], [120.2165981, 22.9557004], [120.2165705, 22.9567068], [120.2165458, 22.9580331], [120.2165208, 22.9591843], [120.216525, 22.960144], [120.2165288, 22.9606887], [120.2166036, 22.9612132], [120.2166045, 22.9616457], [120.2165724, 22.9621509], [120.2165716, 22.9627984], [120.2165424, 22.9631443], [120.2163025, 22.9642662], [120.2147971, 22.9641864], [120.2147372, 22.9657173], [120.2116504, 22.9656591], [120.2101323, 22.9656268], [120.2101028, 22.9655814], [120.2100498, 22.9655823], [120.2100113, 22.9656317], [120.2096321, 22.9656259], [120.2095819, 22.9669923], [120.2076233, 22.9668483], [120.2075341, 22.9669762], [120.2076619, 22.9671674], [120.2075972, 22.9674269], [120.2073088, 22.9674357], [120.2069244, 22.9674402], [120.2067254, 22.9674219], [120.206798, 22.967026], [120.2066184, 22.966864], [120.205915, 22.9668519], [120.2059436, 22.9656034], [120.205741, 22.9654457], [120.2049153, 22.9655081], [120.2045741, 22.9652611], [120.204383, 22.9652775], [120.2043725, 22.9654626], [120.2039871, 22.9655442], [120.2039871, 22.9655754], [120.203987, 22.9657294], [120.2031415, 22.9656071], [120.2030353, 22.9655623], [120.2029871, 22.9653761], [120.2027685, 22.9652197], [120.2029379, 22.9646289], [120.2028803, 22.9645962], [120.2025616, 22.9646488], [120.2023269, 22.9646492], [120.2020879, 22.9645677], [120.2019211, 22.9645747], [120.2018887, 22.9645596], [120.2017454, 22.9645809], [120.2015528, 22.9645522], [120.2014479, 22.9645], [120.2014083, 22.9644505], [120.2014224, 22.964354], [120.2013969, 22.9643044], [120.2015414, 22.9642418], [120.2016491, 22.9641087], [120.2016293, 22.9640566], [120.2015103, 22.9640227], [120.2014621, 22.9639157], [120.2015188, 22.9637644], [120.2015018, 22.9636982], [120.2014933, 22.9636287], [120.2014614, 22.9636105], [120.2014398, 22.9635864], [120.2014139, 22.9634566], [120.2014224, 22.9633773], [120.2014209, 22.9632986], [120.2013596, 22.9631606], [120.2013874, 22.9630669], [120.2014026, 22.9629965], [120.2014026, 22.9627669], [120.2013952, 22.9626895], [120.2014141, 22.962174], [120.2014152, 22.9619522], [120.201405, 22.9617765], [120.2014075, 22.9609604], [120.2014317, 22.9608576], [120.2013957, 22.9605993], [120.2014364, 22.9602461], [120.2014253, 22.960053], [120.2014861, 22.9597943], [120.2014679, 22.959514], [120.2014718, 22.959087], [120.2014745, 22.9586015], [120.2015138, 22.9578635]]]}}, {"type": "Feature", "properties": {"name": "花蓮機場", "name_en": "Hualien Airport", "icao": "RCYU", "iata": "HUN"}, "geometry": {"type": "Polygon", "coordinates": [[[121.6102174, 24.0134205], [121.6107447, 24.0145034], [121.6108926, 24.0149582], [121.6109468, 24.0154922], [121.6108798, 24.0159571], [121.610791, 24.0164227], [121.6101037, 24.0180881], [121.6105453, 24.0182387], [121.6104233, 24.0189221], [121.6102899, 24.0194409], [121.6104054, 24.0194814], [121.6102322, 24.0198815], [121.6099702, 24.020552], [121.6096868, 24.0213895], [121.6094891, 24.0219916], [121.6091208, 24.0231982], [121.6096099, 24.0232855], [121.6099585, 24.0233755], [121.6102683, 24.0235557], [121.6104227, 24.0236407], [121.6105016, 24.0236853], [121.6105764, 24.0237347], [121.6107076, 24.0237974], [121.6109128, 24.0239119], [121.6117591, 24.0243461], [121.6120597, 24.0244864], [121.6121407, 24.0244609], [121.6122212, 24.0244659], [121.6122818, 24.0244418], [121.6122593, 24.0243988], [121.6126131, 24.0242368], [121.6124942, 24.0240326], [121.612559, 24.0240054], [121.6126993, 24.023946], [121.6128673, 24.0238749], [121.6130262, 24.0238105], [121.6131021, 24.0239416], [121.6131241, 24.0239876], [121.6131754, 24.0239659], [121.6132317, 24.0239614], [121.6132863, 24.0239746], [121.6133328, 24.0240041], [121.6133654, 24.0240463], [121.6133805, 24.024096], [121.6133762, 24.0241474], [121.6133557, 24.0241906], [121.6133215, 24.0242259], [121.6132771, 24.0242498], [121.6132266, 24.0242597], [121.6131939, 24.0242566], [121.6132583, 24.0243748], [121.6135178, 24.0248512], [121.6134173, 24.0248986], [121.6134948, 24.0250475], [121.6137998, 24.0249076], [121.613833, 24.0248923], [121.6140321, 24.0252544], [121.6140411, 24.0252707], [121.6140558, 24.0252975], [121.6141442, 24.025458], [121.6141471, 24.0254336], [121.6141654, 24.0254048], [121.614195, 24.0253852], [121.6142307, 24.0253784], [121.6142664, 24.0253854], [121.6142959, 24.025405], [121.6143141, 24.0254339], [121.6143178, 24.0254671], [121.6143064, 24.0254988], [121.614282, 24.0255235], [121.6142486, 24.025537], [121.6142121, 24.0255369], [121.6141805, 24.025524], [121.614276, 24.0256976], [121.6142942, 24.0257306], [121.6145095, 24.026122], [121.6145238, 24.026148], [121.6145346, 24.0261676], [121.6146762, 24.0264251], [121.6146413, 24.0264412], [121.614739, 24.0266187], [121.6145193, 24.0267195], [121.6137871, 24.0270689], [121.6135366, 24.0266052], [121.6134178, 24.0266495], [121.6133744, 24.0266698], [121.6133223, 24.0266942], [121.6129886, 24.0260662], [121.6127392, 24.0258809], [121.6114687, 24.0254705], [121.6112283, 24.026074], [121.6108108, 24.0259419], [121.6110433, 24.0253288], [121.6086945, 24.0245927], [121.6086528, 24.0247263], [121.6075017, 24.0283661], [121.6068827, 24.0303682], [121.6069514, 24.0303839], [121.6088137, 24.0308273], [121.6087801, 24.0309311], [121.6101834, 24.0312711], [121.6102423, 24.0312456], [121.6104457, 24.0316141], [121.6104877, 24.0316281], [121.6106433, 24.0315008], [121.6107304, 24.0312822], [121.6122286, 24.0316317], [121.6141674, 24.0320991], [121.616018, 24.0325958], [121.6166755, 24.032771], [121.6171591, 24.032981], [121.6171828, 24.0330348], [121.6174332, 24.0330522], [121.6190724, 24.0331658], [121.6212905, 24.0374327], [121.6207602, 24.0384495], [121.6219676, 24.0390356], [121.623133, 24.0385528], [121.6236382, 24.0383703], [121.6238297, 24.0382519], [121.6240549, 24.0377968], [121.6243841, 24.0371419], [121.6253441, 24.0351976], [121.6256795, 24.0348193], [121.6263308, 24.03436], [121.6265401, 24.0341658], [121.6266351, 24.033923], [121.6268309, 24.0331022], [121.6268014, 24.0328533], [121.6262853, 24.0314394], [121.6258741, 24.0307685], [121.625956, 24.0307303], [121.6259798, 24.0307267], [121.6261016, 24.0307083], [121.6260651, 24.0306428], [121.6269381, 24.0296019], [121.6272745, 24.0288827], [121.6285567, 24.0271951], [121.6285245, 24.0271183], [121.6286253, 24.0270817], [121.6286736, 24.027036], [121.6288644, 24.0267877], [121.6289413, 24.0267311], [121.6290367, 24.026687], [121.6292697, 24.026342], [121.6295263, 24.0258954], [121.6295864, 24.0257291], [121.6296004, 24.0256237], [121.6295803, 24.0255906], [121.6295406, 24.0254538], [121.6295044, 24.0251279], [121.6294818, 24.0248545], [121.6294959, 24.0245218], [121.6295646, 24.024242], [121.6295609, 24.0241428], [121.6295294, 24.024047], [121.6294335, 24.0238807], [121.6284706, 24.0226557], [121.6275158, 24.0214625], [121.6263556, 24.0200503], [121.6252188, 24.0186235], [121.624811, 24.0181057], [121.6246832, 24.017973], [121.6234242, 24.0165596], [121.6232027, 24.0165534], [121.6231039, 24.0163858], [121.623023, 24.0162584], [121.6230799, 24.0161729], [121.6202817, 24.0131033], [121.6159144, 24.008378], [121.6137575, 24.0102139], [121.6137231, 24.0101774], [121.613569, 24.0101945], [121.6132397, 24.0105235], [121.6106879, 24.0097709], [121.610785, 24.0094891], [121.6106476, 24.0094419], [121.6105791, 24.0094144], [121.6099912, 24.0091561], [121.6095395, 24.009463], [121.6093146, 24.0096382], [121.6092114, 24.0098042], [121.6092237, 24.0100517], [121.6092879, 24.0104924], [121.6094264, 24.0111398], [121.6095778, 24.0118861], [121.609805, 24.0124956], [121.6100719, 24.0130799], [121.6100807, 24.0131314], [121.6102174, 24.0134205]]]}}, {"type": "Feature", "properties": {"name": "高雄國際機場", "name_en": "Kaohsiung International Airport", "icao": "RCKH", "iata": "KHH"}, "geometry": {"type": "MultiPolygon", "coordinates": [[[[120.3480347, 22.5707622], [120.3478602, 22.5702225], [120.3477621, 22.5700239], [120.3475235, 22.5698573], [120.3473361, 22.5697565], [120.3425595, 22.5699211], [120.3411432, 22.5699699], [120.3388245, 22.5700264], [120.3385136, 22.5701211], [120.3381955, 22.5702356], [120.337956, 22.5704117], [120.3377133, 22.5706433], [120.3368425, 22.5716733], [120.3309613, 22.5785505], [120.3294767, 22.5804212], [120.3295213, 22.5804522], [120.3295639, 22.5804819], [120.3296913, 22.5803184], [120.3307856, 22.5810787], [120.3330213, 22.5806057], [120.3329501, 22.5790358], [120.3329265, 22.5785175], [120.3364289, 22.5784232], [120.3364277, 22.5789563], [120.3393706, 22.5788729], [120.3395922, 22.5784652], [120.3397657, 22.5784164], [120.3399679, 22.5782961], [120.3408638, 22.5782963], [120.3419342, 22.5782408], [120.3419908, 22.5788349], [120.342181, 22.5808336], [120.3417009, 22.5808509], [120.3417492, 22.5815567], [120.3421944, 22.5817449], [120.342232, 22.5815691], [120.3422791, 22.5815704], [120.3424184, 22.5815741], [120.3423151, 22.580628], [120.3422374, 22.5797934], [120.342155, 22.5788237], [120.3421057, 22.5782428], [120.3462875, 22.5781043], [120.346328, 22.5787112], [120.3463653, 22.5792696], [120.3466026, 22.5792622], [120.3465745, 22.5787046], [120.3465557, 22.5783322], [120.3467917, 22.5783173], [120.3467756, 22.5780796], [120.3576895, 22.5777911], [120.357703, 22.5784065], [120.3577124, 22.5786425], [120.3600933, 22.5785862], [120.3609088, 22.5783331], [120.3610874, 22.5782771], [120.3660081, 22.5781162], [120.3667528, 22.5777622], [120.3667378, 22.5775139], [120.3674693, 22.5774885], [120.3674735, 22.5774451], [120.3676474, 22.5774494], [120.3676519, 22.5776239], [120.3684327, 22.5775925], [120.3683715, 22.5774443], [120.3687502, 22.5774478], [120.3688226, 22.5773786], [120.3687817, 22.5765457], [120.3688729, 22.5765111], [120.3688824, 22.5761653], [120.3697772, 22.576168], [120.3697043, 22.5733843], [120.3539439, 22.5738841], [120.3539122, 22.5733751], [120.352353, 22.5734026], [120.3523756, 22.5737769], [120.3517712, 22.5737895], [120.3515888, 22.5737166], [120.3515777, 22.5734317], [120.3509, 22.5734424], [120.3504236, 22.5732895], [120.3503859, 22.5733243], [120.3503846, 22.5733726], [120.3503634, 22.5733729], [120.3502679, 22.5733739], [120.3502692, 22.5732538], [120.3502348, 22.5731991], [120.3497542, 22.5729367], [120.3495933, 22.5728278], [120.3493385, 22.5726457], [120.3488597, 22.5722965], [120.348609, 22.5721147], [120.3482963, 22.5714754], [120.3480347, 22.5707622]]], [[[120.3261735, 22.5780073], [120.3261466, 22.5773948], [120.3264962, 22.5773823], [120.3265075, 22.5777676], [120.3301418, 22.5776654], [120.3301409, 22.5777719], [120.3265187, 22.5778613], [120.3265296, 22.5782454], [120.3264861, 22.5782455], [120.3261735, 22.5780073]]], [[[120.3304557, 22.5777588], [120.3305309, 22.5776635], [120.3302492, 22.5776697], [120.3302506, 22.5777644], [120.3304557, 22.5777588]]]]}}, {"type": "Feature", "properties": {"name": "臺灣桃園國際機場", "name_en": "Taiwan Taoyuan International Airport", "icao": "RCTP", "iata": "TPE"}, "geometry": {"type": "Polygon", "coordinates": [[[121.240396, 25.0714164], [121.2296141, 25.0629201], [121.2301115, 25.0623647], [121.2300808, 25.0622318], [121.2246898, 25.0579818], [121.2239998, 25.0574321], [121.2233428, 25.0569151], [121.2226773, 25.0564053], [121.2212915, 25.0553111], [121.218202, 25.0561481], [121.2177374, 25.0563051], [121.2171969, 25.0565781], [121.2177016, 25.0569769], [121.2174591, 25.0572421], [121.2174664, 25.0572965], [121.216495, 25.0582816], [121.2165354, 25.0584328], [121.2197449, 25.060278], [121.2200035, 25.0603489], [121.2201204, 25.060381], [121.2201457, 25.0611994], [121.2199878, 25.0617146], [121.2195207, 25.0624414], [121.2194039, 25.0628508], [121.2193434, 25.0635814], [121.2193196, 25.0641436], [121.2192353, 25.0644629], [121.219138, 25.0647019], [121.2189606, 25.0649585], [121.2178267, 25.0662234], [121.2160035, 25.0681746], [121.2130019, 25.0649229], [121.2129297, 25.0649173], [121.2117035, 25.0660959], [121.211531, 25.0661964], [121.2102107, 25.0652091], [121.2100133, 25.0663298], [121.2099015, 25.0665304], [121.2090953, 25.0674021], [121.2086082, 25.0685725], [121.208193, 25.0688518], [121.2079514, 25.0690126], [121.2074944, 25.069143], [121.2082506, 25.0697635], [121.2063458, 25.0717532], [121.2092432, 25.0740038], [121.2105113, 25.0745824], [121.2108581, 25.0747865], [121.211907, 25.0761769], [121.2141297, 25.0779042], [121.2163349, 25.0796201], [121.2163815, 25.079624], [121.2170054, 25.0790148], [121.2204771, 25.0817374], [121.2213626, 25.0824314], [121.2216124, 25.0826255], [121.2217392, 25.0825834], [121.2217927, 25.0826893], [121.221738, 25.0827196], [121.2295841, 25.0898301], [121.2336145, 25.0937635], [121.2356436, 25.0959204], [121.2356803, 25.0959663], [121.2363628, 25.0963532], [121.236452, 25.0963607], [121.2373111, 25.096191], [121.2374065, 25.0962005], [121.2388664, 25.0973424], [121.2389222, 25.0973861], [121.2401021, 25.0983031], [121.2401535, 25.0983435], [121.2461185, 25.1030289], [121.2479723, 25.1010388], [121.2480313, 25.1010354], [121.2499705, 25.102533], [121.2501248, 25.1023987], [121.2503884, 25.1022726], [121.2501904, 25.0999806], [121.2502846, 25.0996691], [121.2501939, 25.0985213], [121.2500367, 25.0983792], [121.2499112, 25.0983334], [121.2498359, 25.0983142], [121.2497249, 25.0983511], [121.2495968, 25.0984565], [121.2495986, 25.0985559], [121.2493259, 25.0985311], [121.2497257, 25.0951676], [121.2498539, 25.0946875], [121.2500544, 25.0939368], [121.2502456, 25.0933785], [121.2503771, 25.09306], [121.2510132, 25.0918358], [121.2514635, 25.0909433], [121.250801, 25.0906162], [121.25056, 25.090437], [121.2504196, 25.0902716], [121.2500131, 25.0901453], [121.2502822, 25.0897148], [121.2502082, 25.089662], [121.2502872, 25.0890508], [121.2508841, 25.0890613], [121.251337, 25.0890145], [121.2513015, 25.0888353], [121.2509414, 25.0887166], [121.2509542, 25.0886895], [121.2519141, 25.0863436], [121.2517777, 25.0863155], [121.2518572, 25.086191], [121.2527026, 25.0870069], [121.2540376, 25.085577], [121.2546675, 25.0860583], [121.2552264, 25.0850924], [121.2548132, 25.0847507], [121.2551246, 25.0844216], [121.2553236, 25.0841944], [121.2563637, 25.0830086], [121.2548626, 25.0817407], [121.2528598, 25.080154], [121.2526779, 25.0800098], [121.2490504, 25.0771358], [121.2499985, 25.076138], [121.2492598, 25.0755411], [121.2483, 25.0765555], [121.2464284, 25.0750805], [121.2458463, 25.0756922], [121.240483, 25.0714832], [121.2405554, 25.0714212], [121.2408782, 25.0715334], [121.2415037, 25.0708773], [121.2418668, 25.0708294], [121.2418782, 25.0707696], [121.2409332, 25.070436], [121.2409111, 25.0704841], [121.2409965, 25.0705825], [121.2408909, 25.0708676], [121.2408508, 25.0711385], [121.2408156, 25.0712105], [121.2406927, 25.0712886], [121.2404912, 25.071338], [121.240396, 25.0714164]]]}}, {"type": "Feature", "properties": {"name": "七美機場", "name_en": "Qimei Airport", "icao": "RCCM", "iata": "CMJ"}, "geometry": {"type": "Polygon", "coordinates": [[[119.41821144074345, 23.216723345055456], [119.41555704939583, 23.209767276241124], [119.41573906480289, 23.209223600293072], [119.41614859946753, 23.208972672185894], [119.41660363798292, 23.209084195847566], [119.4167401495393, 23.20943270668812], [119.41708901240088, 23.20943270668812], [119.4174985470678, 23.21067339790531], [119.41796875353333, 23.210617636749816], [119.4180900971395, 23.211133426552067], [119.41852996770461, 23.21102190460175], [119.41901534212263, 23.212597143526978], [119.41830244844692, 23.21283412476781], [119.4196220601446, 23.216430611984705], [119.41937937293665, 23.216820922602807], [119.41866647925883, 23.21691850007889], [119.41821144074345, 23.216723345055456]]]}}, {"type": "Feature", "properties": {"name": "馬祖北竿機場", "name_en": "Matsu Beigan Airport", "icao": "RCMT", "iata": "MFK"}, "geometry": {"type": "Polygon", "coordinates": [[[120.00429473603515, 26.229950221705423], [120.00106141717396, 26.225639309281007], [119.99869179307825, 26.22420892515305], [119.99851462492234, 26.22279839024688], [120.0000205542542, 26.222381186503725], [120.00070708086207, 26.22202358210454], [119.99962192590095, 26.220017003696], [119.9992897356081, 26.22011634007498], [119.99882466919598, 26.219242177028562], [120.00017557639109, 26.218566682902946], [120.00270022262367, 26.22269905615812], [120.0025230544677, 26.222937457828493], [120.00526916089603, 26.22734780060148], [120.0061992937188, 26.227685522659414], [120.00655363003233, 26.22877814612646], [120.0061992937188, 26.229473446623786], [120.00429473603515, 26.229950221705423]]]}}, {"type": "Feature", "properties": {"name": "綠島機場", "name_en": "Green Island Airport", "icao": "RCGI", "iata": "GNI"}, "geometry": {"type": "Polygon", "coordinates": [[[121.46448477065792, 22.677657352678764], [121.46719191626562, 22.668512736955662], [121.467686264593, 22.668273795829933], [121.46803937054233, 22.66838240548401], [121.46778042618064, 22.669316444960145], [121.46712129507574, 22.67137999799938], [121.46796874935251, 22.671618933713688], [121.46825123411196, 22.672835327263797], [121.46799228974851, 22.673248029767407], [121.46719191626562, 22.673074260443613], [121.46683881031629, 22.674095152067707], [121.46643862357485, 22.67405171002592], [121.46535576533239, 22.678004879491525], [121.46467309383144, 22.67791799787132], [121.46448477065792, 22.677657352678764]]]}}, {"type": "Feature", "properties": {"name": "中部國際機場", "name_en": "Chubu Centrair International Airport", "icao": "RJGG", "iata": "NGO"}, "geometry": {"type": "Polygon", "coordinates": [[[136.7984523, 34.8755863], [136.799082, 34.8730253], [136.8005815, 34.8703999], [136.801123, 34.867981], [136.8033362, 34.8589254], [136.802989, 34.858451], [136.802709, 34.858094], [136.802754, 34.8578742], [136.8037306, 34.8573128], [136.8051811, 34.8513296], [136.805427, 34.849909], [136.8054547, 34.8498027], [136.8064876, 34.8458433], [136.806411, 34.844739], [136.806394, 34.84447], [136.806347, 34.843781], [136.806337, 34.84359], [136.806294, 34.84292], [136.806306, 34.842811], [136.806336, 34.842659], [136.806556, 34.841718], [136.806937, 34.840258], [136.806994, 34.840137], [136.807025, 34.840087], [136.807078, 34.840001], [136.807152, 34.839887], [136.807269, 34.83975], [136.807311, 34.839716], [136.807518, 34.839557], [136.807684, 34.839469], [136.807845, 34.839398], [136.808018, 34.839346], [136.808213, 34.839309], [136.808329, 34.839295], [136.808605, 34.83929], [136.808898, 34.83932], [136.809268, 34.839373], [136.809483, 34.839419], [136.8141181, 34.8402255], [136.813471, 34.842577], [136.813372, 34.843006], [136.813094, 34.844212], [136.812729, 34.845808], [136.812499, 34.84676], [136.813535, 34.846918], [136.81609, 34.847336], [136.818767, 34.847762], [136.81889, 34.847782], [136.821446, 34.848197], [136.823509, 34.848534], [136.824251, 34.848652], [136.82423, 34.849404], [136.824204, 34.850109], [136.824206, 34.851576], [136.824095, 34.85265], [136.824059, 34.853246], [136.823958, 34.854818], [136.823843, 34.85652], [136.823827, 34.856825], [136.823318, 34.859086], [136.819588, 34.858514], [136.8193333, 34.8596298], [136.8189627, 34.8612535], [136.8225315, 34.8618279], [136.822283, 34.862412], [136.821944, 34.86325], [136.821849, 34.863483], [136.821467, 34.8643204], [136.8212995, 34.8646253], [136.8209945, 34.8651816], [136.8207228, 34.8656187], [136.820399, 34.8661379], [136.8200952, 34.8665746], [136.819876, 34.8668954], [136.819273, 34.8676944], [136.8189525, 34.868109], [136.8183273, 34.8688549], [136.8179352, 34.8693181], [136.817368, 34.86994], [136.81701, 34.870298], [136.816861, 34.870456], [136.816386, 34.870939], [136.815671, 34.871646], [136.815334, 34.87195], [136.815036, 34.872221], [136.814564, 34.872626], [136.814404, 34.872765], [136.813841, 34.873234], [136.813393, 34.873571], [136.812933, 34.873901], [136.812329, 34.874299], [136.811914, 34.874532], [136.811259, 34.874888], [136.810909, 34.875086], [136.810018, 34.875545], [136.808864, 34.876127], [136.807389, 34.87687], [136.80695, 34.877077], [136.806486, 34.877296], [136.8062, 34.877431], [136.805648, 34.877646], [136.805228, 34.877766], [136.80463, 34.877869], [136.804116, 34.877869], [136.803623, 34.877826], [136.803146, 34.877762], [136.7995106, 34.8771778], [136.7991796, 34.8770139], [136.7989586, 34.8768707], [136.7987655, 34.8767107], [136.7986108, 34.8764033], [136.7985222, 34.87622], [136.7984718, 34.8759782], [136.7984426, 34.8758094], [136.7984523, 34.8755863]]]}}, {"type": "Feature", "properties": {"name": "靜岡機場", "name_en": "Shizuoka Airport", "icao": "RJNS", "iata": "FSZ"}, "geometry": {"type": "Polygon", "coordinates": [[[138.1722521, 34.8033622], [138.171639, 34.8038474], [138.1710092, 34.8040306], [138.1699216, 34.8043341], [138.1693013, 34.8043575], [138.1687296, 34.8042483], [138.1681484, 34.8040169], [138.1676845, 34.8037475], [138.1672592, 34.8033975], [138.1669344, 34.8029746], [138.1666499, 34.8024091], [138.16644, 34.8018036], [138.1660885, 34.8009533], [138.1662509, 34.8004749], [138.1718713, 34.7986357], [138.1725568, 34.7981177], [138.1748874, 34.7972145], [138.1749668, 34.7969822], [138.1753619, 34.7966648], [138.1758383, 34.7963428], [138.1761269, 34.7961576], [138.176434, 34.7960258], [138.1774489, 34.7956842], [138.1773494, 34.795478], [138.1763216, 34.7958145], [138.1759934, 34.7955273], [138.1760853, 34.7955041], [138.1763087, 34.795547], [138.1764542, 34.795543], [138.1765593, 34.7955318], [138.1765757, 34.7954474], [138.1764554, 34.7951381], [138.177229, 34.7948885], [138.1772276, 34.7940876], [138.1775065, 34.7938498], [138.1793385, 34.7932646], [138.1798619, 34.7933889], [138.1802928, 34.7932488], [138.1800472, 34.7926968], [138.1808537, 34.7924364], [138.181237, 34.7925047], [138.1814532, 34.792938], [138.1818477, 34.7928167], [138.1819548, 34.7930475], [138.1818609, 34.79309], [138.1823504, 34.7940753], [138.1826903, 34.7946067], [138.182938, 34.7946356], [138.1831751, 34.7949068], [138.1835204, 34.7948633], [138.1837331, 34.7953297], [138.2007211, 34.789604], [138.2026104, 34.7898762], [138.203708, 34.7894419], [138.2044362, 34.7909498], [138.2051343, 34.7907147], [138.2050772, 34.7905956], [138.2051439, 34.7905736], [138.2052027, 34.7906925], [138.2059998, 34.7904237], [138.2060457, 34.7903074], [138.2061385, 34.790189], [138.2068085, 34.7894306], [138.2069929, 34.7895341], [138.207503, 34.7896145], [138.207288, 34.7900079], [138.208724, 34.7895301], [138.2098332, 34.789161], [138.2098936, 34.7890671], [138.2103388, 34.7889379], [138.210477, 34.7888064], [138.2105346, 34.7888701], [138.2108565, 34.7887707], [138.2110738, 34.7886307], [138.2111408, 34.7886879], [138.2113433, 34.7885129], [138.2114157, 34.7885887], [138.2116513, 34.7885127], [138.2118145, 34.7883738], [138.2119048, 34.7884553], [138.21203, 34.7886957], [138.2116993, 34.7888525], [138.2113274, 34.7889568], [138.2108412, 34.7891787], [138.2107179, 34.7890138], [138.2103098, 34.7892981], [138.2101672, 34.7891795], [138.2068023, 34.7902763], [138.2068128, 34.7903001], [138.2055021, 34.7907294], [138.2055669, 34.7908742], [138.2052579, 34.7909767], [138.2051711, 34.7907983], [138.2044728, 34.7910379], [138.2041021, 34.7915762], [138.2042572, 34.7923436], [138.2038647, 34.7927803], [138.2024881, 34.7932613], [138.2027644, 34.7939208], [138.1991561, 34.7943269], [138.1722521, 34.8033622]]]}}, {"type": "Feature", "properties": {"name": "新千歲機場", "name_en": "New Chitose Airport", "icao": "RJCC", "iata": "CTS"}, "geometry": {"type": "Polygon", "coordinates": [[[141.6737, 42.7742883], [141.6752215, 42.7743161], [141.675926, 42.774329], [141.676008, 42.77442], [141.677639, 42.774643], [141.684951, 42.772806], [141.687364, 42.772987], [141.689662, 42.761096], [141.6896831, 42.7602776], [141.6897944, 42.759654], [141.689743, 42.759097], [141.690209, 42.758976], [141.6918708, 42.7591529], [141.6919115, 42.7590061], [141.6928724, 42.7591035], [141.6929868, 42.7587585], [141.693129, 42.7583297], [141.6932128, 42.7580769], [141.694055, 42.75355], [141.693959, 42.753373], [141.6940123, 42.7531176], [141.6944463, 42.7531581], [141.6944064, 42.7533878], [141.6942023, 42.7535642], [141.6940543, 42.7543287], [141.6940159, 42.7545157], [141.6956986, 42.75404], [141.6977553, 42.7538262], [141.6982106, 42.7535731], [141.6984723, 42.7538146], [141.6982504, 42.7539508], [141.6978248, 42.7539228], [141.6973157, 42.7581114], [141.6972385, 42.7590849], [141.6976452, 42.7590764], [141.6988777, 42.7593937], [141.698925, 42.760671], [141.699913, 42.761903], [141.699337, 42.762327], [141.699639, 42.762367], [141.698379, 42.764709], [141.696959, 42.771281], [141.69774, 42.771766], [141.697467, 42.772583], [141.697068, 42.772967], [141.69633, 42.776884], [141.696659, 42.777126], [141.696305, 42.781749], [141.695126, 42.78282], [141.693649, 42.790754], [141.692, 42.792243], [141.6913105, 42.7921639], [141.6911826, 42.7928375], [141.6913044, 42.7930702], [141.6912724, 42.7933064], [141.6909096, 42.7932732], [141.6907968, 42.7939031], [141.6904651, 42.7940101], [141.6903039, 42.7936563], [141.6906131, 42.7935703], [141.6907671, 42.793576], [141.6908424, 42.7932645], [141.6907974, 42.7932591], [141.6908412, 42.7930186], [141.6909826, 42.792931], [141.691101, 42.79214], [141.6907818, 42.7921038], [141.690698, 42.7920943], [141.687714, 42.791756], [141.686841, 42.796544], [141.686909, 42.796609], [141.686861, 42.796897], [141.686704, 42.796892], [141.686676, 42.797033], [141.686532, 42.797038], [141.686567, 42.79664], [141.686714, 42.796539], [141.687536, 42.791736], [141.686712, 42.791643], [141.6860965, 42.7941791], [141.6860362, 42.7944053], [141.685836, 42.79459], [141.6850262, 42.7989302], [141.6837413, 42.8000614], [141.6835341, 42.8002655], [141.682778, 42.8010099], [141.6820271, 42.8017492], [141.680847, 42.801555], [141.680956, 42.800909], [141.6804054, 42.8008606], [141.6800133, 42.800826], [141.67591, 42.800465], [141.6753387, 42.8031111], [141.6751853, 42.8041908], [141.6748223, 42.8056776], [141.6746827, 42.8061787], [141.6744451, 42.8070647], [141.6742422, 42.8079156], [141.6742083, 42.8080194], [141.6741364, 42.8081231], [141.6740389, 42.8082018], [141.6739, 42.8082671], [141.673738, 42.8083046], [141.6735457, 42.8083028], [141.6724579, 42.8082081], [141.6721753, 42.8099249], [141.6715958, 42.8104025], [141.6685066, 42.8130834], [141.667249, 42.8142067], [141.6668655, 42.8145674], [141.6668398, 42.8146561], [141.6666602, 42.8148738], [141.6737, 42.7742883]]]}}, {"type": "Feature", "properties": {"name": "仙台機場", "name_en": "Sendai Airport", "icao": "RJSS", "iata": "SDJ"}, "geometry": {"type": "Polygon", "coordinates": [[[140.9323513, 38.1444027], [140.9317342, 38.1442221], [140.9312114, 38.1440737], [140.9304335, 38.1438415], [140.9285221, 38.1432892], [140.9230265, 38.1427169], [140.9228165, 38.1428086], [140.922787, 38.1428215], [140.9226682, 38.1428734], [140.9193335, 38.1443296], [140.9183914, 38.1434286], [140.9170161, 38.1426807], [140.9161255, 38.1421789], [140.9157439, 38.1419639], [140.9152749, 38.1419127], [140.9071406, 38.1410695], [140.904895, 38.1408377], [140.9035544, 38.1407262], [140.903119, 38.14069], [140.8972628, 38.1400614], [140.8973014, 38.1398022], [140.8961197, 38.1393051], [140.8956987, 38.1392674], [140.8958002, 38.13855], [140.8953533, 38.1386346], [140.8949635, 38.1384619], [140.8940202, 38.1383603], [140.8936474, 38.1384637], [140.8933832, 38.1384363], [140.8934377, 38.1381436], [140.8934451, 38.1380928], [140.8937399, 38.1381209], [140.8938619, 38.1382211], [140.8952882, 38.1383691], [140.8953118, 38.13823], [140.8954174, 38.1382434], [140.895396, 38.1383814], [140.8956641, 38.1384099], [140.8958428, 38.1384289], [140.8959635, 38.1376705], [140.8963966, 38.1377105], [140.8977062, 38.137466], [140.8978242, 38.1367646], [140.8989149, 38.1364413], [140.9007233, 38.1366267], [140.9008616, 38.1357386], [140.9017262, 38.1358124], [140.9018718, 38.1358113], [140.9025211, 38.1358061], [140.9038962, 38.1359447], [140.90479, 38.1360582], [140.9046262, 38.137032], [140.9072805, 38.1372986], [140.9076819, 38.1363045], [140.9089539, 38.1364356], [140.9095824, 38.1369047], [140.9097433, 38.1371051], [140.9097839, 38.1371811], [140.9097996, 38.1372106], [140.9100782, 38.1372426], [140.9106056, 38.1377865], [140.9109355, 38.1378234], [140.9109657, 38.137796], [140.9110019, 38.1377813], [140.9101617, 38.1369026], [140.9092723, 38.1362949], [140.9093558, 38.1362472], [140.9099767, 38.1360861], [140.9093544, 38.1350102], [140.9102663, 38.1348203], [140.9100598, 38.1344173], [140.9127833, 38.1335886], [140.9129526, 38.1335774], [140.9132006, 38.1335028], [140.9133163, 38.1334308], [140.9140929, 38.1331908], [140.9156063, 38.1327365], [140.9157112, 38.1329419], [140.9158294, 38.1329035], [140.9157322, 38.1327052], [140.9166128, 38.1324343], [140.9167871, 38.1324126], [140.9169344, 38.1323693], [140.917176, 38.132295], [140.9174422, 38.132183], [140.9184856, 38.1318699], [140.9195953, 38.1315172], [140.9209432, 38.1311718], [140.9212356, 38.1322167], [140.9217954, 38.1320973], [140.9218308, 38.1321866], [140.922416, 38.1320994], [140.9225037, 38.1323929], [140.9251343, 38.1319613], [140.9251752, 38.1321252], [140.9251758, 38.1321276], [140.9258104, 38.1320205], [140.9257794, 38.131868], [140.9264024, 38.1317728], [140.9266292, 38.1325939], [140.927295, 38.1324908], [140.9287071, 38.1322978], [140.9287925, 38.1325244], [140.9287909, 38.1325722], [140.9296421, 38.1345532], [140.9298272, 38.1349979], [140.9298472, 38.1350126], [140.9301174, 38.1356474], [140.9318014, 38.1367659], [140.932009, 38.13738], [140.9324, 38.13806], [140.932817, 38.138761], [140.932999, 38.1390175], [140.9332252, 38.1393892], [140.9336793, 38.1401506], [140.9337789, 38.140134], [140.9339569, 38.1402189], [140.9348202, 38.1415364], [140.935381, 38.1424882], [140.9354536, 38.1425119], [140.935467, 38.1425952], [140.9354591, 38.1425987], [140.9337893, 38.1433315], [140.9337223, 38.1437502], [140.9336244, 38.1438082], [140.9328693, 38.1437291], [140.9324187, 38.1439295], [140.9323834, 38.1441771], [140.9323794, 38.1442053], [140.9323756, 38.1442322], [140.9323513, 38.1444027]]]}}, {"type": "Feature", "properties": {"name": "岡山機場", "name_en": "Okayama Airport", "icao": "RJOB", "iata": "OKJ"}, "geometry": {"type": "Polygon", "coordinates": [[[133.8471609, 34.7556054], [133.8451266, 34.7546088], [133.844176, 34.7544372], [133.8438067, 34.7543463], [133.8434099, 34.7540719], [133.8428533, 34.7536637], [133.8422438, 34.7533956], [133.8419852, 34.7532742], [133.8412399, 34.7529253], [133.8402463, 34.7524736], [133.8395098, 34.7521165], [133.8389879, 34.7518588], [133.8388488, 34.7517818], [133.8387316, 34.7516533], [133.8386514, 34.7515109], [133.8386155, 34.7514364], [133.8385863, 34.7513342], [133.8385842, 34.7512403], [133.8385922, 34.7511464], [133.8386323, 34.7510264], [133.8389695, 34.7504361], [133.8389955, 34.7501819], [133.838984, 34.7499697], [133.8391272, 34.7499392], [133.8391922, 34.7499137], [133.8392489, 34.7498716], [133.8392998, 34.749813], [133.8393506, 34.7497571], [133.840416, 34.748513], [133.840712, 34.748191], [133.841053, 34.748091], [133.8416639, 34.7482574], [133.8416299, 34.7483283], [133.8425803, 34.7488187], [133.8430328, 34.7482381], [133.8446142, 34.748979], [133.846586, 34.74992], [133.847098, 34.750111], [133.8479228, 34.7503837], [133.8484053, 34.7506267], [133.849013, 34.751076], [133.849745, 34.7516223], [133.8505936, 34.7525428], [133.851852, 34.7532637], [133.8518697, 34.7532348], [133.8530347, 34.7535229], [133.8539731, 34.7540209], [133.8545426, 34.7540426], [133.8550556, 34.7541208], [133.8558468, 34.754486], [133.8567249, 34.754899], [133.8569205, 34.7551425], [133.8574379, 34.7554555], [133.8580148, 34.7556806], [133.8589364, 34.7560455], [133.8595511, 34.7562176], [133.8602947, 34.7564802], [133.8606054, 34.7566756], [133.8615397, 34.7571847], [133.8625019, 34.7574887], [133.8631782, 34.7575532], [133.8634118, 34.7576055], [133.863493, 34.757719], [133.864079, 34.758302], [133.865022, 34.758966], [133.865884, 34.759629], [133.8663188, 34.7600694], [133.8666418, 34.76023], [133.8668747, 34.7602785], [133.8672142, 34.7601685], [133.8673892, 34.7599966], [133.8674609, 34.7598587], [133.8677286, 34.7602572], [133.8681996, 34.7607378], [133.8688408, 34.7612551], [133.8690643, 34.7613866], [133.8691919, 34.7613528], [133.8693879, 34.7615008], [133.869914, 34.7620494], [133.870313, 34.7623963], [133.8715457, 34.7631902], [133.8719354, 34.7635687], [133.8722513, 34.7639706], [133.8724298, 34.764385], [133.8724281, 34.7644849], [133.8724936, 34.76461], [133.8724518, 34.7649435], [133.8723732, 34.7653377], [133.872237, 34.7658144], [133.8721647, 34.7659628], [133.8715276, 34.7658635], [133.8712636, 34.7657885], [133.8710582, 34.7656036], [133.8708584, 34.7657643], [133.8706586, 34.7657431], [133.8705963, 34.7655624], [133.8704294, 34.7654866], [133.8698006, 34.7654215], [133.8692838, 34.7661431], [133.8691113, 34.7661911], [133.8689387, 34.7662038], [133.8653852, 34.764488], [133.8651626, 34.7643851], [133.8649019, 34.7642388], [133.8637973, 34.765897], [133.8628335, 34.7654095], [133.8626726, 34.7655603], [133.8622253, 34.7653792], [133.8613775, 34.7651668], [133.8612041, 34.7651469], [133.8610423, 34.7650948], [133.8608213, 34.7650463], [133.8603862, 34.7648688], [133.8602129, 34.7647191], [133.8590101, 34.7641373], [133.858711, 34.7639227], [133.8586091, 34.7638244], [133.858051, 34.7635114], [133.8572146, 34.7631111], [133.8568293, 34.7628776], [133.8567518, 34.7627103], [133.8564313, 34.762574], [133.8563406, 34.7624847], [133.8560932, 34.7623673], [133.8560046, 34.7622541], [133.855941, 34.7622895], [133.8557096, 34.7622125], [133.8553133, 34.7620305], [133.8550426, 34.7620375], [133.854849, 34.7620267], [133.854325, 34.761808], [133.854008, 34.76207], [133.853666, 34.76203], [133.8518099, 34.7613896], [133.8512708, 34.761161], [133.8509051, 34.7609447], [133.8507049, 34.7607914], [133.8505047, 34.7606321], [133.850446, 34.7605732], [133.8504117, 34.7605325], [133.8503947, 34.7604898], [133.8503876, 34.7604494], [133.8504278, 34.7603686], [133.8503968, 34.7603495], [133.8502715, 34.7602776], [133.8503315, 34.7602281], [133.8505767, 34.7598662], [133.8506392, 34.7597663], [133.8506771, 34.7596765], [133.8506715, 34.759661], [133.8507022, 34.7595652], [133.8507144, 34.7594708], [133.8507091, 34.7594217], [133.8505198, 34.7592842], [133.850514, 34.7592124], [133.8502086, 34.7586784], [133.8500373, 34.7586283], [133.8498588, 34.7586156], [133.8489965, 34.7583733], [133.8478035, 34.7583187], [133.8477195, 34.7583066], [133.8476211, 34.7582763], [133.8467856, 34.7575864], [133.8465195, 34.756761], [133.8465037, 34.7566425], [133.846524, 34.7565312], [133.8471609, 34.7556054]]]}}, {"type": "Feature", "properties": {"name": "鹿兒島機場", "name_en": "Kagoshima Airport", "icao": "RJFK", "iata": "KOJ"}, "geometry": {"type": "Polygon", "coordinates": [[[130.7233672, 31.7931013], [130.7234753, 31.7929774], [130.7230405, 31.7926876], [130.72293, 31.7925753], [130.7234857, 31.7917843], [130.7237073, 31.7919051], [130.7240673, 31.7917445], [130.7245475, 31.7909606], [130.7252163, 31.7900187], [130.725517, 31.7896387], [130.7263491, 31.7900451], [130.7265109, 31.790027], [130.7265624, 31.7899481], [130.7264435, 31.7898152], [130.7267205, 31.7894454], [130.726899, 31.789442], [130.7269443, 31.7893706], [130.7268859, 31.789234], [130.7268952, 31.7891809], [130.7274114, 31.7884639], [130.7275018, 31.7884413], [130.7275943, 31.7884617], [130.728185, 31.7887745], [130.728296, 31.788795], [130.7288441, 31.7890641], [130.7289296, 31.7890008], [130.7290099, 31.7890814], [130.7290856, 31.7890396], [130.729149, 31.7890686], [130.7290862, 31.7891798], [130.7305064, 31.7898839], [130.7304768, 31.7899514], [130.729376, 31.7915569], [130.7286034, 31.7926919], [130.729311, 31.7930627], [130.726991, 31.7951362], [130.726722, 31.7955186], [130.7259401, 31.7966086], [130.7266568, 31.7969665], [130.7264092, 31.7971851], [130.7268283, 31.7975679], [130.7260692, 31.7981614], [130.7256812, 31.7978316], [130.7242402, 31.799129], [130.7236139, 31.8000419], [130.7250773, 31.8013904], [130.724198, 31.8020725], [130.7235208, 31.8025927], [130.72305, 31.8021751], [130.7230042, 31.8021552], [130.7221318, 31.8021918], [130.7210472, 31.8037893], [130.7190106, 31.8068692], [130.7189785, 31.8068742], [130.7183723, 31.8077461], [130.7183347, 31.807876], [130.7179136, 31.8085735], [130.717801, 31.8085667], [130.7174216, 31.8091825], [130.7146228, 31.8133264], [130.7135696, 31.8148893], [130.7125989, 31.8163359], [130.7123742, 31.8166576], [130.712312, 31.8167025], [130.7118782, 31.8168084], [130.7117449, 31.8169067], [130.7110748, 31.8175851], [130.7107763, 31.8175482], [130.7104195, 31.818053], [130.7096417, 31.8176579], [130.7094405, 31.8176017], [130.7091589, 31.817547], [130.7091103, 31.8175232], [130.7090033, 31.8174308], [130.7089094, 31.8172986], [130.7089252, 31.8172622], [130.7090061, 31.8171151], [130.7086903, 31.8169522], [130.7085292, 31.817054], [130.7083744, 31.8169463], [130.708479, 31.8167536], [130.7085627, 31.8166679], [130.7086235, 31.8165623], [130.708777, 31.8164327], [130.7088603, 31.8163322], [130.7089383, 31.8161595], [130.7089992, 31.8159353], [130.7089742, 31.8157299], [130.7089259, 31.8157315], [130.70895, 31.8154958], [130.7090587, 31.8152149], [130.7087679, 31.8149741], [130.7087536, 31.8149032], [130.7087771, 31.81484], [130.7093889, 31.8138996], [130.7131123, 31.8084521], [130.714283, 31.8066938], [130.7124765, 31.8065702], [130.7124278, 31.8065323], [130.712527, 31.8055492], [130.7132428, 31.805591], [130.7132365, 31.8056603], [130.7134132, 31.8056717], [130.7134273, 31.8055278], [130.7133723, 31.8055217], [130.713354, 31.8055029], [130.7134844, 31.8042317], [130.713774, 31.8037887], [130.7128668, 31.8033535], [130.7130452, 31.8031432], [130.7141581, 31.8015093], [130.7155328, 31.7994585], [130.7179157, 31.795932], [130.7182006, 31.7955267], [130.718385, 31.7953047], [130.718555, 31.7951272], [130.7186349, 31.7950403], [130.718858, 31.7948271], [130.7190756, 31.7946432], [130.7192595, 31.7944952], [130.7195652, 31.7947815], [130.7202401, 31.7942724], [130.7204668, 31.7943763], [130.7205843, 31.7944346], [130.7212945, 31.7938874], [130.721395, 31.7938086], [130.721598, 31.7938091], [130.7222777, 31.7933039], [130.7226332, 31.7930332], [130.7229515, 31.7928078], [130.7230676, 31.7928786], [130.7231783, 31.792978], [130.7233672, 31.7931013]]]}}, {"type": "Feature", "properties": {"name": "熊本機場", "name_en": "Kumamoto Airport", "icao": "RJFT", "iata": "KMJ"}, "geometry": {"type": "Polygon", "coordinates": [[[130.8492395, 32.8366662], [130.8475368, 32.8359659], [130.8469923, 32.8357506], [130.8465698, 32.8355794], [130.8463914, 32.8354519], [130.8459999, 32.8353585], [130.8458185, 32.8352863], [130.84557, 32.8351587], [130.8450423, 32.8349855], [130.8444083, 32.8347396], [130.8437084, 32.8343985], [130.8433336, 32.8342221], [130.842772, 32.8341286], [130.8398553, 32.8336345], [130.8401201, 32.8330122], [130.8387629, 32.8324127], [130.8389004, 32.8320085], [130.8389085, 32.8318445], [130.8391358, 32.8313986], [130.8372711, 32.8306685], [130.8374443, 32.8302864], [130.8366625, 32.8299861], [130.8350913, 32.8293549], [130.8327874, 32.8284373], [130.8315595, 32.8279704], [130.8315534, 32.8279076], [130.8313198, 32.8278126], [130.8312175, 32.8279717], [130.8309014, 32.8278357], [130.8309564, 32.8277215], [130.8308498, 32.8276755], [130.8308957, 32.8275907], [130.8372648, 32.8301513], [130.8373603, 32.8301529], [130.837484, 32.8301093], [130.8375811, 32.8300154], [130.83771, 32.8299143], [130.837881, 32.8299083], [130.8389257, 32.8303197], [130.839283, 32.830465], [130.8395544, 32.8305069], [130.8396431, 32.8304149], [130.8403467, 32.8291335], [130.8404773, 32.8288674], [130.840525, 32.8288275], [130.8405924, 32.8287948], [130.8410764, 32.8290743], [130.841965, 32.829588], [130.8421747, 32.8296132], [130.8424055, 32.8297253], [130.8425478, 32.8297341], [130.8434643, 32.8301387], [130.8440407, 32.8303488], [130.8441382, 32.8303506], [130.8441848, 32.8303363], [130.8443416, 32.8302491], [130.8444327, 32.8302384], [130.8445514, 32.8302633], [130.8450218, 32.83042], [130.8458183, 32.8305586], [130.8477275, 32.8309424], [130.8491615, 32.8313932], [130.8491839, 32.8313038], [130.8497713, 32.8314335], [130.8501731, 32.8314855], [130.8509868, 32.831668], [130.8518079, 32.8318002], [130.8517956, 32.8318842], [130.8519485, 32.8319081], [130.853092, 32.8318896], [130.853838, 32.8319123], [130.8543611, 32.8319664], [130.8548751, 32.8320495], [130.8551343, 32.8320911], [130.8558967, 32.8322807], [130.856192, 32.832369], [130.8562661, 32.8326201], [130.8562868, 32.8327499], [130.8561856, 32.8329602], [130.8560479, 32.8332088], [130.8552714, 32.8346635], [130.8553277, 32.8346875], [130.8561835, 32.8331866], [130.8563086, 32.8329943], [130.8565628, 32.8325509], [130.856616, 32.8325144], [130.8567578, 32.8322607], [130.8570078, 32.8323871], [130.8572325, 32.8324672], [130.8574147, 32.8324993], [130.8576909, 32.832539], [130.8633322, 32.8348041], [130.863468, 32.8348621], [130.8633936, 32.8350074], [130.8625937, 32.8364111], [130.8626375, 32.83653], [130.8637174, 32.8369674], [130.863739, 32.8371017], [130.8644754, 32.8373974], [130.8639571, 32.838379], [130.8640133, 32.8383989], [130.8653193, 32.8361823], [130.8663364, 32.8363148], [130.8663148, 32.836674], [130.8669475, 32.83683], [130.8671116, 32.8361515], [130.8679624, 32.8362821], [130.8685082, 32.8364369], [130.8691717, 32.8367048], [130.8691933, 32.8367847], [130.8688392, 32.8376574], [130.868701, 32.8375921], [130.8686146, 32.8376955], [130.8680332, 32.837482], [130.8679641, 32.8375909], [130.8695622, 32.8382317], [130.8684324, 32.8402398], [130.8706789, 32.8410603], [130.8708742, 32.8410032], [130.8710763, 32.8404996], [130.8717724, 32.8407966], [130.871615, 32.8414883], [130.8715358, 32.8416258], [130.8715352, 32.8417345], [130.8715157, 32.8417948], [130.8712602, 32.8422736], [130.8712287, 32.8423919], [130.8713125, 32.8424934], [130.8720798, 32.8432045], [130.8724961, 32.8433767], [130.8721071, 32.844055], [130.8722701, 32.8441373], [130.8724431, 32.8440804], [130.8725631, 32.8441243], [130.8726422, 32.8442961], [130.8729333, 32.8444054], [130.8730043, 32.8444212], [130.873923, 32.8448026], [130.8738553, 32.8449141], [130.8724974, 32.844366], [130.872429, 32.844477], [130.8722775, 32.8444167], [130.8723392, 32.8443046], [130.872024, 32.8442049], [130.8716378, 32.8448899], [130.8712323, 32.844744], [130.8700311, 32.8446477], [130.8700137, 32.8446623], [130.8699667, 32.8447525], [130.8696785, 32.8448139], [130.8657478, 32.8431859], [130.8647601, 32.8428078], [130.8492395, 32.8366662]]]}}, {"type": "Feature", "properties": {"name": "石垣島機場", "name_en": "New Ishigaki Airport", "icao": "ROIG", "iata": "ISG"}, "geometry": {"type": "Polygon", "coordinates": [[[124.2504887, 24.4058661], [124.2496428, 24.4051783], [124.2489993, 24.4041159], [124.2400737, 24.3926664], [124.2375904, 24.3906691], [124.2380883, 24.3902238], [124.2370079, 24.3888042], [124.2397008, 24.3871081], [124.2403822, 24.3879561], [124.2409825, 24.3879038], [124.2414752, 24.3881307], [124.2418199, 24.388575], [124.2420205, 24.3887429], [124.2427887, 24.3889942], [124.2430958, 24.38887], [124.2434344, 24.388617], [124.2440187, 24.3882183], [124.2444308, 24.3887189], [124.2446762, 24.3890171], [124.244794, 24.3890338], [124.245378, 24.3886297], [124.245547, 24.388528], [124.2455712, 24.3885583], [124.2459112, 24.3889851], [124.2462266, 24.389381], [124.2465008, 24.3897251], [124.2468691, 24.3901873], [124.248041, 24.3916582], [124.2483024, 24.3919863], [124.2477421, 24.392361], [124.2467635, 24.3930155], [124.246433, 24.3931906], [124.2463948, 24.3934363], [124.2460441, 24.3938539], [124.2490831, 24.397383], [124.2532441, 24.4020901], [124.2532857, 24.402951], [124.2531985, 24.4032038], [124.253609, 24.4038238], [124.2536145, 24.4041807], [124.2535206, 24.4043579], [124.2533235, 24.4044864], [124.2533899, 24.4048235], [124.2535885, 24.405105], [124.2534873, 24.4053587], [124.2518192, 24.4062722], [124.2517088, 24.4063238], [124.2515812, 24.4063113], [124.2514816, 24.4062308], [124.2512979, 24.4059389], [124.2508616, 24.4056843], [124.2504887, 24.4058661]]]}}, {"type": "Feature", "properties": {"name": "高松機場", "name_en": "Takamatsu Airport", "icao": "RJOT", "iata": "TAK"}, "geometry": {"type": "Polygon", "coordinates": [[[134.0030576, 34.2137244], [134.002877, 34.2136848], [134.0030174, 34.213345], [134.0026992, 34.2133492], [134.0026985, 34.2132781], [134.0021233, 34.2132869], [134.0018355, 34.2133308], [134.0015871, 34.2133957], [134.0013572, 34.2135477], [134.0012742, 34.2135144], [134.001301, 34.2134124], [134.0009659, 34.2133583], [134.000894, 34.2134705], [134.000827, 34.2134506], [134.0004452, 34.2127319], [134.0004335, 34.2122905], [134.0005365, 34.2122479], [134.000583, 34.2122151], [134.0007698, 34.2122368], [134.0009088, 34.2121777], [134.0011139, 34.2116467], [134.00074, 34.2113978], [133.9998082, 34.2111028], [133.9998475, 34.2103543], [134.0000448, 34.2097862], [134.0003228, 34.2092128], [134.0004078, 34.2091936], [134.0007108, 34.2092868], [134.0010005, 34.2093267], [134.0015048, 34.2092935], [134.0020788, 34.2093068], [134.0021785, 34.2090745], [134.0027642, 34.2092468], [134.0039462, 34.2094578], [134.0045795, 34.2096243], [134.0059732, 34.2099906], [134.0173761, 34.2128983], [134.0174477, 34.2129201], [134.0175573, 34.2129494], [134.0177361, 34.2129971], [134.0179112, 34.2130438], [134.0188926, 34.2132829], [134.0216763, 34.2140134], [134.0234748, 34.2144713], [134.0240353, 34.2145644], [134.0247645, 34.2147989], [134.0254929, 34.2149845], [134.0270821, 34.2150831], [134.0279452, 34.2151382], [134.0290752, 34.2152104], [134.0288806, 34.2157069], [134.0290201, 34.2159406], [134.0299032, 34.2161698], [134.0303003, 34.2162729], [134.030345, 34.2163623], [134.0293063, 34.2191327], [134.0292486, 34.2198223], [134.0291434, 34.2202111], [134.0288893, 34.220177], [134.0287855, 34.2199178], [134.028383, 34.2198194], [134.0274692, 34.2202927], [134.0260306, 34.2198997], [134.025935, 34.21999], [134.0256767, 34.2197738], [134.0230456, 34.2184828], [134.0223336, 34.2182763], [134.0216643, 34.2200664], [134.021335, 34.2209052], [134.0205572, 34.2207208], [134.0201072, 34.2209628], [134.0198962, 34.2209628], [134.0195662, 34.2204808], [134.0191672, 34.2203778], [134.0189612, 34.2206518], [134.0189275, 34.2206566], [134.0184981, 34.2205874], [134.0181232, 34.2203615], [134.0180231, 34.2202941], [134.0179441, 34.2202597], [134.0176464, 34.2202444], [134.0174152, 34.2202649], [134.0172954, 34.2203372], [134.0172549, 34.2203771], [134.0171948, 34.2204754], [134.0170052, 34.2204], [134.0169036, 34.2204932], [134.0169912, 34.220559], [134.0170166, 34.2206149], [134.0169841, 34.2206838], [134.0168506, 34.2207566], [134.0166355, 34.220921], [134.0163578, 34.221242], [134.0162919, 34.2213026], [134.016238, 34.2213062], [134.01615, 34.2212539], [134.0163564, 34.2209723], [134.0167563, 34.2205485], [134.0166212, 34.2203198], [134.0165802, 34.2199428], [134.0164292, 34.2197938], [134.0162831, 34.2197903], [134.0159363, 34.2196908], [134.0159559, 34.2195121], [134.0158436, 34.2194746], [134.0156756, 34.2195535], [134.0155098, 34.219667], [134.0151739, 34.2195266], [134.0151677, 34.2194194], [134.0145934, 34.2186805], [134.0147093, 34.2181362], [134.0149942, 34.2180584], [134.015204, 34.2174967], [134.0151276, 34.2173566], [134.0152786, 34.2169941], [134.0154539, 34.2169388], [134.015585, 34.2166533], [134.0153284, 34.2164408], [134.015229, 34.2163858], [134.0151867, 34.2163624], [134.0126487, 34.2163108], [134.0122721, 34.2161824], [134.012275, 34.2158532], [134.0118649, 34.2154693], [134.0117075, 34.2154746], [134.0108714, 34.2158987], [134.0105949, 34.2158131], [134.0104023, 34.2157607], [134.0102771, 34.2150988], [134.009856, 34.2149808], [134.0093469, 34.2148453], [134.0092428, 34.2148108], [134.0089378, 34.2148682], [134.0087638, 34.2149645], [134.0086321, 34.2149574], [134.0085996, 34.2146227], [134.0082432, 34.2146358], [134.0076136, 34.2144905], [134.0074932, 34.2143235], [134.0070592, 34.2143139], [134.0068723, 34.2144157], [134.006784, 34.2145195], [134.0067702, 34.2145638], [134.0067222, 34.2145668], [134.0066352, 34.2145428], [134.0065072, 34.2144914], [134.0064667, 34.2140495], [134.005657, 34.2138739], [134.0055097, 34.2139167], [134.0049342, 34.2137718], [134.0047482, 34.2138348], [134.0043352, 34.2137368], [134.0039712, 34.2136866], [134.0038449, 34.2136907], [134.0032843, 34.2138033], [134.0032054, 34.2137759], [134.0030576, 34.2137244]]]}}, {"type": "Feature", "properties": {"name": "那霸機場", "name_en": "Naha Airport", "icao": "ROAH", "iata": "OKA"}, "geometry": {"type": "Polygon", "coordinates": [[[127.6445974, 26.1807634], [127.6443899, 26.1807526], [127.6441635, 26.1809943], [127.6437895, 26.1885672], [127.6436712, 26.1887242], [127.6435374, 26.1889181], [127.6435305, 26.1890428], [127.6431858, 26.1895215], [127.6427947, 26.1895061], [127.6425048, 26.1895861], [127.6422784, 26.1897431], [127.6421206, 26.1899863], [127.6420468, 26.1902033], [127.6419525, 26.1905527], [127.6414139, 26.1908898], [127.6412047, 26.191136], [127.6411584, 26.1912823], [127.6408342, 26.1915932], [127.6406712, 26.1919071], [127.6401052, 26.1926305], [127.6398702, 26.1927675], [127.6397621, 26.1929953], [127.6390023, 26.1948515], [127.6381996, 26.1966352], [127.6379594, 26.1971924], [127.6375529, 26.1976418], [127.6372373, 26.1978849], [127.6370075, 26.1981081], [127.6367588, 26.1984313], [127.6366198, 26.1986406], [127.6366644, 26.1987468], [127.6367365, 26.1988114], [127.6370709, 26.1992424], [127.6373797, 26.1994132], [127.6378428, 26.1994917], [127.6384174, 26.1997256], [127.6392699, 26.2002443], [127.6403882, 26.2009368], [127.6408942, 26.2013801], [127.6411837, 26.2017619], [127.6410392, 26.2017605], [127.6373059, 26.2015927], [127.6357909, 26.2015239], [127.6351203, 26.200335], [127.6360821, 26.1800999], [127.6361664, 26.1783268], [127.6352866, 26.1774602], [127.6353939, 26.175756], [127.6321538, 26.1756308], [127.6321458, 26.175703], [127.6318749, 26.175703], [127.6312794, 26.1783123], [127.631156, 26.1782882], [127.6310005, 26.1789478], [127.6316925, 26.1820144], [127.6313974, 26.1881063], [127.6294689, 26.1880389], [127.6287796, 26.1873818], [127.628557, 26.1875672], [127.6292691, 26.1882495], [127.6313894, 26.1883302], [127.6308181, 26.2003062], [127.6306518, 26.2003062], [127.6304157, 26.2062263], [127.6338704, 26.2063515], [127.6339616, 26.2044455], [127.6349433, 26.2036898], [127.6370811, 26.2037674], [127.6418745, 26.2039013], [127.6419778, 26.2038807], [127.642076, 26.2043703], [127.6427244, 26.2070434], [127.6426986, 26.2071881], [127.642546, 26.2073666], [127.6423041, 26.2075128], [127.6419216, 26.2076082], [127.6413831, 26.2076436], [127.6411978, 26.207619], [127.6408307, 26.2070865], [127.6407278, 26.2070711], [127.6406335, 26.2071358], [127.6405889, 26.2072512], [127.6405803, 26.2074389], [127.6406987, 26.2075559], [127.6409079, 26.207679], [127.6422287, 26.20843], [127.6429988, 26.2092164], [127.6435511, 26.2099981], [127.6436849, 26.2102474], [127.644196, 26.2113185], [127.644299, 26.2113585], [127.6456163, 26.2114016], [127.6465494, 26.2120448], [127.6466729, 26.2122941], [127.6468667, 26.2124603], [127.6468598, 26.2130389], [127.6467192, 26.213122], [127.6463264, 26.212645], [127.6462063, 26.2126958], [127.646726, 26.2133713], [127.6467895, 26.2145978], [127.6488409, 26.2165859], [127.6520639, 26.2176705], [127.653073, 26.2176096], [127.6542956, 26.2165215], [127.6548477, 26.2155543], [127.655388, 26.2146934], [127.6555287, 26.2145426], [127.6559582, 26.2142619], [127.656219, 26.2141607], [127.6561001, 26.2141107], [127.6559813, 26.2141313], [127.6556235, 26.2139964], [127.6555774, 26.2138299], [127.6555362, 26.2138365], [127.6554864, 26.2136961], [127.6553263, 26.2137842], [127.6552439, 26.2137538], [127.6544676, 26.2138027], [127.6543524, 26.213831], [127.6542505, 26.2143696], [127.6541923, 26.2144708], [127.6535131, 26.2142129], [127.6533172, 26.2138019], [127.6532115, 26.2138051], [127.6530281, 26.2138612], [127.6525505, 26.214083], [127.6513433, 26.2145775], [127.6506156, 26.2147537], [127.6500747, 26.2147015], [127.6494658, 26.2144338], [127.649524, 26.2142554], [127.6498685, 26.2133871], [127.6502153, 26.2126145], [127.6502491, 26.2122219], [127.6503255, 26.2122157], [127.6503443, 26.2113029], [127.6509777, 26.2113221], [127.6510549, 26.2094903], [127.6510773, 26.2080696], [127.6512025, 26.2053535], [127.6512921, 26.2034113], [127.6513295, 26.2033624], [127.6513814, 26.2033423], [127.6519613, 26.2033583], [127.6523747, 26.203344], [127.6525182, 26.2033149], [127.6526379, 26.203267], [127.6527728, 26.2031915], [127.6528757, 26.2031199], [127.653446, 26.2026392], [127.6536377, 26.202538], [127.6537393, 26.2023628], [127.6537264, 26.2005569], [127.6541832, 26.200235], [127.6549859, 26.2004915], [127.6554787, 26.2004628], [127.6557933, 26.2003604], [127.6560731, 26.2002248], [127.6564527, 26.1999165], [127.6567238, 26.1997246], [127.6572567, 26.1997266], [127.6599241, 26.1975818], [127.659989, 26.1973614], [127.6599891, 26.1970455], [127.6598593, 26.1968928], [127.6597796, 26.1967642], [127.659428, 26.1962839], [127.6590964, 26.1957438], [127.659054, 26.1956588], [127.658987, 26.1955242], [127.6588562, 26.1950814], [127.6588088, 26.194701], [127.6588152, 26.1943185], [127.6589528, 26.1935705], [127.6590544, 26.1931156], [127.659118, 26.1926603], [127.659148, 26.1922056], [127.6590876, 26.1915912], [127.6589589, 26.1910365], [127.6586, 26.1902916], [127.6584321, 26.1900109], [127.6582415, 26.1897366], [127.6579275, 26.1893521], [127.6576802, 26.1890775], [127.6576051, 26.1889977], [127.6571277, 26.1884904], [127.6563456, 26.1874796], [127.6560141, 26.186626], [127.6558704, 26.186103], [127.6555489, 26.1843563], [127.6550705, 26.1812715], [127.6547162, 26.181235], [127.654624, 26.1812255], [127.6545577, 26.181161], [127.6546406, 26.1807345], [127.6543273, 26.1805808], [127.6541214, 26.1804797], [127.6528575, 26.180011], [127.6524791, 26.1799273], [127.6509966, 26.1793511], [127.6504424, 26.1791163], [127.6491675, 26.1814309], [127.6487943, 26.1817448], [127.6484526, 26.1817878], [127.6479637, 26.1812214], [127.6477407, 26.1810013], [127.6474723, 26.1808889], [127.6469011, 26.1808527], [127.6462339, 26.1808181], [127.6453077, 26.1807858], [127.6445974, 26.1807634]]]}}, {"type": "Feature", "properties": {"name": "福岡機場", "name_en": "Fukuoka Airport", "icao": "RJFF", "iata": "FUK"}, "geometry": {"type": "Polygon", "coordinates": [[[130.4380366, 33.5988994], [130.4381123, 33.5989374], [130.4380104, 33.5991222], [130.4380254, 33.5991457], [130.43803, 33.5991539], [130.4380377, 33.5991666], [130.4380484, 33.5991834], [130.438062, 33.5992035], [130.4380786, 33.5992264], [130.4380979, 33.5992514], [130.4381201, 33.5992779], [130.438145, 33.5993052], [130.4381727, 33.5993328], [130.4382078, 33.5993649], [130.4382533, 33.5994046], [130.4383056, 33.5994492], [130.4383617, 33.5994962], [130.4384181, 33.5995431], [130.4384716, 33.5995872], [130.438519, 33.599626], [130.4385568, 33.5996569], [130.438582, 33.5996773], [130.4385911, 33.5996847], [130.4389438, 33.5999706], [130.4405197, 33.6009459], [130.4408691, 33.6011621], [130.4414026, 33.6014923], [130.4414061, 33.6014944], [130.4414111, 33.601497], [130.4414179, 33.6015004], [130.4414264, 33.6015044], [130.4414365, 33.6015087], [130.4414482, 33.6015132], [130.4414612, 33.6015177], [130.4414756, 33.6015219], [130.4414912, 33.6015258], [130.441522, 33.6015307], [130.4415774, 33.6015376], [130.441651, 33.601546], [130.4417362, 33.6015553], [130.4418263, 33.6015648], [130.4419148, 33.601574], [130.4419951, 33.6015821], [130.4420606, 33.6015888], [130.4421047, 33.6015932], [130.4421209, 33.6015948], [130.4426962, 33.6016886], [130.44393, 33.6019154], [130.4439452, 33.6019182], [130.443988, 33.6019257], [130.4440544, 33.6019365], [130.4441402, 33.6019491], [130.4442415, 33.601962], [130.4443541, 33.6019738], [130.444474, 33.6019829], [130.4445971, 33.601988], [130.4447193, 33.6019876], [130.4448366, 33.6019801], [130.4449516, 33.6019653], [130.4450675, 33.6019448], [130.4451813, 33.6019202], [130.4452898, 33.6018934], [130.4453902, 33.6018659], [130.4454791, 33.6018396], [130.4455537, 33.6018162], [130.4456107, 33.6017974], [130.4456472, 33.6017848], [130.4456601, 33.6017802], [130.4485247, 33.6008106], [130.4485312, 33.6008086], [130.4485493, 33.6008022], [130.4485771, 33.6007913], [130.4486125, 33.6007758], [130.4486534, 33.6007553], [130.4486979, 33.6007298], [130.4487439, 33.600699], [130.4487894, 33.6006626], [130.4488323, 33.6006206], [130.4488707, 33.6005727], [130.4489011, 33.6005214], [130.4489224, 33.6004702], [130.448936, 33.6004204], [130.4489434, 33.6003731], [130.4489458, 33.6003298], [130.4489446, 33.6002915], [130.4489413, 33.6002595], [130.4489373, 33.6002351], [130.4489338, 33.6002196], [130.4489323, 33.6002141], [130.448408, 33.598571], [130.4482283, 33.5981297], [130.448228, 33.5981245], [130.4482277, 33.5981091], [130.4482281, 33.5980844], [130.4482299, 33.5980511], [130.4482336, 33.5980099], [130.4482401, 33.5979616], [130.4482501, 33.5979067], [130.4482641, 33.5978462], [130.448283, 33.5977807], [130.4483074, 33.5977108], [130.4483356, 33.5976401], [130.448365, 33.5975721], [130.4483945, 33.5975079], [130.4484233, 33.5974487], [130.4484502, 33.5973955], [130.4484744, 33.5973496], [130.448495, 33.5973118], [130.4485108, 33.5972835], [130.448521, 33.5972657], [130.4485247, 33.5972595], [130.4502895, 33.5946556], [130.4504304, 33.5944199], [130.4504313, 33.5944174], [130.4504338, 33.5944104], [130.4504378, 33.5943995], [130.4504428, 33.594385], [130.4504486, 33.5943677], [130.450455, 33.594348], [130.4504616, 33.5943265], [130.4504681, 33.5943038], [130.4504744, 33.5942804], [130.45048, 33.5942568], [130.450485, 33.5942297], [130.4504897, 33.5941968], [130.450494, 33.5941601], [130.4504979, 33.5941216], [130.4505013, 33.5940834], [130.4505041, 33.5940475], [130.4505064, 33.5940161], [130.4505081, 33.5939911], [130.4505091, 33.5939745], [130.4505095, 33.5939686], [130.4505698, 33.5932749], [130.45057, 33.5932707], [130.4505708, 33.5932584], [130.450573, 33.5932386], [130.4505774, 33.5932118], [130.4505846, 33.5931785], [130.4505953, 33.5931393], [130.4506103, 33.5930945], [130.4506303, 33.5930449], [130.4506559, 33.5929909], [130.4506879, 33.592933], [130.4507202, 33.5928783], [130.4507467, 33.5928327], [130.450768, 33.5927956], [130.4507846, 33.5927661], [130.4508121, 33.592715], [130.45085, 33.5926516], [130.4525359, 33.5899257], [130.4531488, 33.5890677], [130.4540057, 33.5879773], [130.4548305, 33.5869461], [130.4550451, 33.5866579], [130.455048, 33.5866538], [130.455056, 33.5866422], [130.4550684, 33.586624], [130.4550843, 33.5866002], [130.4551028, 33.5865717], [130.455123, 33.5865397], [130.4551442, 33.5865049], [130.4551654, 33.5864684], [130.4551859, 33.5864312], [130.4552047, 33.5863942], [130.4552226, 33.5863563], [130.4552406, 33.5863166], [130.4552582, 33.5862763], [130.455275, 33.586237], [130.4552905, 33.5862], [130.4553042, 33.5861666], [130.4553157, 33.5861382], [130.4553245, 33.5861163], [130.4553301, 33.5861021], [130.4553321, 33.5860971], [130.4557975, 33.5847463], [130.4558189, 33.584657], [130.4558551, 33.5845653], [130.4560362, 33.5841933], [130.456342, 33.5836771], [130.4567309, 33.5830593], [130.4570635, 33.5825241], [130.4570767, 33.5824987], [130.4571292, 33.5823979], [130.4571882, 33.5822705], [130.4573759, 33.5818493], [130.4580465, 33.5802784], [130.4582074, 33.5798723], [130.4600152, 33.5773712], [130.4609567, 33.5760192], [130.4601448, 33.5756295], [130.4601321, 33.5756225], [130.4601135, 33.575609], [130.4600958, 33.5755895], [130.460086, 33.5755644], [130.4600895, 33.5755338], [130.4600994, 33.5754976], [130.4601115, 33.5754612], [130.4601225, 33.5754309], [130.4601295, 33.5754128], [130.4601306, 33.5754102], [130.4601024, 33.5753879], [130.4600447, 33.5753957], [130.4600783, 33.5753007], [130.4600816, 33.5752527], [130.4603636, 33.5745559], [130.4605289, 33.5741415], [130.4605765, 33.5740236], [130.4606952, 33.5737364], [130.4607689, 33.5735504], [130.4608145, 33.5734247], [130.4608507, 33.5733331], [130.4608525, 33.5733287], [130.460857, 33.5733167], [130.460863, 33.5732981], [130.4608695, 33.5732744], [130.4608754, 33.5732469], [130.4608794, 33.5732167], [130.4608805, 33.5731853], [130.4608775, 33.5731538], [130.4608693, 33.5731237], [130.4608548, 33.5730962], [130.4608349, 33.5730702], [130.4608123, 33.5730443], [130.4607882, 33.5730191], [130.4607636, 33.5729953], [130.4607396, 33.5729734], [130.4607175, 33.5729541], [130.4606983, 33.572938], [130.4606831, 33.5729257], [130.4606732, 33.5729179], [130.4606697, 33.5729152], [130.459916, 33.572476], [130.4596755, 33.5723526], [130.4595043, 33.5722648], [130.4594225, 33.572228], [130.4573169, 33.5716257], [130.4572231, 33.5717754], [130.4570729, 33.5717285], [130.4570621, 33.5717374], [130.4570501, 33.571762], [130.4567228, 33.5716927], [130.4567163, 33.5716912], [130.4566975, 33.5716875], [130.4566676, 33.5716828], [130.4566279, 33.5716782], [130.4565793, 33.5716751], [130.4565232, 33.5716746], [130.4564608, 33.5716779], [130.4563931, 33.5716863], [130.4563213, 33.5717009], [130.4562467, 33.5717229], [130.4561741, 33.5717531], [130.4561077, 33.5717897], [130.4560478, 33.5718306], [130.4559948, 33.5718734], [130.455949, 33.5719159], [130.4559108, 33.5719558], [130.4558805, 33.5719908], [130.4558584, 33.5720186], [130.4558449, 33.572037], [130.4558404, 33.5720436], [130.452438, 33.5771008], [130.4523569, 33.5771349], [130.4523497, 33.5771369], [130.4523413, 33.5771391], [130.4523304, 33.5771415], [130.4523172, 33.577144], [130.4523023, 33.5771462], [130.4522859, 33.5771478], [130.4522686, 33.5771485], [130.4522508, 33.577148], [130.4522328, 33.577146], [130.452215, 33.5771427], [130.4521975, 33.5771385], [130.4521809, 33.5771338], [130.4521652, 33.5771287], [130.4521511, 33.5771237], [130.4521387, 33.577119], [130.4521285, 33.5771149], [130.4521207, 33.5771116], [130.4521141, 33.5771086], [130.4512914, 33.5766337], [130.4512887, 33.5766322], [130.451281, 33.576628], [130.4512692, 33.5766221], [130.4512538, 33.5766154], [130.4512355, 33.5766086], [130.4512152, 33.5766026], [130.4511934, 33.5765983], [130.4511708, 33.5765964], [130.4511483, 33.5765979], [130.4511264, 33.5766036], [130.4511057, 33.5766125], [130.4510863, 33.5766227], [130.4510684, 33.5766337], [130.4510523, 33.576645], [130.4510381, 33.5766561], [130.451026, 33.5766663], [130.4510162, 33.5766752], [130.451009, 33.5766822], [130.4510045, 33.5766868], [130.451003, 33.5766885], [130.4487875, 33.5794024], [130.4487553, 33.5793846], [130.4484026, 33.579817], [130.4483993, 33.5798203], [130.4483895, 33.5798293], [130.4483736, 33.579843], [130.4483522, 33.57986], [130.4483255, 33.5798793], [130.448294, 33.5798995], [130.448258, 33.5799196], [130.4482181, 33.5799382], [130.4481745, 33.5799543], [130.4481277, 33.5799667], [130.448077, 33.579974], [130.4480228, 33.5799763], [130.4479672, 33.5799747], [130.4479123, 33.5799701], [130.4478601, 33.5799636], [130.4478128, 33.5799561], [130.4477724, 33.5799485], [130.4477409, 33.5799419], [130.4477205, 33.5799372], [130.4477133, 33.5799354], [130.4460812, 33.5796415], [130.4460759, 33.5796412], [130.4460614, 33.5796403], [130.4460389, 33.5796393], [130.4460103, 33.5796387], [130.4459769, 33.5796389], [130.4459404, 33.5796403], [130.4459023, 33.5796435], [130.4458642, 33.5796487], [130.4458276, 33.5796565], [130.4457942, 33.5796672], [130.4457632, 33.5796805], [130.4457335, 33.5796949], [130.4457054, 33.5797099], [130.4456796, 33.5797248], [130.4456564, 33.5797392], [130.4456363, 33.5797523], [130.4456198, 33.5797635], [130.4456075, 33.5797723], [130.4455997, 33.579778], [130.445597, 33.5797801], [130.4452068, 33.5800728], [130.4451799, 33.5800963], [130.4451531, 33.5801265], [130.4415509, 33.5845486], [130.4400972, 33.5863585], [130.4399711, 33.586535], [130.4399134, 33.5866411], [130.4396036, 33.5874265], [130.4395701, 33.5879304], [130.4394105, 33.5879673], [130.440605, 33.591205], [130.4408518, 33.5920089], [130.4408955, 33.5921892], [130.4396559, 33.59365], [130.4395225, 33.5940403], [130.4394784, 33.5958116], [130.4393676, 33.5961594], [130.4382987, 33.5981113], [130.4380739, 33.5985218], [130.4380387, 33.5985611], [130.4380157, 33.5985969], [130.437995, 33.598636], [130.4379791, 33.5986818], [130.4379648, 33.5987156], [130.4379581, 33.598748], [130.4379521, 33.5987758], [130.4379479, 33.5988099], [130.4379464, 33.5988499], [130.437949, 33.5988799], [130.4379529, 33.5989165], [130.4379526, 33.5989539], [130.4379545, 33.5989693], [130.4379588, 33.5989754], [130.4379707, 33.5989783], [130.4379835, 33.5989679], [130.4379945, 33.5989514], [130.4380109, 33.5989303], [130.4380366, 33.5988994]]]}}, {"type": "Feature", "properties": {"name": "成田機場", "name_en": "Narita International Airport", "icao": "RJAA", "iata": "NRT"}, "geometry": {"type": "Polygon", "coordinates": [[[140.3967497, 35.7845626], [140.3967047, 35.7846227], [140.3966704, 35.7846724], [140.3970983, 35.7848814], [140.3972339, 35.7849903], [140.3972985, 35.7851035], [140.3973084, 35.7852954], [140.397318, 35.7855031], [140.397355, 35.7857314], [140.3971561, 35.7856832], [140.397073, 35.7857027], [140.3968664, 35.7856592], [140.396853, 35.7856832], [140.3964855, 35.7856396], [140.3964413, 35.7856077], [140.3963964, 35.7855982], [140.3963385, 35.7856868], [140.396269, 35.7858037], [140.3961978, 35.7859261], [140.396904, 35.7859965], [140.396503, 35.7872517], [140.3965681, 35.7874807], [140.3961643, 35.7878779], [140.3960565, 35.7878435], [140.396103, 35.7876615], [140.3961229, 35.7870853], [140.3960104, 35.7870691], [140.3958912, 35.7870719], [140.395876, 35.787506], [140.3922504, 35.7869796], [140.3921689, 35.7870918], [140.3948122, 35.7874564], [140.3959777, 35.7876318], [140.3959672, 35.7877333], [140.3959568, 35.7879454], [140.3960212, 35.7879704], [140.3960386, 35.7879976], [140.3960413, 35.7880335], [140.3959863, 35.7881314], [140.3959731, 35.7881855], [140.3958019, 35.7881678], [140.3909021, 35.7948433], [140.3906451, 35.795074], [140.3905715, 35.7950397], [140.3895308, 35.7964607], [140.3891215, 35.796334], [140.3885833, 35.7970586], [140.3888674, 35.7971729], [140.3888137, 35.797235], [140.388763, 35.7973136], [140.3888143, 35.7973292], [140.3893683, 35.7975856], [140.3894065, 35.7975436], [140.3898589, 35.7975425], [140.3899279, 35.7975687], [140.3899734, 35.7976022], [140.3899926, 35.7976702], [140.3900547, 35.7983529], [140.390045, 35.7984572], [140.3900177, 35.7985528], [140.3896836, 35.7993809], [140.3891189, 35.8004714], [140.3889788, 35.8006545], [140.3887154, 35.8009297], [140.3882797, 35.8013344], [140.3881179, 35.801534], [140.3879738, 35.8017444], [140.3876844, 35.8022572], [140.3876261, 35.8022286], [140.3875689, 35.8023024], [140.3870922, 35.8021359], [140.386704, 35.8020433], [140.3852271, 35.8013265], [140.3851787, 35.8013323], [140.385032, 35.8018677], [140.3851531, 35.8020228], [140.3852011, 35.8020861], [140.385156, 35.8022569], [140.3843704, 35.803687], [140.3845284, 35.803744], [140.384508, 35.8046341], [140.3844147, 35.8046844], [140.3825559, 35.8042756], [140.382219, 35.8059537], [140.3821018, 35.806079], [140.3819092, 35.8061216], [140.3813363, 35.8057111], [140.3811475, 35.8059158], [140.3819607, 35.8065025], [140.3811912, 35.8075934], [140.3803838, 35.8072325], [140.3803519, 35.8071044], [140.3796122, 35.8067581], [140.3791194, 35.8074531], [140.3786232, 35.8072199], [140.3784816, 35.807236], [140.3782987, 35.807542], [140.3774645, 35.8081731], [140.3768307, 35.808026], [140.3762379, 35.8078499], [140.3759755, 35.8082071], [140.3761047, 35.8082527], [140.3760887, 35.8082736], [140.3765513, 35.8084377], [140.3764141, 35.8086286], [140.3761959, 35.8089324], [140.3744092, 35.8114193], [140.3742486, 35.8115595], [140.3740236, 35.8118742], [140.3737552, 35.8123023], [140.3732844, 35.8129449], [140.3725747, 35.8125976], [140.3725122, 35.8126665], [140.3724789, 35.8126954], [140.371635, 35.8131582], [140.371753, 35.8133581], [140.3718831, 35.8133167], [140.3723822, 35.8141164], [140.3723762, 35.8141382], [140.3720594, 35.8142739], [140.37212, 35.8144815], [140.3721347, 35.8146245], [140.3721072, 35.8146447], [140.3708341, 35.8148289], [140.3707923, 35.8148047], [140.3706578, 35.8143515], [140.370604, 35.8142182], [140.3706309, 35.814114], [140.370882, 35.8140776], [140.3707564, 35.8136172], [140.3707714, 35.8135663], [140.3708491, 35.8135615], [140.3713478, 35.8134283], [140.3712797, 35.8132919], [140.3716161, 35.813142], [140.3724668, 35.812681], [140.3725017, 35.8126509], [140.3725599, 35.8125901], [140.3723213, 35.8124781], [140.3721655, 35.8123154], [140.3728558, 35.8113557], [140.3730294, 35.8111603], [140.3731785, 35.8109495], [140.3735486, 35.8104293], [140.3736958, 35.8102479], [140.3738075, 35.8100947], [140.3745158, 35.8091234], [140.3745007, 35.8090526], [140.3749744, 35.8084191], [140.3752194, 35.8083547], [140.3753037, 35.8080746], [140.3758774, 35.8081729], [140.3759462, 35.8081919], [140.3759678, 35.8082038], [140.3762235, 35.8078438], [140.3758309, 35.807725], [140.3758304, 35.8077193], [140.375825, 35.807426], [140.3757943, 35.8072922], [140.375231, 35.8068708], [140.3752329, 35.8062554], [140.3751765, 35.8061604], [140.3742464, 35.805577], [140.3751302, 35.8043259], [140.3759255, 35.8032094], [140.3765708, 35.8026368], [140.3765558, 35.8025926], [140.3767726, 35.8024115], [140.3768343, 35.802332], [140.3764782, 35.8020531], [140.3762407, 35.8018518], [140.3759204, 35.8015578], [140.3758965, 35.8015359], [140.375659, 35.8013086], [140.3756937, 35.8012845], [140.3757337, 35.8012567], [140.3759899, 35.8014515], [140.3770596, 35.7999972], [140.3782252, 35.7983936], [140.3782773, 35.7983253], [140.3783643, 35.7983049], [140.3783723, 35.7982146], [140.3784737, 35.7981436], [140.3785791, 35.7981], [140.3787104, 35.7980823], [140.3794185, 35.798113], [140.3795253, 35.7981005], [140.3796214, 35.798071], [140.3797248, 35.7980145], [140.3797984, 35.7979253], [140.3801795, 35.7973104], [140.3803497, 35.7968201], [140.380444, 35.7965782], [140.3805171, 35.7964391], [140.3806002, 35.7963182], [140.3812218, 35.795462], [140.3819197, 35.7944843], [140.3825406, 35.7935789], [140.3837983, 35.7918097], [140.384825, 35.7903928], [140.3852006, 35.7898782], [140.38542, 35.7896113], [140.3855297, 35.789548], [140.385661, 35.7895044], [140.3858324, 35.7894613], [140.3860273, 35.7894726], [140.3863393, 35.789551], [140.3866606, 35.7896183], [140.387315, 35.789365], [140.3874824, 35.7891062], [140.3877035, 35.7885368], [140.3865533, 35.7882466], [140.3867376, 35.7879608], [140.3865318, 35.7878694], [140.3871257, 35.787006], [140.3867054, 35.786887], [140.3869003, 35.78662], [140.3867483, 35.7861861], [140.3866213, 35.7861614], [140.3867161, 35.7859467], [140.3866494, 35.7857698], [140.3858877, 35.7855717], [140.3859273, 35.7851454], [140.3858408, 35.7848261], [140.3859007, 35.7847487], [140.3861344, 35.7846992], [140.3872247, 35.7849212], [140.3873132, 35.7849147], [140.3871175, 35.7834177], [140.3869726, 35.7833633], [140.3868921, 35.7833154], [140.3868125, 35.783291], [140.3855118, 35.7836988], [140.3854091, 35.7836545], [140.3852392, 35.7832295], [140.3851272, 35.782891], [140.3849867, 35.7824621], [140.3848889, 35.7821695], [140.3852392, 35.78204], [140.385669, 35.7816996], [140.3854503, 35.7814872], [140.3854164, 35.7814389], [140.3852715, 35.7810567], [140.3850846, 35.7808578], [140.38497, 35.7807686], [140.3845087, 35.7807613], [140.3843737, 35.7808309], [140.3841652, 35.7806452], [140.3838567, 35.780812], [140.3829296, 35.7797718], [140.3826699, 35.7795422], [140.3831303, 35.7791918], [140.3826339, 35.7786919], [140.3824602, 35.778786], [140.3822306, 35.7782246], [140.3820705, 35.7781071], [140.382049, 35.7780723], [140.3820034, 35.7781071], [140.3818049, 35.7779548], [140.3816628, 35.7779483], [140.3815447, 35.7778242], [140.3815045, 35.7778155], [140.381711, 35.7775218], [140.3819792, 35.7774565], [140.3820973, 35.7773781], [140.3820919, 35.7773063], [140.382108, 35.7772041], [140.3821536, 35.7771127], [140.3822153, 35.7770191], [140.3822958, 35.7769669], [140.3826069, 35.7768145], [140.3832158, 35.7764794], [140.3833365, 35.776314], [140.3833686, 35.7762335], [140.3834841, 35.7761471], [140.3835537, 35.7760943], [140.3835269, 35.7760116], [140.3843396, 35.7747995], [140.3842296, 35.7747494], [140.3839828, 35.774893], [140.3837092, 35.7753087], [140.3836315, 35.7755045], [140.3834544, 35.77572], [140.383264, 35.7759049], [140.3831931, 35.7759631], [140.3826042, 35.776425], [140.3824701, 35.776449], [140.3822313, 35.7763902], [140.3817584, 35.7761721], [140.3817672, 35.7760993], [140.3816437, 35.7760832], [140.3815266, 35.7760674], [140.3814603, 35.7760584], [140.3814358, 35.7760551], [140.3813928, 35.7762481], [140.3812765, 35.7766093], [140.3809982, 35.7770629], [140.3806474, 35.7774757], [140.3805676, 35.7774719], [140.38041, 35.7773892], [140.3804492, 35.7773666], [140.3804315, 35.7772383], [140.3804815, 35.7771111], [140.3805903, 35.7770167], [140.3805865, 35.7769315], [140.3804043, 35.7767689], [140.3803556, 35.7768084], [140.3801564, 35.7767406], [140.3793322, 35.7760242], [140.3790288, 35.7757606], [140.3790199, 35.7757114], [140.3789946, 35.7756508], [140.3788118, 35.7756975], [140.3786386, 35.7753845], [140.3786695, 35.7752552], [140.3784316, 35.7750549], [140.3783205, 35.7750489], [140.3763205, 35.775838], [140.3763067, 35.775801], [140.3761296, 35.7756301], [140.3760587, 35.7755902], [140.3759637, 35.7755367], [140.3741726, 35.7735296], [140.3740165, 35.7736118], [140.3738934, 35.7734633], [140.3738054, 35.7734254], [140.3735919, 35.773581], [140.3717612, 35.7761474], [140.3716052, 35.7762681], [140.3708589, 35.7772987], [140.3707176, 35.777294], [140.3706386, 35.777283], [140.3705297, 35.7772627], [140.3703556, 35.7772112], [140.3703153, 35.7772677], [140.3698007, 35.7779893], [140.3692691, 35.7780024], [140.3684731, 35.7776541], [140.3683526, 35.7778197], [140.3675089, 35.7773944], [140.3674177, 35.7773994], [140.367364, 35.777456], [140.3672638, 35.7773675], [140.3670975, 35.7772964], [140.3668792, 35.7775983], [140.367042, 35.777681], [140.3675451, 35.7778153], [140.3669967, 35.779038], [140.3663462, 35.7797243], [140.3657396, 35.780564], [140.3653847, 35.7810493], [140.3652261, 35.7810689], [140.3646197, 35.7818995], [140.3646306, 35.7819807], [140.3644213, 35.7822811], [140.3643515, 35.782268], [140.3641437, 35.7825818], [140.3634059, 35.7829504], [140.3626772, 35.7825851], [140.3625376, 35.7828219], [140.3622814, 35.7827121], [140.3619964, 35.7825627], [140.3621202, 35.7823291], [140.3619158, 35.7822474], [140.3619322, 35.7818], [140.3621325, 35.7814673], [140.3621012, 35.7814467], [140.3624974, 35.7805691], [140.3629732, 35.7800208], [140.3631771, 35.7798957], [140.3634526, 35.7795808], [140.363331, 35.7794778], [140.3632558, 35.7794487], [140.3643764, 35.7778953], [140.3643488, 35.7778432], [140.364415, 35.7776291], [140.3644034, 35.7774514], [140.3644517, 35.7773723], [140.364612, 35.7771287], [140.3645002, 35.7766059], [140.3644573, 35.7765483], [140.3644113, 35.7764848], [140.3642197, 35.7763798], [140.3642325, 35.7763622], [140.3642684, 35.7763148], [140.3645173, 35.7764639], [140.3646786, 35.7765045], [140.3648621, 35.7765948], [140.3648954, 35.7765519], [140.3656295, 35.7769106], [140.365788, 35.7766986], [140.3651179, 35.7763872], [140.365104, 35.7764166], [140.364926, 35.7763263], [140.3648682, 35.7762578], [140.3637496, 35.7757002], [140.363543, 35.7752018], [140.3643101, 35.774092], [140.364231, 35.7740126], [140.3647889, 35.7732313], [140.3647621, 35.7731465], [140.3647648, 35.7731029], [140.3651654, 35.7730615], [140.3652606, 35.772653], [140.3652311, 35.7726095], [140.3655261, 35.772492], [140.3658399, 35.7721242], [140.3661457, 35.7716977], [140.3659928, 35.7714909], [140.3666956, 35.7708533], [140.3672079, 35.7698152], [140.367511, 35.7694822], [140.3677926, 35.7691601], [140.3677363, 35.7691297], [140.3678945, 35.7689665], [140.3682942, 35.7686291], [140.3678489, 35.7684158], [140.3678221, 35.7683201], [140.3682137, 35.7677938], [140.3683424, 35.7677564], [140.3687957, 35.7679762], [140.3695563, 35.7669772], [140.3692272, 35.7668059], [140.3697423, 35.7662456], [140.370025, 35.7663182], [140.3716778, 35.7640162], [140.371444, 35.7638939], [140.3717053, 35.762681], [140.3718849, 35.7623567], [140.3721986, 35.761981], [140.3720873, 35.7613001], [140.3716496, 35.7613138], [140.3713444, 35.7615312], [140.3708131, 35.7612364], [140.3716607, 35.7600948], [140.3725074, 35.7589275], [140.3740452, 35.7567342], [140.3743646, 35.7562883], [140.3744293, 35.756304], [140.3744661, 35.7562877], [140.3745124, 35.756267], [140.3744561, 35.7561908], [140.3767095, 35.7530323], [140.3797277, 35.7488014], [140.3809589, 35.7490869], [140.381651, 35.7480931], [140.3827385, 35.7486222], [140.3827782, 35.7485696], [140.3828493, 35.7486052], [140.3837189, 35.747426], [140.3832415, 35.7467315], [140.3834455, 35.7464429], [140.3852445, 35.7457883], [140.3852815, 35.7458049], [140.3853104, 35.7458179], [140.3857402, 35.7452789], [140.3857134, 35.7452661], [140.385928, 35.744955], [140.3863906, 35.7436903], [140.3879546, 35.7415068], [140.387812, 35.7413218], [140.3877843, 35.7412136], [140.3876188, 35.7411457], [140.3875821, 35.7411329], [140.3875315, 35.7411201], [140.3874776, 35.7410841], [140.3874491, 35.7410481], [140.3873604, 35.7408604], [140.3872875, 35.7407935], [140.3867496, 35.7404871], [140.3867393, 35.7403918], [140.3871889, 35.7397548], [140.3874726, 35.7394991], [140.387806, 35.739369], [140.3882651, 35.7392385], [140.3886752, 35.7391945], [140.3892796, 35.7392165], [140.3908379, 35.7393167], [140.3917043, 35.7393733], [140.3919899, 35.7389417], [140.3925573, 35.7381846], [140.3937026, 35.7379277], [140.3943919, 35.7380496], [140.3945528, 35.737821], [140.3945716, 35.7378341], [140.394687, 35.7376773], [140.3946682, 35.7376664], [140.3947352, 35.7375706], [140.3947084, 35.7374574], [140.3942471, 35.7372397], [140.3944509, 35.7369545], [140.3951644, 35.7372919], [140.3948506, 35.7377448], [140.3947594, 35.7376991], [140.3946387, 35.7378689], [140.3947191, 35.7379146], [140.3945958, 35.7380779], [140.3946019, 35.7392146], [140.3947406, 35.7392786], [140.3947719, 35.7393031], [140.3947876, 35.7393203], [140.3947954, 35.7393385], [140.3947967, 35.7393805], [140.3947888, 35.7394099], [140.3947294, 35.7394918], [140.3947093, 35.7395299], [140.3946959, 35.7395825], [140.3947006, 35.7396373], [140.3948201, 35.740215], [140.3948278, 35.7402603], [140.3948166, 35.7403193], [140.394792, 35.7403574], [140.3943623, 35.7409594], [140.3944357, 35.7409947], [140.3944967, 35.741024], [140.3947998, 35.7408847], [140.3953899, 35.7401837], [140.3957198, 35.7405146], [140.395752, 35.7408259], [140.3956071, 35.7410545], [140.395752, 35.7410327], [140.3958137, 35.7410349], [140.3961463, 35.7411264], [140.3963018, 35.7412265], [140.3963394, 35.7412918], [140.3963394, 35.7415748], [140.3963742, 35.7416401], [140.3964124, 35.7416446], [140.3965056, 35.7416541], [140.3965231, 35.7416192], [140.3970593, 35.7416301], [140.3974815, 35.7417341], [140.3977317, 35.741412], [140.398128, 35.7416075], [140.3981468, 35.7416582], [140.3983158, 35.7417414], [140.3983802, 35.7417327], [140.3986277, 35.7418385], [140.3989445, 35.7419405], [140.3993845, 35.7420211], [140.400099, 35.7419259], [140.4008398, 35.7416005], [140.4019478, 35.7409073], [140.4025055, 35.7415896], [140.4027671, 35.7420149], [140.4029411, 35.7424715], [140.403168, 35.7432337], [140.4035043, 35.7447301], [140.4035127, 35.7448871], [140.4035049, 35.7450281], [140.4034748, 35.7452044], [140.403424, 35.7453526], [140.4033599, 35.7454963], [140.4032894, 35.7456183], [140.4026372, 35.7465613], [140.4016356, 35.7479253], [140.401301, 35.7483912], [140.4011672, 35.7485652], [140.4010623, 35.7487904], [140.4008505, 35.7490255], [140.4006895, 35.7491833], [140.4005916, 35.7493465], [140.400381, 35.7497363], [140.4003087, 35.7499234], [140.4002751, 35.7501465], [140.4002912, 35.7503403], [140.4003382, 35.7504981], [140.4003768, 35.7506468], [140.4008369, 35.7519152], [140.4009159, 35.7521493], [140.400935, 35.7522663], [140.4009442, 35.7523821], [140.4009347, 35.7525367], [140.4009227, 35.7526493], [140.4009055, 35.7527346], [140.4008481, 35.7528934], [140.4007745, 35.7530303], [140.4006777, 35.7531579], [140.4005595, 35.7532877], [140.4004202, 35.7534061], [140.4002459, 35.7535223], [140.3998824, 35.7537079], [140.3983187, 35.754362], [140.3976133, 35.7546569], [140.3974462, 35.7547192], [140.3969039, 35.7551242], [140.3968318, 35.7551813], [140.3967819, 35.7552208], [140.396684, 35.7552983], [140.3964571, 35.7554685], [140.3961995, 35.755673], [140.3958971, 35.7559275], [140.3956619, 35.7562297], [140.3950418, 35.7570574], [140.3945163, 35.7578214], [140.3940709, 35.7584296], [140.3940947, 35.7584725], [140.3941671, 35.7586032], [140.3942793, 35.7588026], [140.3949096, 35.7577731], [140.3950061, 35.7577644], [140.3955516, 35.7583176], [140.3959126, 35.7589549], [140.3959021, 35.7592529], [140.3957584, 35.7595687], [140.3951983, 35.7601373], [140.3951656, 35.7602144], [140.3953981, 35.7606168], [140.3956782, 35.7610365], [140.3959194, 35.7614483], [140.3963104, 35.7621615], [140.3964434, 35.7624254], [140.3965039, 35.7626073], [140.3965299, 35.7627678], [140.3965795, 35.7629078], [140.3966472, 35.7630289], [140.3967273, 35.7631333], [140.396828, 35.7632453], [140.3970374, 35.7634423], [140.3972223, 35.7636963], [140.3973132, 35.7638233], [140.3978943, 35.7649933], [140.3980495, 35.7652657], [140.3982321, 35.7654636], [140.3984198, 35.765549], [140.3985381, 35.7657129], [140.3986088, 35.7657915], [140.3982246, 35.7659888], [140.3984838, 35.7662461], [140.3992954, 35.7669836], [140.3995506, 35.7673017], [140.3996567, 35.7675668], [140.3996959, 35.7678308], [140.399727, 35.7684798], [140.3997561, 35.76862], [140.3998117, 35.7687267], [140.4000115, 35.7690595], [140.400093, 35.7692577], [140.4001518, 35.7693611], [140.4002751, 35.7694416], [140.4005285, 35.7693938], [140.4011214, 35.7684786], [140.401918, 35.7688986], [140.4021165, 35.7689835], [140.4025698, 35.7689378], [140.4027119, 35.7688812], [140.4032752, 35.7680498], [140.4050401, 35.7702207], [140.4051608, 35.7704046], [140.4048255, 35.7709312], [140.4046136, 35.7711728], [140.4043373, 35.7715797], [140.4043213, 35.771669], [140.4043454, 35.7717647], [140.40434, 35.771867], [140.4042864, 35.771991], [140.4034844, 35.7730617], [140.4028704, 35.77399], [140.4026394, 35.7743156], [140.4032742, 35.7755018], [140.4028, 35.7761397], [140.4026556, 35.7762441], [140.4025846, 35.7762826], [140.40243, 35.7763113], [140.4022403, 35.7762848], [140.4022338, 35.7764863], [140.401931, 35.7764908], [140.4020549, 35.7783483], [140.4021404, 35.7799072], [140.402113, 35.7802783], [140.4020232, 35.7802765], [140.4020312, 35.7804685], [140.4020991, 35.7813497], [140.4021282, 35.7814685], [140.4021518, 35.7815635], [140.4021299, 35.7817022], [140.4020299, 35.7819289], [140.4019018, 35.7821285], [140.4017225, 35.7823585], [140.4015035, 35.7825314], [140.4011527, 35.7827256], [140.3990983, 35.783482], [140.3977285, 35.7840246], [140.3976506, 35.7840747], [140.3975593, 35.7841466], [140.3970822, 35.7846932], [140.3970638, 35.7847078], [140.3967497, 35.7845626]]]}}, {"type": "Feature", "properties": {"name": "關西國際機場", "name_en": "Kansai International Airport", "icao": "RJBB", "iata": "KIX"}, "geometry": {"type": "Polygon", "coordinates": [[[135.2651337, 34.4375018], [135.2651001, 34.4378043], [135.2629532, 34.4399947], [135.2629304, 34.4400178], [135.259554, 34.4434659], [135.2595167, 34.4434692], [135.2549404, 34.4438772], [135.2548598, 34.443884], [135.2541367, 34.4439471], [135.254086, 34.4439518], [135.2531432, 34.4440363], [135.2531314, 34.4440374], [135.2519372, 34.4441444], [135.2518347, 34.4441535], [135.2375901, 34.4345934], [135.2331416, 34.4316025], [135.2330898, 34.4316068], [135.2320652, 34.4326668], [135.2321456, 34.4333133], [135.2378871, 34.4371518], [135.2379267, 34.4371098], [135.247879, 34.4438046], [135.2480292, 34.4436719], [135.2507302, 34.4454768], [135.2505403, 34.4456606], [135.2537208, 34.447754], [135.2536443, 34.4478345], [135.2525643, 34.4471356], [135.2509308, 34.4487343], [135.2543372, 34.4509696], [135.2551853, 34.4501281], [135.255369, 34.4502564], [135.2544746, 34.4511635], [135.2538912, 34.4511624], [135.2538914, 34.4512902], [135.2455041, 34.4513268], [135.241624, 34.4553505], [135.2379125, 34.4528256], [135.2357619, 34.4504445], [135.208086, 34.4318678], [135.2048368, 34.4306145], [135.2010288, 34.4281169], [135.2028721, 34.4263086], [135.2028912, 34.4262887], [135.2090239, 34.4199037], [135.2092991, 34.4200891], [135.2090809, 34.4203024], [135.2090303, 34.4202671], [135.2062236, 34.4230953], [135.2215799, 34.4334077], [135.221681, 34.4334021], [135.2259232, 34.4290162], [135.2261759, 34.4291966], [135.2266869, 34.4286645], [135.2268693, 34.4287862], [135.2263382, 34.4293459], [135.2286959, 34.4309247], [135.2294317, 34.430857], [135.2304534, 34.4298188], [135.2276981, 34.4279521], [135.2271134, 34.4285362], [135.226939, 34.4284123], [135.2275157, 34.4278282], [135.2190707, 34.4221942], [135.2211342, 34.4201053], [135.2259579, 34.4152122], [135.2259768, 34.415193], [135.227678, 34.4134691], [135.2312526, 34.4158641], [135.23376, 34.4184862], [135.2355341, 34.4196756], [135.2359792, 34.4192423], [135.2367467, 34.4184333], [135.2366875, 34.4183918], [135.2367108, 34.4183677], [135.2351995, 34.417358], [135.2352648, 34.4172942], [135.2352805, 34.4173047], [135.2353127, 34.4173262], [135.2356816, 34.4175728], [135.2357404, 34.417612], [135.2367717, 34.4183013], [135.2368556, 34.4182141], [135.2369238, 34.4182602], [135.2369574, 34.4182829], [135.2380724, 34.4190369], [135.2381023, 34.4190571], [135.2392701, 34.4198467], [135.2393169, 34.4198783], [135.239263, 34.4199341], [135.2369614, 34.4183935], [135.2368261, 34.4185273], [135.2371572, 34.4187453], [135.236857, 34.4190583], [135.2365289, 34.4188484], [135.2356422, 34.4197529], [135.2361692, 34.4201063], [135.2405272, 34.4230323], [135.2473092, 34.4276393], [135.2507838, 34.4299189], [135.2519331, 34.4298092], [135.252153, 34.4299601], [135.2522671, 34.4309432], [135.2565908, 34.4338157], [135.2601607, 34.4352873], [135.263269, 34.4373565], [135.2634791, 34.437304], [135.26384, 34.4369401], [135.264167, 34.4368528], [135.2651337, 34.4375018]]]}}, {"type": "Feature", "properties": {"name": "小松機場", "name_en": "Komatsu Airport", "icao": "RJNK", "iata": "KMQ"}, "geometry": {"type": "Polygon", "coordinates": [[[136.387478, 36.382123], [136.389292, 36.38171], [136.391013, 36.381197], [136.393042, 36.382295], [136.393773, 36.381862], [136.394021, 36.381843], [136.39423, 36.3819], [136.394545, 36.381985], [136.395156, 36.382357], [136.395744, 36.382673], [136.396577, 36.383074], [136.39738, 36.383659], [136.397921, 36.383495], [136.39808, 36.383601], [136.398755, 36.384251], [136.399151, 36.384488], [136.399713, 36.384694], [136.399546, 36.385525], [136.399954, 36.38594], [136.400885, 36.386638], [136.4025, 36.387726], [136.403907, 36.386286], [136.405568, 36.386922], [136.407781, 36.387261], [136.409761, 36.38794], [136.410097, 36.388262], [136.415508, 36.389421], [136.416062, 36.389683], [136.418917, 36.39091], [136.421888, 36.392522], [136.422051, 36.392664], [136.422633, 36.393804], [136.423111, 36.394624], [136.423488, 36.395162], [136.424281, 36.395857], [136.424421, 36.396039], [136.424742, 36.398446], [136.424982, 36.399604], [136.425193, 36.399644], [136.4255521, 36.4014784], [136.4255638, 36.4016584], [136.4255518, 36.4018383], [136.4255151, 36.4019529], [136.425447, 36.4021114], [136.42539, 36.4022104], [136.4237825, 36.4041551], [136.4237153, 36.4042492], [136.4236924, 36.4043366], [136.4237024, 36.4044278], [136.4237238, 36.4045092], [136.4238159, 36.4046527], [136.422018, 36.404861], [136.421172, 36.404861], [136.419167, 36.404458], [136.4178845, 36.4063479], [136.4175662, 36.4062194], [136.4173828, 36.4061154], [136.4167386, 36.4058421], [136.4160475, 36.4056065], [136.4144578, 36.4049542], [136.4130932, 36.4043748], [136.4111753, 36.4034168], [136.4112809, 36.4030602], [136.4110831, 36.4014647], [136.4082957, 36.3994556], [136.399346, 36.3961203], [136.3996136, 36.395475], [136.3954133, 36.3930899], [136.3921103, 36.3912352], [136.392252, 36.39112], [136.392476, 36.3910179], [136.3926258, 36.3909473], [136.3932061, 36.3905855], [136.3875516, 36.3873905], [136.3845832, 36.3857259], [136.387478, 36.382123]]]}}, {"type": "Feature", "properties": {"name": "香港國際機場", "name_en": "Hong Kong International Airport", "icao": "VHHH", "iata": "HKG"}, "geometry": {"type": "Polygon", "coordinates": [[[113.9423673, 22.3142], [113.9432767, 22.3154458], [113.9436073, 22.3159495], [113.9436458, 22.3160162], [113.94366, 22.3160951], [113.9437843, 22.3165985], [113.9438004, 22.3167324], [113.9438198, 22.3167593], [113.9438951, 22.317087], [113.9440012, 22.3175762], [113.9440034, 22.3175865], [113.9442289, 22.3175477], [113.944689, 22.3174872], [113.9447143, 22.3176057], [113.9442633, 22.3177083], [113.9440385, 22.3177524], [113.9441131, 22.3181058], [113.9443415, 22.318074], [113.9448049, 22.3180082], [113.9448191, 22.3180728], [113.9448333, 22.3181375], [113.9443774, 22.318242], [113.9441521, 22.3182904], [113.9442106, 22.3185674], [113.9449708, 22.3184166], [113.9449927, 22.3185112], [113.9442307, 22.3186622], [113.9443079, 22.3190312], [113.9443642, 22.3192011], [113.9444123, 22.3193025], [113.9444209, 22.3193363], [113.9445359, 22.3194306], [113.9448778, 22.3197085], [113.9451045, 22.3197879], [113.9450602, 22.3199517], [113.9449422, 22.3199306], [113.9447799, 22.3201266], [113.9447638, 22.3202246], [113.9447799, 22.3202879], [113.9448228, 22.3203537], [113.9449167, 22.3203872], [113.9450334, 22.3203921], [113.9459682, 22.3203834], [113.9460426, 22.3197656], [113.9460674, 22.3197638], [113.9459896, 22.3194914], [113.9458381, 22.3194865], [113.9457905, 22.319484], [113.9457583, 22.3194679], [113.9457516, 22.3194468], [113.945765, 22.3194201], [113.9458334, 22.3194089], [113.9460272, 22.319422], [113.9460674, 22.3194313], [113.9460895, 22.3194827], [113.9461425, 22.3197135], [113.9461505, 22.3198177], [113.9460754, 22.3204083], [113.9459681, 22.3207134], [113.9458823, 22.3208332], [113.9457683, 22.3208549], [113.9457254, 22.3208865], [113.9457133, 22.3209368], [113.9457187, 22.3209839], [113.9457556, 22.3209827], [113.9457549, 22.3210807], [113.9458153, 22.3210794], [113.9459628, 22.3228225], [113.9457998, 22.3228274], [113.9457187, 22.3228796], [113.9456825, 22.3229453], [113.9456785, 22.3230173], [113.9457053, 22.3231686], [113.9456718, 22.3232368], [113.9456034, 22.3233138], [113.9451849, 22.3234639], [113.945079, 22.3235271], [113.9449999, 22.3236053], [113.9449489, 22.3236686], [113.944957, 22.3237666], [113.9447223, 22.3237839], [113.9447021, 22.3236351], [113.9445526, 22.3235556], [113.9441711, 22.3232716], [113.9437285, 22.3228498], [113.943585, 22.3226885], [113.9434858, 22.3226203], [113.9433396, 22.3225607], [113.9395952, 22.3218474], [113.9392319, 22.3217854], [113.939071, 22.3217432], [113.9379944, 22.3213987], [113.9378539, 22.3213965], [113.9377393, 22.3214247], [113.9376422, 22.3214819], [113.9375662, 22.3215524], [113.9374962, 22.3216655], [113.9366154, 22.3240358], [113.9365351, 22.3242118], [113.9364415, 22.3243401], [113.9363175, 22.3244625], [113.9361577, 22.3245975], [113.9359858, 22.3246986], [113.9357914, 22.3247771], [113.9241312, 22.3281297], [113.9238637, 22.3282051], [113.9237404, 22.3282534], [113.9236568, 22.3283134], [113.9235564, 22.3283926], [113.9234854, 22.328468], [113.9234143, 22.3285859], [113.9233219, 22.3288038], [113.9221082, 22.3322279], [113.9219422, 22.3325034], [113.9218482, 22.3326097], [113.9216956, 22.3327315], [113.9215096, 22.3328513], [113.9213717, 22.3329287], [113.9212296, 22.3329944], [113.9211272, 22.3330079], [113.9208889, 22.3330234], [113.9207343, 22.3330234], [113.9203393, 22.3329403], [113.9202013, 22.3329113], [113.9201052, 22.3329151], [113.9199694, 22.3329461], [113.9198272, 22.3330118], [113.9197457, 22.3330562], [113.9196538, 22.3331548], [113.9195911, 22.3332264], [113.9195375, 22.3333241], [113.9192024, 22.334207], [113.9191506, 22.3343118], [113.919094, 22.3343977], [113.9190063, 22.3345059], [113.9188683, 22.3346219], [113.918745, 22.3347089], [113.9185925, 22.3347978], [113.9184002, 22.3348771], [113.9182372, 22.3349196], [113.918093, 22.3349196], [113.9179195, 22.3349099], [113.9177604, 22.3348992], [113.9176083, 22.334864], [113.9143861, 22.3338264], [113.9142617, 22.3337929], [113.9141391, 22.3337941], [113.9137772, 22.3338423], [113.9135819, 22.3338489], [113.9134168, 22.3338296], [113.9132935, 22.3337986], [113.9100972, 22.3327667], [113.9099053, 22.3326975], [113.9097564, 22.3326087], [113.9095826, 22.3324742], [113.9093862, 22.3322741], [113.9092853, 22.3321936], [113.9091339, 22.3321313], [113.886006, 22.3246769], [113.8858591, 22.3246343], [113.8857048, 22.3246065], [113.8855731, 22.3246134], [113.8853552, 22.3246426], [113.8851539, 22.3246683], [113.8849614, 22.3246541], [113.8847312, 22.3245954], [113.8815177, 22.3235497], [113.8813489, 22.3234772], [113.8811948, 22.3233808], [113.8810671, 22.3232673], [113.8809299, 22.3231214], [113.8807831, 22.3230099], [113.8805905, 22.3229352], [113.8803697, 22.3228633], [113.8774732, 22.3219412], [113.8772284, 22.321839], [113.8769931, 22.3216703], [113.8767963, 22.3214615], [113.8766426, 22.3212705], [113.876585, 22.3210573], [113.876537, 22.3208308], [113.8765466, 22.3206132], [113.876609, 22.3204], [113.8776695, 22.3175694], [113.8777415, 22.3174361], [113.8778231, 22.317334], [113.8779288, 22.3172407], [113.8780536, 22.3171208], [113.878212, 22.3170364], [113.8784089, 22.3169609], [113.8786538, 22.3169076], [113.8788554, 22.3168765], [113.8790042, 22.3168942], [113.8792971, 22.3169653], [113.8979357, 22.3229818], [113.8980367, 22.3230072], [113.8981959, 22.3230356], [113.8983754, 22.3230387], [113.8985553, 22.3229867], [113.8987163, 22.3228917], [113.8988575, 22.3227455], [113.8989404, 22.3225688], [113.9012537, 22.3164978], [113.9012997, 22.316308], [113.9012931, 22.3161547], [113.9012392, 22.3159889], [113.9011562, 22.3158347], [113.9010025, 22.315697], [113.9007895, 22.3156039], [113.8956945, 22.314009], [113.895353, 22.3138851], [113.8950975, 22.3137429], [113.8948507, 22.3135816], [113.8902873, 22.3101079], [113.8900817, 22.3099412], [113.8899435, 22.3097295], [113.8898145, 22.3093762], [113.8897932, 22.3091166], [113.8898133, 22.3088986], [113.8898673, 22.3087163], [113.8902794, 22.307739], [113.8904002, 22.3075431], [113.8905881, 22.3073773], [113.8907957, 22.3072557], [113.8910313, 22.3071727], [113.8912779, 22.3071356], [113.8958721, 22.3071873], [113.8959917, 22.3071631], [113.8960871, 22.3071299], [113.8961747, 22.3070793], [113.8962592, 22.3070002], [113.8963055, 22.3068769], [113.8969119, 22.30519], [113.8966852, 22.3051168], [113.8967349, 22.3049902], [113.8969964, 22.3042184], [113.8973518, 22.3043326], [113.8974671, 22.30401], [113.8980666, 22.3023567], [113.8980538, 22.3022872], [113.8980491, 22.30225], [113.8980438, 22.3021947], [113.8981068, 22.3018424], [113.8980854, 22.301619], [113.8979915, 22.3013522], [113.8971814, 22.3002976], [113.8944724, 22.2968965], [113.8941237, 22.2964002], [113.8939816, 22.2960602], [113.8938931, 22.2957425], [113.8938931, 22.295266], [113.8939574, 22.2948987], [113.8940835, 22.2946443], [113.894341, 22.2943267], [113.8947272, 22.294009], [113.8952798, 22.2937348], [113.8960469, 22.2936405], [113.8967657, 22.2936405], [113.8975328, 22.2936356], [113.8988525, 22.2936455], [113.8992199, 22.2937026], [113.9002284, 22.2940078], [113.9012008, 22.294282], [113.902334, 22.2945563], [113.9035141, 22.2947833], [113.9048392, 22.2949732], [113.9061829, 22.2951196], [113.9071137, 22.2951742], [113.9080417, 22.295209], [113.9106955, 22.2951945], [113.9116359, 22.2952238], [113.9132667, 22.295132], [113.9133096, 22.2953306], [113.9144851, 22.2953306], [113.9150661, 22.2953306], [113.9157227, 22.2953306], [113.9160991, 22.2953306], [113.9160991, 22.2952114], [113.9163059, 22.2951967], [113.9165558, 22.2951789], [113.9166578, 22.2951618], [113.9173436, 22.2948938], [113.9187169, 22.2945364], [113.9199703, 22.2941585], [113.9205833, 22.2939737], [113.9212495, 22.2937729], [113.9225364, 22.2933849], [113.9244002, 22.292848], [113.9272084, 22.2920391], [113.9289549, 22.2914864], [113.9290612, 22.2915947], [113.9306664, 22.29111], [113.9309736, 22.2910172], [113.9315959, 22.2908293], [113.9315818, 22.29076], [113.9315994, 22.2907167], [113.9316499, 22.2906789], [113.931804, 22.2906146], [113.9319368, 22.2905852], [113.9320347, 22.2905332], [113.9323402, 22.2903126], [113.9324858, 22.2902504], [113.9325598, 22.2901847], [113.9325983, 22.290218], [113.9325958, 22.2902483], [113.9333337, 22.2904344], [113.9335544, 22.2904756], [113.9337826, 22.290564], [113.9339385, 22.2905699], [113.9340086, 22.2906017], [113.9342229, 22.2908453], [113.9344951, 22.2909978], [113.9344653, 22.2911105], [113.9345409, 22.2912446], [113.9345304, 22.2913044], [113.9346512, 22.2914289], [113.9347532, 22.2914835], [113.9348011, 22.2916075], [113.9349813, 22.2916878], [113.9350827, 22.2917011], [113.9351314, 22.2917409], [113.9351191, 22.291829], [113.9351528, 22.2918868], [113.9354311, 22.2920783], [113.9355853, 22.2922756], [113.9356564, 22.2923314], [113.9357382, 22.2923562], [113.9358034, 22.2925265], [113.9359404, 22.2926802], [113.9359634, 22.2927534], [113.9360661, 22.2927328], [113.9360503, 22.2928144], [113.9360775, 22.2928488], [113.9362244, 22.2928724], [113.9364212, 22.2930393], [113.9364726, 22.2930061], [113.9365895, 22.2931793], [113.9366051, 22.2931444], [113.936685, 22.2931838], [113.9366976, 22.2932596], [113.9367643, 22.2933272], [113.9368122, 22.2933998], [113.9368666, 22.2933806], [113.9369613, 22.2934023], [113.9371532, 22.2935863], [113.9373584, 22.293753], [113.9374328, 22.2938801], [113.9375324, 22.2939744], [113.9381602, 22.2945687], [113.9383002, 22.2946984], [113.9383537, 22.2947595], [113.9383776, 22.2947898], [113.9383865, 22.2948427], [113.9383743, 22.2948733], [113.9382775, 22.2949364], [113.9381759, 22.2950691], [113.9375563, 22.2961118], [113.937377, 22.296601], [113.9371592, 22.2975228], [113.9372344, 22.2978641], [113.9371035, 22.2980511], [113.9370086, 22.2984254], [113.9370732, 22.2985164], [113.9368979, 22.2989582], [113.93681, 22.2990967], [113.936619, 22.299395], [113.9365538, 22.2994898], [113.9364973, 22.299718], [113.9365635, 22.299851], [113.93687, 22.300324], [113.9368271, 22.3007925], [113.9365421, 22.3011336], [113.9365049, 22.3012415], [113.9365261, 22.3013836], [113.9366115, 22.3015796], [113.9367078, 22.3016987], [113.9367148, 22.301778], [113.9368538, 22.3019445], [113.937049, 22.3021716], [113.9373933, 22.3023007], [113.9378695, 22.3023599], [113.9384967, 22.302746], [113.9391365, 22.3027803], [113.9393152, 22.3028446], [113.9395246, 22.3030994], [113.9396478, 22.3031649], [113.9400581, 22.3035645], [113.9400081, 22.3036425], [113.939931, 22.3036797], [113.9397743, 22.3037312], [113.9395519, 22.3038857], [113.9395153, 22.3038508], [113.9394961, 22.30387], [113.9395319, 22.3039236], [113.9394553, 22.3040233], [113.9394103, 22.3040199], [113.9393997, 22.3040449], [113.9395602, 22.3041355], [113.9396816, 22.3042505], [113.9396811, 22.304655], [113.9391887, 22.3049967], [113.938762, 22.3051064], [113.9385619, 22.3053773], [113.9386135, 22.3054154], [113.9386459, 22.3055066], [113.9386186, 22.3055892], [113.9388203, 22.3058043], [113.9388086, 22.3058558], [113.938802, 22.3061041], [113.9388911, 22.3062753], [113.9387915, 22.3063385], [113.9386177, 22.3064082], [113.9384422, 22.3064444], [113.9383604, 22.3064363], [113.9383931, 22.3064686], [113.9384263, 22.3065158], [113.9384435, 22.3065672], [113.9384416, 22.3066353], [113.9384153, 22.3066871], [113.9383785, 22.3067207], [113.9383256, 22.30675], [113.9382705, 22.3067594], [113.9382102, 22.306748], [113.9382431, 22.3070847], [113.9384561, 22.3077917], [113.9386197, 22.3088243], [113.938712, 22.3093451], [113.9388859, 22.3098995], [113.9390019, 22.3101285], [113.9391904, 22.3105039], [113.9393912, 22.3108296], [113.9396112, 22.3111174], [113.9403073, 22.311899], [113.9407655, 22.3123974], [113.9413153, 22.3127998], [113.941443, 22.3129609], [113.9420675, 22.3138198], [113.9422915, 22.3141039], [113.9423673, 22.3142]]]}}, {"type": "Feature", "properties": {"name": "羽田機場", "name_en": "Tokyo Haneda Airport", "icao": "RJTT", "iata": "HND"}, "geometry": {"type": "Polygon", "coordinates": [[[139.8096994, 35.5330878], [139.8073097, 35.5309466], [139.8072982, 35.5309354], [139.8072411, 35.5308825], [139.8071051, 35.5307566], [139.806527, 35.531191], [139.8064825, 35.5312545], [139.8032246, 35.5359688], [139.8031865, 35.5360234], [139.8031139, 35.5361275], [139.8089078, 35.5388792], [139.8038549, 35.5459828], [139.8009437, 35.548463], [139.7920149, 35.5610725], [139.7897562, 35.5642673], [139.7853887, 35.5704477], [139.7710621, 35.5689262], [139.7637883, 35.5604474], [139.7630877, 35.5606985], [139.7610193, 35.5631556], [139.7588984, 35.5641475], [139.7585634, 35.5642073], [139.7582108, 35.5641069], [139.7556674, 35.5627275], [139.7552637, 35.5615803], [139.7552344, 35.5615118], [139.7550084, 35.5608765], [139.7549477, 35.5606788], [139.7549971, 35.5606716], [139.7550504, 35.5606638], [139.7552392, 35.5606395], [139.755464, 35.5606106], [139.7554571, 35.5605604], [139.755384, 35.560207], [139.755379, 35.560183], [139.7552722, 35.5601976], [139.7552482, 35.5601204], [139.755341, 35.5600148], [139.755285, 35.5597421], [139.7552861, 35.5597305], [139.7552287, 35.5594615], [139.7552173, 35.5594631], [139.7552001, 35.5593828], [139.755193, 35.5593495], [139.7552073, 35.5593475], [139.7551486, 35.5590757], [139.7550644, 35.5590878], [139.7550506, 35.5590238], [139.7550493, 35.5589946], [139.7545769, 35.5590603], [139.7543536, 35.5583042], [139.7542785, 35.5581302], [139.7540203, 35.5572628], [139.7539835, 35.5571611], [139.7546079, 35.5570332], [139.7545844, 35.5569554], [139.7546417, 35.556944], [139.7546652, 35.5570217], [139.7547272, 35.5570093], [139.7547621, 35.5571247], [139.7549204, 35.5570919], [139.7549354, 35.5571397], [139.7550143, 35.5571234], [139.7551091, 35.5574368], [139.7551933, 35.5576948], [139.7551208, 35.5577098], [139.7551484, 35.5577978], [139.754742, 35.5578821], [139.7547493, 35.5579055], [139.7547079, 35.5579141], [139.7547454, 35.5580281], [139.7547878, 35.5581744], [139.7548471, 35.5583735], [139.7549021, 35.5583462], [139.7553708, 35.5577947], [139.7554312, 35.5578264], [139.755521, 35.5577254], [139.7557752, 35.5578667], [139.7558189, 35.5578146], [139.7561078, 35.5579769], [139.756144, 35.557978], [139.7561665, 35.5579914], [139.7561289, 35.5580331], [139.7563971, 35.5581845], [139.7564114, 35.5581678], [139.756437, 35.5581822], [139.7564036, 35.5582214], [139.7566928, 35.5583846], [139.7582259, 35.55657], [139.7581805, 35.556546], [139.7581915, 35.5565346], [139.7582096, 35.5565308], [139.7582696, 35.5564617], [139.7578633, 35.5562318], [139.757813, 35.556264], [139.7567726, 35.5562555], [139.7567331, 35.5562313], [139.7558486, 35.5551953], [139.7555448, 35.5542073], [139.755508, 35.5540944], [139.7554795, 35.5540014], [139.7556136, 35.5539733], [139.755613, 35.5539656], [139.7561009, 35.5538678], [139.7560915, 35.5538368], [139.7561178, 35.5538315], [139.7559589, 35.5533067], [139.7556308, 35.55337], [139.7550233, 35.5526589], [139.754961, 35.5526729], [139.7544045, 35.5508577], [139.7541754, 35.5509041], [139.7541604, 35.5507119], [139.7541851, 35.5506537], [139.7542012, 35.5505773], [139.7541958, 35.5504999], [139.7543728, 35.5504508], [139.754688, 35.5503471], [139.7549481, 35.5502457], [139.7552995, 35.5500831], [139.755498, 35.5499718], [139.7557327, 35.5498278], [139.755962, 35.5496728], [139.7563227, 35.5493717], [139.7566593, 35.5490116], [139.7569021, 35.5487181], [139.7577094, 35.5476434], [139.7580258, 35.5472255], [139.7584402, 35.5467814], [139.7586682, 35.5465937], [139.7589632, 35.5464017], [139.7592663, 35.5462402], [139.7603284, 35.546094], [139.7607562, 35.5458408], [139.7621616, 35.5474753], [139.7627745, 35.5475637], [139.7627896, 35.5475553], [139.7628754, 35.5471502], [139.763028, 35.5471723], [139.7629414, 35.5475787], [139.7629505, 35.5475885], [139.7629998, 35.5475965], [139.7640659, 35.5463253], [139.7651018, 35.5468228], [139.765247, 35.5468822], [139.7657798, 35.5471366], [139.7660626, 35.5472709], [139.7660953, 35.5472893], [139.7673359, 35.5478817], [139.7674859, 35.5476719], [139.7672873, 35.5475753], [139.7672839, 35.5475826], [139.7670146, 35.5474544], [139.7665399, 35.5472307], [139.7665298, 35.5471677], [139.7663401, 35.5470496], [139.7661734, 35.5470602], [139.7660276, 35.5469912], [139.765354, 35.5466717], [139.7650801, 35.5465403], [139.7642134, 35.5461283], [139.7639019, 35.5459832], [139.7637564, 35.5459076], [139.7636257, 35.5458386], [139.7635395, 35.5457822], [139.7634533, 35.5457243], [139.7633782, 35.5456605], [139.7632664, 35.5455551], [139.7633142, 35.5455485], [139.7638873, 35.5454697], [139.7639176, 35.5454655], [139.7638778, 35.545289], [139.7642428, 35.5452405], [139.7645888, 35.5451945], [139.7647456, 35.5451586], [139.7648669, 35.5451164], [139.7650979, 35.5450794], [139.7652555, 35.5451242], [139.7654526, 35.5448415], [139.7657483, 35.5444198], [139.7661942, 35.5438043], [139.7664142, 35.5435381], [139.766553, 35.5433902], [139.7667823, 35.5431608], [139.7669318, 35.5430331], [139.766673, 35.5428795], [139.7672664, 35.5425718], [139.7683531, 35.5420878], [139.7686484, 35.5419885], [139.7686541, 35.5419967], [139.7687376, 35.5419692], [139.7688333, 35.5419313], [139.769491, 35.5416633], [139.7695923, 35.5417071], [139.7698883, 35.5416033], [139.7698437, 35.5415103], [139.7698638, 35.5414486], [139.770002, 35.5413979], [139.7700929, 35.5413719], [139.7702993, 35.5413128], [139.7703828, 35.5412825], [139.7704418, 35.5413946], [139.7706189, 35.5413161], [139.7705642, 35.5412258], [139.7708505, 35.5411106], [139.7712043, 35.5409644], [139.7712304, 35.5410001], [139.7714419, 35.5409033], [139.7717152, 35.5407781], [139.7723465, 35.5404932], [139.7724991, 35.5404703], [139.7725112, 35.5404864], [139.7726895, 35.5404016], [139.7726845, 35.5403858], [139.7734449, 35.5400453], [139.7734544, 35.5400564], [139.7735837, 35.539994], [139.7735797, 35.5399864], [139.7748211, 35.5394352], [139.7748289, 35.5394399], [139.7749359, 35.5393845], [139.7749319, 35.5393763], [139.7760775, 35.5388615], [139.7764952, 35.5386681], [139.7765123, 35.5386763], [139.7772094, 35.5383633], [139.7774441, 35.538264], [139.7776211, 35.5381999], [139.777834, 35.5381342], [139.7780208, 35.5380913], [139.7782145, 35.5380624], [139.7782826, 35.5380567], [139.7784224, 35.5380474], [139.7786343, 35.5380504], [139.7788526, 35.538072], [139.779045, 35.538105], [139.7792536, 35.5381612], [139.7794068, 35.5382163], [139.7795379, 35.5382706], [139.7795543, 35.5382449], [139.7799017, 35.5384149], [139.7800529, 35.5382046], [139.7803875, 35.5383838], [139.7806533, 35.5385339], [139.7815276, 35.5390278], [139.7815367, 35.5390167], [139.7815646, 35.5389825], [139.7816124, 35.5389241], [139.7816441, 35.5388852], [139.7817762, 35.5387236], [139.7819598, 35.5388301], [139.7820853, 35.5388016], [139.7845041, 35.5353823], [139.7851201, 35.5352083], [139.7856821, 35.5354744], [139.7860439, 35.5349624], [139.7866211, 35.5348376], [139.7871527, 35.5350883], [139.7877743, 35.5343547], [139.7930138, 35.532797], [139.794892, 35.5322278], [139.79627, 35.5328805], [139.7962576, 35.5328979], [139.796306, 35.5329206], [139.7963182, 35.5329034], [139.7967945, 35.5331298], [139.7972339, 35.5333386], [139.7972739, 35.5333576], [139.8007757, 35.535022], [139.8008635, 35.534902], [139.8008918, 35.5348633], [139.8009733, 35.5349028], [139.8042898, 35.5302153], [139.8044261, 35.5300216], [139.8043891, 35.5296715], [139.8006213, 35.5263147], [139.8006622, 35.5262802], [139.8006699, 35.5258616], [139.8004535, 35.5256647], [139.8018052, 35.5246542], [139.7998552, 35.5229181], [139.8024582, 35.5209727], [139.8107005, 35.5282989], [139.8107486, 35.5283431], [139.8257047, 35.5416491], [139.8257329, 35.5416743], [139.8247727, 35.5423943], [139.8247358, 35.5424741], [139.8244298, 35.542706], [139.8243342, 35.542726], [139.823136, 35.543627], [139.8231042, 35.5435987], [139.8211865, 35.5418911], [139.8208198, 35.5421731], [139.8199058, 35.5421403], [139.8186366, 35.5410042], [139.8171629, 35.5397127], [139.8153459, 35.5381423], [139.8096994, 35.5330878]]]}}, {"type": "Feature", "properties": {"name": "大阪伊丹機場", "name_en": "Osaka Itami Airport", "icao": "RJOO", "iata": "ITM"}, "geometry": {"type": "Polygon", "coordinates": [[[135.4285268, 34.7974644], [135.4283876, 34.79734], [135.4278695, 34.7974498], [135.4278575, 34.7974266], [135.4277395, 34.7974458], [135.4273836, 34.7974299], [135.427133, 34.7973763], [135.4270514, 34.7973303], [135.4269997, 34.7972849], [135.4269091, 34.797213], [135.4268202, 34.7971192], [135.4267257, 34.7969933], [135.4266639, 34.7968963], [135.4266301, 34.7967263], [135.4265507, 34.7964111], [135.4265167, 34.7961619], [135.4264921, 34.7960455], [135.4265242, 34.7956674], [135.426581, 34.7954671], [135.4267691, 34.7950975], [135.4269554, 34.7947621], [135.4269875, 34.7946309], [135.4269705, 34.7944096], [135.4269081, 34.7940789], [135.4268362, 34.7938467], [135.426736, 34.7933452], [135.4266405, 34.7930393], [135.4265677, 34.792846], [135.4265318, 34.7925207], [135.4265271, 34.7921239], [135.4265422, 34.7914733], [135.4265621, 34.7912008], [135.4265339, 34.790821], [135.4265274, 34.7905104], [135.426533, 34.7896337], [135.427386, 34.7886938], [135.4285513, 34.7877812], [135.4289315, 34.7875475], [135.4291614, 34.787441], [135.4293005, 34.7873784], [135.4293763, 34.7870791], [135.4297649, 34.7868477], [135.4298859, 34.7868112], [135.4320821, 34.7864587], [135.4321527, 34.7864325], [135.4322107, 34.7863929], [135.4322798, 34.7863139], [135.4327241, 34.7856338], [135.4331523, 34.7849679], [135.4332646, 34.7847855], [135.4333078, 34.7846882], [135.4333312, 34.7845666], [135.4333102, 34.7836269], [135.433315, 34.7834483], [135.4333263, 34.7833311], [135.4333849, 34.7832231], [135.4336383, 34.7829614], [135.433643, 34.7827852], [135.433852, 34.7827137], [135.4344438, 34.7826998], [135.434683, 34.7826625], [135.4353664, 34.7826398], [135.4359266, 34.7826134], [135.4369542, 34.7826047], [135.4369535, 34.7825645], [135.4369525, 34.7825031], [135.4369518, 34.7824506], [135.4369979, 34.7824458], [135.4370399, 34.782436], [135.4370778, 34.7824252], [135.437147, 34.7824002], [135.4372094, 34.7823734], [135.4372664, 34.7823444], [135.4374122, 34.782222], [135.4400729, 34.780062], [135.4416626, 34.7787409], [135.4449437, 34.7760382], [135.4449651, 34.7759855], [135.4449851, 34.7758603], [135.4448848, 34.7756099], [135.4454183, 34.7756505], [135.4460914, 34.775088], [135.4460829, 34.7750678], [135.4475275, 34.7738944], [135.4474969, 34.7734563], [135.4474553, 34.7733297], [135.4480944, 34.7727931], [135.4504086, 34.7699317], [135.4513576, 34.7707069], [135.4522596, 34.769977], [135.4523475, 34.7701023], [135.452369, 34.7701357], [135.4524131, 34.7701738], [135.4524944, 34.7703805], [135.4525256, 34.7705668], [135.4525738, 34.7706538], [135.4527988, 34.7708689], [135.4531681, 34.7712124], [135.4538016, 34.7717933], [135.4540502, 34.7720014], [135.4541334, 34.7721552], [135.4540843, 34.7721738], [135.4541911, 34.7723982], [135.4542195, 34.7725636], [135.4542213, 34.77267], [135.454192, 34.77267], [135.4541845, 34.7727702], [135.4542015, 34.7728145], [135.4541353, 34.7730086], [135.4541958, 34.7730273], [135.4541353, 34.7731375], [135.4539245, 34.7734435], [135.4537316, 34.7737277], [135.4535548, 34.7740027], [135.4534811, 34.7740927], [135.4533913, 34.7742007], [135.4531095, 34.7744282], [135.4526349, 34.774801], [135.4525527, 34.7749734], [135.452513, 34.7749571], [135.4524165, 34.7751473], [135.4522757, 34.7753671], [135.4522246, 34.7764372], [135.4521887, 34.7767983], [135.4521414, 34.7770103], [135.4520866, 34.7771345], [135.451888, 34.7772099], [135.4513406, 34.777317], [135.4501853, 34.7775438], [135.4497882, 34.7775671], [135.4492125, 34.7777861], [135.449204, 34.7777713], [135.4487956, 34.7779282], [135.4474606, 34.7790277], [135.447454, 34.7791101], [135.4473793, 34.7791054], [135.4473453, 34.7791225], [135.4473784, 34.7792514], [135.4474682, 34.779722], [135.4474625, 34.7797825], [135.447419, 34.7798276], [135.4472209, 34.7799952], [135.4464456, 34.7806511], [135.4463819, 34.7807109], [135.4463346, 34.7807931], [135.446331, 34.7809156], [135.446311, 34.7820166], [135.4462656, 34.7820663], [135.4463904, 34.7820616], [135.4463984, 34.7821866], [135.4454889, 34.7822064], [135.4454903, 34.7823761], [135.4455993, 34.7823737], [135.4455652, 34.7823992], [135.4454968, 34.7824527], [135.445527, 34.7825024], [135.4447556, 34.7830793], [135.4447196, 34.7831414], [135.4447401, 34.7835068], [135.4447806, 34.7843425], [135.4447849, 34.7861698], [135.4447872, 34.7861863], [135.4447971, 34.7862017], [135.4448108, 34.7862148], [135.4448227, 34.7862252], [135.4452153, 34.7865519], [135.4452346, 34.7865689], [135.4452519, 34.7865815], [135.4452698, 34.7865896], [135.4452891, 34.7865901], [135.4453163, 34.7865907], [135.4458323, 34.7865855], [135.4458322, 34.7865563], [135.4460291, 34.7865557], [135.4460304, 34.786583], [135.4460833, 34.7865813], [135.4461628, 34.7865802], [135.4461615, 34.7865145], [135.4463656, 34.7865119], [135.44638, 34.7865696], [135.4470625, 34.7865695], [135.44719, 34.7865751], [135.4473335, 34.7866081], [135.4474844, 34.7866659], [135.4476116, 34.7867672], [135.4476956, 34.7868934], [135.4477324, 34.7870087], [135.4477304, 34.7872346], [135.447711, 34.7878028], [135.4477155, 34.7879799], [135.4477313, 34.7886714], [135.4470164, 34.789556], [135.4459521, 34.7895367], [135.4458628, 34.7895395], [135.445756, 34.7895499], [135.4456728, 34.7895614], [135.4456249, 34.7895709], [135.4455805, 34.7895814], [135.4455192, 34.7896003], [135.4454523, 34.7896275], [135.445393, 34.7896596], [135.4453404, 34.7896939], [135.4452975, 34.7897265], [135.4452228, 34.7897926], [135.4451548, 34.789863], [135.4450316, 34.7900027], [135.4447239, 34.7903661], [135.4434909, 34.7918067], [135.4426684, 34.7927651], [135.4419749, 34.7935854], [135.441525, 34.7941076], [135.4415359, 34.7942957], [135.4414688, 34.7942649], [135.4413669, 34.7943832], [135.4412153, 34.7943673], [135.4404885, 34.7940908], [135.4403356, 34.7940325], [135.4401349, 34.7941772], [135.4364785, 34.7972612], [135.436618, 34.7973805], [135.4364782, 34.7974988], [135.4366757, 34.797658], [135.4366341, 34.7976381], [135.4365724, 34.7976238], [135.4364879, 34.7976249], [135.4364155, 34.7976425], [135.4363552, 34.7976723], [135.4355264, 34.7983749], [135.4354808, 34.798409], [135.4354379, 34.7984311], [135.4353772, 34.798449], [135.4353105, 34.7984509], [135.4346158, 34.7984255], [135.4341601, 34.7984552], [135.4340755, 34.7982943], [135.4340334, 34.7982557], [135.4339947, 34.7982375], [135.4333856, 34.7982324], [135.4331097, 34.7981579], [135.4328495, 34.7980588], [135.4324955, 34.7979002], [135.4320475, 34.7976624], [135.4319188, 34.7975655], [135.4313151, 34.7975128], [135.4312989, 34.7975384], [135.4310387, 34.7975444], [135.4310454, 34.7976464], [135.4310599, 34.7976457], [135.4311993, 34.7979082], [135.4311805, 34.7979169], [135.431203, 34.7979517], [135.431021, 34.7981045], [135.4307904, 34.7981176], [135.4307425, 34.797845], [135.4303407, 34.7978529], [135.4301754, 34.7978633], [135.429937, 34.7978542], [135.4297995, 34.7969892], [135.429328, 34.7973812], [135.4292461, 34.7974392], [135.4291734, 34.797486], [135.4291276, 34.7975068], [135.4290751, 34.7975254], [135.4290082, 34.797547], [135.4289355, 34.7975552], [135.4288515, 34.7975563], [135.4287749, 34.7975529], [135.4286608, 34.7975317], [135.4285268, 34.7974644]]]}}]}